-- phpMyAdmin SQL Dump
-- version 4.4.15.10
-- https://www.phpmyadmin.net
--
-- Host: localhost
-- Generation Time: 20 Jul 2019 pada 02.14
-- Versi Server: 5.6.37-log
-- PHP Version: 5.4.16

SET SQL_MODE = "NO_AUTO_VALUE_ON_ZERO";
SET time_zone = "+00:00";


/*!40101 SET @OLD_CHARACTER_SET_CLIENT=@@CHARACTER_SET_CLIENT */;
/*!40101 SET @OLD_CHARACTER_SET_RESULTS=@@CHARACTER_SET_RESULTS */;
/*!40101 SET @OLD_COLLATION_CONNECTION=@@COLLATION_CONNECTION */;
/*!40101 SET NAMES utf8mb4 */;

--
-- Database: `sikesmavet`
--

-- --------------------------------------------------------

--
-- Struktur dari tabel `accessrole`
--

CREATE TABLE IF NOT EXISTS `accessrole` (
  `id` int(11) NOT NULL,
  `roleName` varchar(60) NOT NULL,
  `roleDescription` varchar(250) DEFAULT NULL,
  `ruleSettings` text,
  `dateCreate` datetime NOT NULL,
  `dateUpdate` datetime NOT NULL
) ENGINE=InnoDB AUTO_INCREMENT=7 DEFAULT CHARSET=latin1;

--
-- Dumping data untuk tabel `accessrole`
--

INSERT INTO `accessrole` (`id`, `roleName`, `roleDescription`, `ruleSettings`, `dateCreate`, `dateUpdate`) VALUES
(1, 'Administrator', 'admin', 'NULL', '0000-00-00 00:00:00', '0000-00-00 00:00:00'),
(2, 'Admin Kesmavet', 'admin kesmavet', 'NULL', '0000-00-00 00:00:00', '0000-00-00 00:00:00'),
(3, 'Admin Dinas Prov', 'admin Dinas Provinsi', 'NULL', '0000-00-00 00:00:00', '0000-00-00 00:00:00'),
(4, 'Admin Dinas Kab/Kota', 'Admin Dinas Kab/Kota', 'NULL', '0000-00-00 00:00:00', '0000-00-00 00:00:00'),
(5, 'Otovet', 'otovet', 'NULL', '0000-00-00 00:00:00', '0000-00-00 00:00:00'),
(6, 'Pelaku Usaha', 'Pelaku Usaha', 'NULL', '0000-00-00 00:00:00', '0000-00-00 00:00:00');

-- --------------------------------------------------------

--
-- Struktur dari tabel `AlamatOrang`
--

CREATE TABLE IF NOT EXISTS `AlamatOrang` (
  `idAlamatOrang` int(11) NOT NULL,
  `Jalan` varchar(45) DEFAULT NULL,
  `NomorRumah` int(11) DEFAULT NULL,
  `RT` int(11) DEFAULT NULL,
  `RW` varchar(45) DEFAULT NULL,
  `TMT` date DEFAULT NULL,
  `idOrang` int(11) NOT NULL,
  `idVillage` int(11) unsigned NOT NULL
) ENGINE=InnoDB DEFAULT CHARSET=utf8;

-- --------------------------------------------------------

--
-- Struktur dari tabel `CheckListSyaratSRTKPH`
--

CREATE TABLE IF NOT EXISTS `CheckListSyaratSRTKPH` (
  `idCheckListSyaratSRTKPH` int(11) NOT NULL,
  `SyaratAda` bit(1) DEFAULT NULL,
  `SyaratTerpenuhi` bit(1) DEFAULT NULL,
  `TanggalKeluarRekomendasi` date DEFAULT NULL,
  `SyaratSRTKPH_idSyaratSRTKPH` int(11) NOT NULL,
  `PengajuanSRTKPH_idPengajuanSRTKPH` int(11) NOT NULL
) ENGINE=InnoDB AUTO_INCREMENT=158 DEFAULT CHARSET=utf8;

--
-- Dumping data untuk tabel `CheckListSyaratSRTKPH`
--

INSERT INTO `CheckListSyaratSRTKPH` (`idCheckListSyaratSRTKPH`, `SyaratAda`, `SyaratTerpenuhi`, `TanggalKeluarRekomendasi`, `SyaratSRTKPH_idSyaratSRTKPH`, `PengajuanSRTKPH_idPengajuanSRTKPH`) VALUES
(1, NULL, NULL, NULL, 1, 1),
(2, NULL, NULL, NULL, 2, 1),
(3, NULL, NULL, NULL, 3, 1),
(4, NULL, NULL, NULL, 4, 1),
(5, NULL, NULL, NULL, 1, 4),
(6, NULL, NULL, NULL, 2, 4),
(7, NULL, NULL, NULL, 3, 4),
(8, NULL, NULL, NULL, 4, 4),
(9, NULL, NULL, NULL, 1, 12),
(10, NULL, NULL, NULL, 2, 12),
(11, NULL, NULL, NULL, 3, 12),
(12, NULL, NULL, NULL, 4, 12),
(13, NULL, NULL, NULL, 1, 10),
(14, NULL, NULL, NULL, 3, 10),
(15, NULL, NULL, NULL, 4, 10),
(16, NULL, NULL, NULL, 1, 6),
(17, NULL, NULL, NULL, 2, 6),
(18, NULL, NULL, NULL, 3, 6),
(19, NULL, NULL, NULL, 4, 6),
(20, NULL, NULL, NULL, 1, 11),
(21, NULL, NULL, NULL, 2, 11),
(22, NULL, NULL, NULL, 3, 11),
(23, NULL, NULL, NULL, 4, 11),
(24, NULL, NULL, NULL, 2, 10),
(25, NULL, NULL, NULL, 1, 20),
(26, NULL, NULL, NULL, 2, 20),
(27, NULL, NULL, NULL, 3, 20),
(28, NULL, NULL, NULL, 4, 20),
(29, NULL, NULL, NULL, 1, 21),
(30, NULL, NULL, NULL, 2, 21),
(31, NULL, NULL, NULL, 3, 21),
(32, NULL, NULL, NULL, 4, 21),
(33, NULL, NULL, NULL, 1, 7),
(34, NULL, NULL, NULL, 2, 7),
(35, NULL, NULL, NULL, 3, 7),
(36, NULL, NULL, NULL, 4, 7),
(37, NULL, NULL, NULL, 1, 18),
(38, NULL, NULL, NULL, 2, 18),
(39, NULL, NULL, NULL, 3, 18),
(40, NULL, NULL, NULL, 4, 18),
(41, NULL, NULL, NULL, 1, 14),
(42, NULL, NULL, NULL, 2, 14),
(43, NULL, NULL, NULL, 3, 14),
(44, NULL, NULL, NULL, 4, 14),
(45, NULL, NULL, NULL, 1, 23),
(46, NULL, NULL, NULL, 2, 23),
(47, NULL, NULL, NULL, 3, 23),
(48, NULL, NULL, NULL, 4, 23),
(49, NULL, NULL, NULL, 1, 26),
(50, NULL, NULL, NULL, 2, 26),
(51, NULL, NULL, NULL, 3, 26),
(52, NULL, NULL, NULL, 4, 26),
(53, NULL, NULL, NULL, 1, 19),
(54, NULL, NULL, NULL, 2, 19),
(55, NULL, NULL, NULL, 3, 19),
(56, NULL, NULL, NULL, 4, 19),
(57, NULL, NULL, NULL, 1, 15),
(58, NULL, NULL, NULL, 2, 15),
(59, NULL, NULL, NULL, 3, 15),
(60, NULL, NULL, NULL, 4, 15),
(61, NULL, NULL, NULL, 1, 17),
(62, NULL, NULL, NULL, 2, 17),
(63, NULL, NULL, NULL, 3, 17),
(64, NULL, NULL, NULL, 4, 17),
(65, NULL, NULL, NULL, 1, 16),
(66, NULL, NULL, NULL, 2, 16),
(67, NULL, NULL, NULL, 3, 16),
(68, NULL, NULL, NULL, 4, 16),
(69, NULL, NULL, NULL, 1, 9),
(70, NULL, NULL, NULL, 2, 9),
(71, NULL, NULL, NULL, 3, 9),
(72, NULL, NULL, NULL, 4, 9),
(73, NULL, NULL, NULL, 1, 8),
(74, NULL, NULL, NULL, 2, 8),
(75, NULL, NULL, NULL, 3, 8),
(76, NULL, NULL, NULL, 4, 8),
(77, NULL, NULL, NULL, 1, 25),
(78, NULL, NULL, NULL, 2, 25),
(79, NULL, NULL, NULL, 3, 25),
(80, NULL, NULL, NULL, 4, 25),
(81, NULL, NULL, NULL, 1, 13),
(82, NULL, NULL, NULL, 2, 13),
(83, NULL, NULL, NULL, 3, 13),
(84, NULL, NULL, NULL, 4, 13),
(85, NULL, NULL, NULL, 1, 28),
(86, NULL, NULL, NULL, 2, 28),
(87, NULL, NULL, NULL, 3, 28),
(88, NULL, NULL, NULL, 4, 28),
(89, NULL, NULL, NULL, 1, 29),
(90, NULL, NULL, NULL, 2, 29),
(91, NULL, NULL, NULL, 3, 29),
(92, NULL, NULL, NULL, 4, 29),
(93, NULL, NULL, NULL, 1, 31),
(94, NULL, NULL, NULL, 2, 31),
(95, NULL, NULL, NULL, 3, 31),
(96, NULL, NULL, NULL, 4, 31),
(97, NULL, NULL, NULL, 1, 30),
(98, NULL, NULL, NULL, 2, 30),
(99, NULL, NULL, NULL, 3, 30),
(100, NULL, NULL, NULL, 4, 30),
(101, NULL, NULL, NULL, 1, 24),
(102, NULL, NULL, NULL, 2, 24),
(103, NULL, NULL, NULL, 3, 24),
(104, NULL, NULL, NULL, 4, 24),
(105, NULL, NULL, NULL, 1, 33),
(106, NULL, NULL, NULL, 2, 33),
(107, NULL, NULL, NULL, 3, 33),
(108, NULL, NULL, NULL, 4, 33),
(109, NULL, NULL, NULL, 1, 34),
(110, NULL, NULL, NULL, 2, 34),
(111, NULL, NULL, NULL, 3, 34),
(112, NULL, NULL, NULL, 4, 34),
(113, NULL, NULL, NULL, 1, 22),
(114, NULL, NULL, NULL, 2, 22),
(115, NULL, NULL, NULL, 3, 22),
(116, NULL, NULL, NULL, 4, 22),
(117, NULL, NULL, NULL, 1, 35),
(118, NULL, NULL, NULL, 2, 35),
(119, NULL, NULL, NULL, 3, 35),
(120, NULL, NULL, NULL, 4, 35),
(121, NULL, NULL, NULL, 1, 36),
(122, NULL, NULL, NULL, 2, 36),
(123, NULL, NULL, NULL, 3, 36),
(124, NULL, NULL, NULL, 4, 36),
(125, NULL, NULL, NULL, 1, 27),
(126, NULL, NULL, NULL, 2, 27),
(127, NULL, NULL, NULL, 3, 27),
(128, NULL, NULL, NULL, 4, 27),
(129, NULL, NULL, NULL, 1, 32),
(130, NULL, NULL, NULL, 2, 32),
(131, NULL, NULL, NULL, 3, 32),
(132, NULL, NULL, NULL, 4, 32),
(133, NULL, NULL, NULL, 1, 37),
(134, NULL, NULL, NULL, 2, 37),
(135, NULL, NULL, NULL, 3, 37),
(136, NULL, NULL, NULL, 4, 37),
(137, NULL, NULL, NULL, 1, 39),
(138, NULL, NULL, NULL, 2, 39),
(139, NULL, NULL, NULL, 3, 39),
(140, NULL, NULL, NULL, 4, 39),
(141, NULL, NULL, NULL, 1, 5),
(142, NULL, NULL, NULL, 2, 5),
(143, NULL, NULL, NULL, 3, 5),
(144, NULL, NULL, NULL, 4, 5),
(145, NULL, NULL, NULL, 1, 40),
(146, NULL, NULL, NULL, 2, 40),
(147, NULL, NULL, NULL, 3, 40),
(148, NULL, NULL, NULL, 4, 40),
(149, NULL, NULL, NULL, 2, 41),
(150, NULL, NULL, NULL, 3, 41),
(151, NULL, NULL, NULL, 4, 41),
(152, NULL, NULL, NULL, 2, 42),
(153, NULL, NULL, NULL, 3, 42),
(154, NULL, NULL, NULL, 4, 42),
(155, NULL, NULL, NULL, 2, 43),
(156, NULL, NULL, NULL, 3, 43),
(157, NULL, NULL, NULL, 4, 43);

-- --------------------------------------------------------

--
-- Struktur dari tabel `CheckListSyaratSRTMPH`
--

CREATE TABLE IF NOT EXISTS `CheckListSyaratSRTMPH` (
  `idCheckListSyaratSRTMPH` int(11) NOT NULL,
  `SyaratAda` bit(1) DEFAULT NULL,
  `SyaratTerpenuhi` bit(1) DEFAULT NULL,
  `SyaratSRTMPH_idPersyaratanSRTMPH` int(11) NOT NULL,
  `PengajuanSRTMPH_idPengajuanSRTMPH` int(11) NOT NULL,
  `TanggalKeluarRekomendasi` date DEFAULT NULL
) ENGINE=InnoDB AUTO_INCREMENT=314 DEFAULT CHARSET=utf8;

--
-- Dumping data untuk tabel `CheckListSyaratSRTMPH`
--

INSERT INTO `CheckListSyaratSRTMPH` (`idCheckListSyaratSRTMPH`, `SyaratAda`, `SyaratTerpenuhi`, `SyaratSRTMPH_idPersyaratanSRTMPH`, `PengajuanSRTMPH_idPengajuanSRTMPH`, `TanggalKeluarRekomendasi`) VALUES
(33, NULL, NULL, 1, 20, NULL),
(34, NULL, NULL, 2, 20, NULL),
(35, NULL, NULL, 3, 20, NULL),
(36, NULL, NULL, 4, 20, NULL),
(37, NULL, NULL, 5, 20, NULL),
(38, NULL, NULL, 1, 21, NULL),
(39, NULL, NULL, 2, 21, NULL),
(40, NULL, NULL, 3, 21, NULL),
(41, NULL, NULL, 4, 21, NULL),
(42, NULL, NULL, 5, 21, NULL),
(43, NULL, NULL, 1, 22, NULL),
(44, NULL, NULL, 2, 22, NULL),
(45, NULL, NULL, 3, 22, NULL),
(46, NULL, NULL, 4, 22, NULL),
(47, NULL, NULL, 5, 22, NULL),
(49, NULL, NULL, 1, 25, NULL),
(50, NULL, NULL, 2, 25, NULL),
(51, NULL, NULL, 3, 25, NULL),
(52, NULL, NULL, 4, 25, NULL),
(53, NULL, NULL, 5, 25, NULL),
(54, NULL, NULL, 1, 26, NULL),
(55, NULL, NULL, 2, 26, NULL),
(56, NULL, NULL, 3, 26, NULL),
(57, NULL, NULL, 4, 26, NULL),
(58, NULL, NULL, 5, 26, NULL),
(59, NULL, NULL, 1, 27, NULL),
(60, NULL, NULL, 2, 27, NULL),
(61, NULL, NULL, 3, 27, NULL),
(62, NULL, NULL, 4, 27, NULL),
(63, NULL, NULL, 5, 27, NULL),
(64, NULL, NULL, 1, 29, NULL),
(65, NULL, NULL, 2, 29, NULL),
(66, NULL, NULL, 3, 29, NULL),
(67, NULL, NULL, 4, 29, NULL),
(68, NULL, NULL, 5, 29, NULL),
(69, NULL, NULL, 1, 30, NULL),
(70, NULL, NULL, 2, 30, NULL),
(71, NULL, NULL, 3, 30, NULL),
(72, NULL, NULL, 4, 30, NULL),
(73, NULL, NULL, 5, 30, NULL),
(74, NULL, NULL, 1, 31, NULL),
(75, NULL, NULL, 2, 31, NULL),
(76, NULL, NULL, 3, 31, NULL),
(77, NULL, NULL, 4, 31, NULL),
(78, NULL, NULL, 5, 31, NULL),
(79, NULL, NULL, 1, 50, NULL),
(80, NULL, NULL, 2, 50, NULL),
(81, NULL, NULL, 3, 50, NULL),
(82, NULL, NULL, 4, 50, NULL),
(83, NULL, NULL, 5, 50, NULL),
(84, NULL, NULL, 1, 32, NULL),
(85, NULL, NULL, 2, 32, NULL),
(86, NULL, NULL, 3, 32, NULL),
(87, NULL, NULL, 4, 32, NULL),
(88, NULL, NULL, 5, 32, NULL),
(89, NULL, NULL, 1, 48, NULL),
(90, NULL, NULL, 2, 48, NULL),
(91, NULL, NULL, 3, 48, NULL),
(92, NULL, NULL, 4, 48, NULL),
(93, NULL, NULL, 5, 48, NULL),
(94, NULL, NULL, 1, 52, NULL),
(95, NULL, NULL, 2, 52, NULL),
(96, NULL, NULL, 3, 52, NULL),
(97, NULL, NULL, 4, 52, NULL),
(98, NULL, NULL, 5, 52, NULL),
(99, NULL, NULL, 2, 37, NULL),
(100, NULL, NULL, 1, 63, NULL),
(101, NULL, NULL, 2, 63, NULL),
(102, NULL, NULL, 3, 63, NULL),
(103, NULL, NULL, 4, 63, NULL),
(104, NULL, NULL, 5, 63, NULL),
(105, NULL, NULL, 1, 49, NULL),
(106, NULL, NULL, 2, 49, NULL),
(107, NULL, NULL, 3, 49, NULL),
(108, NULL, NULL, 4, 49, NULL),
(109, NULL, NULL, 5, 49, NULL),
(110, NULL, NULL, 1, 36, NULL),
(111, NULL, NULL, 2, 36, NULL),
(112, NULL, NULL, 3, 36, NULL),
(113, NULL, NULL, 4, 36, NULL),
(114, NULL, NULL, 5, 36, NULL),
(115, NULL, NULL, 4, 38, NULL),
(116, NULL, NULL, 1, 37, NULL),
(117, NULL, NULL, 3, 37, NULL),
(118, NULL, NULL, 5, 37, NULL),
(119, NULL, NULL, 1, 56, NULL),
(120, NULL, NULL, 2, 56, NULL),
(121, NULL, NULL, 3, 56, NULL),
(122, NULL, NULL, 4, 56, NULL),
(123, NULL, NULL, 5, 56, NULL),
(124, NULL, NULL, 1, 39, NULL),
(125, NULL, NULL, 2, 39, NULL),
(126, NULL, NULL, 3, 39, NULL),
(127, NULL, NULL, 4, 39, NULL),
(128, NULL, NULL, 5, 39, NULL),
(129, NULL, NULL, 1, 41, NULL),
(130, NULL, NULL, 2, 41, NULL),
(131, NULL, NULL, 3, 41, NULL),
(132, NULL, NULL, 4, 41, NULL),
(133, NULL, NULL, 5, 41, NULL),
(134, NULL, NULL, 1, 55, NULL),
(135, NULL, NULL, 2, 55, NULL),
(136, NULL, NULL, 3, 55, NULL),
(137, NULL, NULL, 4, 55, NULL),
(138, NULL, NULL, 5, 55, NULL),
(139, NULL, NULL, 1, 67, NULL),
(140, NULL, NULL, 2, 67, NULL),
(141, NULL, NULL, 3, 67, NULL),
(142, NULL, NULL, 4, 67, NULL),
(143, NULL, NULL, 5, 67, NULL),
(144, NULL, NULL, 4, 37, NULL),
(145, NULL, NULL, 1, 45, NULL),
(146, NULL, NULL, 2, 45, NULL),
(147, NULL, NULL, 3, 45, NULL),
(148, NULL, NULL, 4, 45, NULL),
(149, NULL, NULL, 5, 45, NULL),
(150, NULL, NULL, 1, 34, NULL),
(151, NULL, NULL, 2, 34, NULL),
(152, NULL, NULL, 3, 34, NULL),
(153, NULL, NULL, 4, 34, NULL),
(154, NULL, NULL, 5, 34, NULL),
(155, NULL, NULL, 1, 51, NULL),
(156, NULL, NULL, 2, 51, NULL),
(157, NULL, NULL, 3, 51, NULL),
(158, NULL, NULL, 4, 51, NULL),
(159, NULL, NULL, 5, 51, NULL),
(160, NULL, NULL, 1, 64, NULL),
(161, NULL, NULL, 2, 64, NULL),
(162, NULL, NULL, 3, 64, NULL),
(163, NULL, NULL, 4, 64, NULL),
(164, NULL, NULL, 5, 64, NULL),
(165, NULL, NULL, 1, 59, NULL),
(166, NULL, NULL, 2, 59, NULL),
(167, NULL, NULL, 3, 59, NULL),
(168, NULL, NULL, 4, 59, NULL),
(169, NULL, NULL, 5, 59, NULL),
(170, NULL, NULL, 1, 53, NULL),
(171, NULL, NULL, 2, 53, NULL),
(172, NULL, NULL, 3, 53, NULL),
(173, NULL, NULL, 4, 53, NULL),
(174, NULL, NULL, 5, 53, NULL),
(175, NULL, NULL, 1, 62, NULL),
(176, NULL, NULL, 2, 62, NULL),
(177, NULL, NULL, 3, 62, NULL),
(178, NULL, NULL, 4, 62, NULL),
(179, NULL, NULL, 5, 62, NULL),
(180, NULL, NULL, 1, 33, NULL),
(181, NULL, NULL, 2, 33, NULL),
(182, NULL, NULL, 3, 33, NULL),
(183, NULL, NULL, 4, 33, NULL),
(184, NULL, NULL, 5, 33, NULL),
(185, NULL, NULL, 1, 44, NULL),
(186, NULL, NULL, 2, 44, NULL),
(187, NULL, NULL, 3, 44, NULL),
(188, NULL, NULL, 4, 44, NULL),
(189, NULL, NULL, 5, 44, NULL),
(190, NULL, NULL, 1, 70, NULL),
(191, NULL, NULL, 2, 70, NULL),
(192, NULL, NULL, 3, 70, NULL),
(193, NULL, NULL, 4, 70, NULL),
(194, NULL, NULL, 5, 70, NULL),
(195, NULL, NULL, 1, 42, NULL),
(196, NULL, NULL, 2, 42, NULL),
(197, NULL, NULL, 3, 42, NULL),
(198, NULL, NULL, 4, 42, NULL),
(199, NULL, NULL, 5, 42, NULL),
(200, NULL, NULL, 1, 47, NULL),
(201, NULL, NULL, 2, 47, NULL),
(202, NULL, NULL, 3, 47, NULL),
(203, NULL, NULL, 4, 47, NULL),
(204, NULL, NULL, 5, 47, NULL),
(205, NULL, NULL, 1, 54, NULL),
(206, NULL, NULL, 2, 54, NULL),
(207, NULL, NULL, 3, 54, NULL),
(208, NULL, NULL, 4, 54, NULL),
(209, NULL, NULL, 5, 54, NULL),
(210, NULL, NULL, 1, 43, NULL),
(211, NULL, NULL, 2, 43, NULL),
(212, NULL, NULL, 3, 43, NULL),
(213, NULL, NULL, 4, 43, NULL),
(214, NULL, NULL, 5, 43, NULL),
(215, NULL, NULL, 1, 40, NULL),
(216, NULL, NULL, 2, 40, NULL),
(217, NULL, NULL, 4, 40, NULL),
(218, NULL, NULL, 5, 40, NULL),
(219, NULL, NULL, 1, 60, NULL),
(220, NULL, NULL, 1, 58, NULL),
(221, NULL, NULL, 2, 58, NULL),
(222, NULL, NULL, 3, 58, NULL),
(223, NULL, NULL, 4, 58, NULL),
(224, NULL, NULL, 5, 58, NULL),
(225, NULL, NULL, 1, 73, NULL),
(226, NULL, NULL, 2, 73, NULL),
(227, NULL, NULL, 3, 73, NULL),
(228, NULL, NULL, 4, 73, NULL),
(229, NULL, NULL, 5, 73, NULL),
(230, NULL, NULL, 1, 74, NULL),
(231, NULL, NULL, 2, 74, NULL),
(232, NULL, NULL, 3, 74, NULL),
(233, NULL, NULL, 4, 74, NULL),
(234, NULL, NULL, 5, 74, NULL),
(235, NULL, NULL, 1, 46, NULL),
(236, NULL, NULL, 2, 46, NULL),
(237, NULL, NULL, 3, 46, NULL),
(238, NULL, NULL, 4, 46, NULL),
(239, NULL, NULL, 5, 46, NULL),
(240, NULL, NULL, 2, 60, NULL),
(241, NULL, NULL, 3, 60, NULL),
(242, NULL, NULL, 4, 60, NULL),
(243, NULL, NULL, 5, 60, NULL),
(244, NULL, NULL, 1, 65, NULL),
(245, NULL, NULL, 2, 65, NULL),
(246, NULL, NULL, 3, 65, NULL),
(247, NULL, NULL, 4, 65, NULL),
(248, NULL, NULL, 5, 65, NULL),
(249, NULL, NULL, 1, 68, NULL),
(250, NULL, NULL, 2, 68, NULL),
(251, NULL, NULL, 3, 68, NULL),
(252, NULL, NULL, 4, 68, NULL),
(253, NULL, NULL, 5, 68, NULL),
(254, NULL, NULL, 1, 69, NULL),
(255, NULL, NULL, 2, 69, NULL),
(256, NULL, NULL, 3, 69, NULL),
(257, NULL, NULL, 4, 69, NULL),
(258, NULL, NULL, 5, 69, NULL),
(259, NULL, NULL, 3, 40, NULL),
(260, NULL, NULL, 1, 57, NULL),
(261, NULL, NULL, 1, 61, NULL),
(262, NULL, NULL, 2, 61, NULL),
(263, NULL, NULL, 4, 61, NULL),
(264, NULL, NULL, 5, 61, NULL),
(265, NULL, NULL, 3, 61, NULL),
(266, NULL, NULL, 2, 57, NULL),
(267, NULL, NULL, 3, 57, NULL),
(268, NULL, NULL, 4, 57, NULL),
(269, NULL, NULL, 5, 57, NULL),
(270, NULL, NULL, 1, 38, NULL),
(271, NULL, NULL, 2, 38, NULL),
(272, NULL, NULL, 3, 38, NULL),
(273, NULL, NULL, 5, 38, NULL),
(274, NULL, NULL, 4, 66, NULL),
(275, NULL, NULL, 1, 66, NULL),
(276, NULL, NULL, 2, 66, NULL),
(277, NULL, NULL, 3, 66, NULL),
(278, NULL, NULL, 5, 66, NULL),
(279, NULL, NULL, 4, 72, NULL),
(280, NULL, NULL, 1, 72, NULL),
(281, NULL, NULL, 2, 72, NULL),
(282, NULL, NULL, 3, 72, NULL),
(283, NULL, NULL, 5, 72, NULL),
(284, NULL, NULL, 4, 75, NULL),
(285, NULL, NULL, 1, 75, NULL),
(286, NULL, NULL, 2, 75, NULL),
(287, NULL, NULL, 3, 75, NULL),
(288, NULL, NULL, 5, 75, NULL),
(289, NULL, NULL, 1, 76, NULL),
(290, NULL, NULL, 2, 76, NULL),
(291, NULL, NULL, 3, 76, NULL),
(292, NULL, NULL, 4, 76, NULL),
(293, NULL, NULL, 5, 76, NULL),
(294, NULL, NULL, 1, 80, NULL),
(295, NULL, NULL, 2, 80, NULL),
(296, NULL, NULL, 4, 80, NULL),
(297, NULL, NULL, 1, 81, NULL),
(298, NULL, NULL, 2, 81, NULL),
(299, NULL, NULL, 4, 81, NULL),
(300, NULL, NULL, 1, 82, NULL),
(301, NULL, NULL, 2, 82, NULL),
(302, NULL, NULL, 4, 82, NULL),
(303, NULL, NULL, 1, 83, NULL),
(304, NULL, NULL, 2, 83, NULL),
(305, NULL, NULL, 4, 83, NULL),
(306, NULL, NULL, 1, 86, NULL),
(307, NULL, NULL, 4, 86, NULL),
(308, NULL, NULL, 1, 84, NULL),
(309, NULL, NULL, 4, 84, NULL),
(310, NULL, NULL, 1, 85, NULL),
(311, NULL, NULL, 4, 85, NULL),
(312, NULL, NULL, 2, 87, NULL),
(313, NULL, NULL, 1, 87, NULL);

-- --------------------------------------------------------

--
-- Struktur dari tabel `CheckListSyaratSV`
--

CREATE TABLE IF NOT EXISTS `CheckListSyaratSV` (
  `idChecklistSyaratSV` int(11) NOT NULL,
  `SyaratAda` bit(1) DEFAULT NULL,
  `SyaratTerpenuhi` bit(1) DEFAULT NULL,
  `SyaratSV_idSyaratSV` int(11) NOT NULL,
  `PengajuanSV_idPengajuanSV` int(11) NOT NULL
) ENGINE=InnoDB AUTO_INCREMENT=5 DEFAULT CHARSET=utf8;

--
-- Dumping data untuk tabel `CheckListSyaratSV`
--

INSERT INTO `CheckListSyaratSV` (`idChecklistSyaratSV`, `SyaratAda`, `SyaratTerpenuhi`, `SyaratSV_idSyaratSV`, `PengajuanSV_idPengajuanSV`) VALUES
(1, NULL, NULL, 1, 7),
(2, NULL, NULL, 1, 8),
(3, NULL, NULL, 1, 9),
(4, NULL, NULL, 1, 11);

-- --------------------------------------------------------

--
-- Struktur dari tabel `cms`
--

CREATE TABLE IF NOT EXISTS `cms` (
  `id` int(11) NOT NULL,
  `url` varchar(255) CHARACTER SET utf8 NOT NULL,
  `title` varchar(255) CHARACTER SET utf8 NOT NULL,
  `content` text CHARACTER SET utf8 NOT NULL,
  `status` smallint(6) NOT NULL DEFAULT '1',
  `commentAvailable` smallint(6) NOT NULL DEFAULT '0',
  `metaTitle` text CHARACTER SET utf8 NOT NULL,
  `metaDescription` text CHARACTER SET utf8,
  `metaKeywords` text CHARACTER SET utf8,
  `createdAt` int(11) NOT NULL,
  `updatedAt` int(11) NOT NULL
) ENGINE=InnoDB DEFAULT CHARSET=utf8 COLLATE=utf8_unicode_ci;

-- --------------------------------------------------------

--
-- Struktur dari tabel `comment`
--

CREATE TABLE IF NOT EXISTS `comment` (
  `id` int(11) NOT NULL,
  `entity` char(10) CHARACTER SET utf8 NOT NULL,
  `entityId` int(11) NOT NULL,
  `content` text CHARACTER SET utf8 NOT NULL,
  `parentId` int(11) DEFAULT NULL,
  `level` smallint(6) NOT NULL DEFAULT '1',
  `createdBy` int(11) NOT NULL,
  `updatedBy` int(11) NOT NULL,
  `relatedTo` varchar(500) CHARACTER SET utf8 NOT NULL,
  `url` text CHARACTER SET utf8,
  `status` smallint(6) NOT NULL DEFAULT '1',
  `createdAt` int(11) NOT NULL,
  `updatedAt` int(11) NOT NULL
) ENGINE=InnoDB DEFAULT CHARSET=utf8 COLLATE=utf8_unicode_ci;

-- --------------------------------------------------------

--
-- Struktur dari tabel `DaftarProdukSRTKPH`
--

CREATE TABLE IF NOT EXISTS `DaftarProdukSRTKPH` (
  `idDaftarProdukSRTKPH` int(11) NOT NULL,
  `PengajuanSRTKPH` int(11) NOT NULL,
  `JenisKemasan` int(11) NOT NULL,
  `JenisProduk` int(11) NOT NULL,
  `Jumlah` double DEFAULT NULL,
  `Satuan` int(11) NOT NULL
) ENGINE=InnoDB AUTO_INCREMENT=44 DEFAULT CHARSET=utf8;

--
-- Dumping data untuk tabel `DaftarProdukSRTKPH`
--

INSERT INTO `DaftarProdukSRTKPH` (`idDaftarProdukSRTKPH`, `PengajuanSRTKPH`, `JenisKemasan`, `JenisProduk`, `Jumlah`, `Satuan`) VALUES
(1, 1, 1, 2, 10, 3),
(2, 2, 1, 1, 100, 3),
(3, 3, 1, 1, 500, 1),
(4, 4, 1, 1, 5000, 1),
(5, 5, 1, 1, 1000, 1),
(6, 6, 1, 5, 2500, 1),
(7, 7, 1, 1, 100, 1),
(8, 8, 1, 1, 10000, 1),
(9, 9, 1, 1, 1000, 1),
(10, 10, 1, 4, 100, 2),
(11, 11, 1, 1, 1000, 1),
(12, 12, 1, 1, 5000, 1),
(13, 13, 1, 1, 1000, 1),
(14, 14, 1, 4, 1000, 1),
(15, 15, 1, 6, 12, 3),
(16, 16, 1, 4, 5000, 2),
(17, 17, 1, 4, 1000, 2),
(18, 18, 1, 1, 100, 1),
(19, 19, 1, 5, 5000, 3),
(20, 20, 1, 1, 1000, 1),
(21, 21, 1, 1, 5000, 1),
(22, 22, 1, 1, 5000, 1),
(23, 23, 1, 4, 2700, 2),
(24, 24, 1, 1, 600000, 1),
(25, 25, 1, 1, 500, 1),
(26, 26, 1, 1, 5000, 1),
(27, 27, 1, 4, 10000, 1),
(28, 28, 1, 1, 5000, 1),
(29, 29, 1, 4, 500, 2),
(30, 30, 1, 4, 120, 3),
(31, 31, 1, 2, 3000, 1),
(32, 32, 1, 4, 500, 1),
(33, 33, 1, 1, 1, 3),
(34, 34, 1, 1, 5000, 1),
(35, 35, 1, 4, 200, 3),
(36, 36, 1, 1, 1000, 3),
(37, 37, 1, 1, 120, 3),
(38, 38, 1, 6, 2000, 1),
(39, 39, 1, 1, 200, 3),
(40, 40, 1, 4, 70000, 1),
(41, 41, 1, 1, 1000, 1),
(42, 42, 1, 1, 1000, 1),
(43, 43, 1, 1, 1000, 1);

-- --------------------------------------------------------

--
-- Struktur dari tabel `DaftarProdukSRTMPH`
--

CREATE TABLE IF NOT EXISTS `DaftarProdukSRTMPH` (
  `idDaftarProdukSRTMPH` int(11) NOT NULL,
  `PengajuanSRTMPH` int(11) NOT NULL,
  `JenisKemasan` int(11) NOT NULL,
  `JenisProduk` int(11) NOT NULL,
  `Jumlah` double DEFAULT NULL,
  `Satuan` int(11) NOT NULL
) ENGINE=InnoDB AUTO_INCREMENT=87 DEFAULT CHARSET=utf8;

--
-- Dumping data untuk tabel `DaftarProdukSRTMPH`
--

INSERT INTO `DaftarProdukSRTMPH` (`idDaftarProdukSRTMPH`, `PengajuanSRTMPH`, `JenisKemasan`, `JenisProduk`, `Jumlah`, `Satuan`) VALUES
(19, 20, 1, 1, 20000, 1),
(20, 21, 1, 1, 1000, 1),
(21, 22, 1, 1, 3000, 1),
(23, 24, 1, 1, 22, 1),
(24, 25, 1, 2, 10, 3),
(25, 26, 1, 1, 100, 3),
(26, 27, 1, 1, 500, 1),
(27, 28, 1, 1, 10000, 1),
(28, 29, 1, 1, 10000, 1),
(29, 30, 1, 1, 120000, 1),
(30, 31, 1, 1, 21000, 1),
(31, 32, 1, 1, 5000, 1),
(32, 33, 1, 5, 5000, 3),
(33, 34, 1, 1, 100, 1),
(34, 36, 1, 6, 12, 3),
(35, 37, 1, 4, 100, 2),
(36, 38, 1, 1, 5000, 1),
(37, 39, 1, 4, 5000, 2),
(38, 40, 1, 1, 100, 1),
(39, 41, 1, 1, 1000, 1),
(40, 42, 1, 1, 1000, 1),
(41, 43, 1, 1, 5000, 1),
(42, 44, 1, 1, 1000, 3),
(43, 45, 1, 4, 500, 1),
(44, 46, 1, 4, 120, 3),
(45, 47, 1, 1, 500, 1),
(46, 48, 1, 1, 600000, 1),
(47, 49, 1, 4, 70000, 1),
(48, 50, 1, 1, 1000, 1),
(49, 51, 1, 5, 2500, 1),
(50, 52, 1, 1, 10000, 1),
(51, 53, 1, 4, 500, 2),
(52, 54, 1, 1, 1000, 1),
(53, 55, 1, 2, 3000, 1),
(54, 56, 1, 2, 200, 1),
(55, 57, 1, 1, 1000, 1),
(56, 58, 1, 1, 5000, 1),
(57, 59, 1, 1, 5000, 1),
(58, 60, 1, 2, 300, 1),
(59, 61, 1, 1, 1, 3),
(60, 62, 1, 4, 1000, 1),
(61, 63, 1, 1, 15000, 1),
(62, 64, 1, 4, 2700, 2),
(63, 65, 1, 4, 200, 3),
(64, 66, 1, 6, 2000, 1),
(65, 67, 1, 4, 1000, 2),
(66, 68, 1, 1, 120, 3),
(67, 69, 1, 1, 200, 3),
(68, 70, 1, 4, 10000, 1),
(70, 72, 1, 1, 4000, 1),
(71, 73, 1, 1, 5000, 1),
(72, 74, 1, 1, 5000, 1),
(73, 75, 1, 1, 6000, 1),
(74, 76, 1, 1, 222, 1),
(78, 80, 1, 1, 1000, 1),
(79, 81, 1, 2, 1000, 1),
(80, 82, 1, 1, 1000, 1),
(81, 83, 1, 1, 1000, 1),
(82, 84, 2, 1, 2000, 1),
(83, 85, 1, 4, 1.5, 3),
(84, 86, 1, 1, 50, 1),
(85, 87, 6, 18, 100, 1),
(86, 88, 1, 1, 100, 1);

-- --------------------------------------------------------

--
-- Struktur dari tabel `DaftarProdukSV`
--

CREATE TABLE IF NOT EXISTS `DaftarProdukSV` (
  `idDaftarProdukSV` int(11) NOT NULL,
  `idPengajuanSV` int(11) NOT NULL,
  `JenisKemasan` int(11) NOT NULL,
  `JenisProduk` int(11) NOT NULL,
  `Jumlah` double DEFAULT NULL,
  `Satuan` int(11) NOT NULL
) ENGINE=InnoDB AUTO_INCREMENT=12 DEFAULT CHARSET=utf8;

--
-- Dumping data untuk tabel `DaftarProdukSV`
--

INSERT INTO `DaftarProdukSV` (`idDaftarProdukSV`, `idPengajuanSV`, `JenisKemasan`, `JenisProduk`, `Jumlah`, `Satuan`) VALUES
(1, 1, 1, 1, 1000, 1),
(2, 2, 1, 1, 10, 3),
(3, 3, 1, 1, 500, 1),
(4, 4, 1, 1, 2, 3),
(5, 5, 1, 1, 500, 1),
(6, 6, 1, 1, 30000, 1),
(7, 7, 1, 1, 222, 1),
(8, 8, 1, 1, 11111, 1),
(9, 9, 1, 1, 4444, 1),
(10, 10, 1, 5, 200, 1),
(11, 11, 1, 1, 100, 1);

-- --------------------------------------------------------

--
-- Struktur dari tabel `HasilUji`
--

CREATE TABLE IF NOT EXISTS `HasilUji` (
  `idHasilUji` int(11) NOT NULL,
  `HasilUji` varchar(45) DEFAULT NULL,
  `Tanggal` date DEFAULT NULL,
  `NomorHasilUji` varchar(45) DEFAULT NULL,
  `Laboratorium_idLaboratorium` int(11) NOT NULL,
  `KlienLab_idKlienLab` int(11) NOT NULL,
  `KemampuanUji_idKemampuanUji` int(11) NOT NULL
) ENGINE=InnoDB DEFAULT CHARSET=utf8;

-- --------------------------------------------------------

--
-- Struktur dari tabel `Instansi`
--

CREATE TABLE IF NOT EXISTS `Instansi` (
  `idInstansi` int(11) NOT NULL,
  `Instansi` varchar(45) DEFAULT NULL,
  `tblRegencyCity_ID` int(11) unsigned NOT NULL
) ENGINE=InnoDB AUTO_INCREMENT=2 DEFAULT CHARSET=utf8;

--
-- Dumping data untuk tabel `Instansi`
--

INSERT INTO `Instansi` (`idInstansi`, `Instansi`, `tblRegencyCity_ID`) VALUES
(1, 'Dinas Peternakan Simeulue', 1);

-- --------------------------------------------------------

--
-- Struktur dari tabel `InstansiSDM`
--

CREATE TABLE IF NOT EXISTS `InstansiSDM` (
  `idInstansiSDM` int(11) NOT NULL,
  `TMT` date DEFAULT NULL,
  `TST` date DEFAULT NULL,
  `SDM_idSDM` int(11) NOT NULL,
  `Instansi_idInstansi` int(11) NOT NULL,
  `WilayahKerja_idWilayahKerja` int(11) NOT NULL
) ENGINE=InnoDB AUTO_INCREMENT=2 DEFAULT CHARSET=utf8;

--
-- Dumping data untuk tabel `InstansiSDM`
--

INSERT INTO `InstansiSDM` (`idInstansiSDM`, `TMT`, `TST`, `SDM_idSDM`, `Instansi_idInstansi`, `WilayahKerja_idWilayahKerja`) VALUES
(1, '2011-08-01', '2018-01-01', 1, 1, 1);

-- --------------------------------------------------------

--
-- Struktur dari tabel `JenisKemasan`
--

CREATE TABLE IF NOT EXISTS `JenisKemasan` (
  `idJenisKemasan` int(11) NOT NULL,
  `JenisKemasan` varchar(45) DEFAULT NULL COMMENT '(curah,  karton,  karung, tangki,  peti)'
) ENGINE=InnoDB AUTO_INCREMENT=12 DEFAULT CHARSET=utf8;

--
-- Dumping data untuk tabel `JenisKemasan`
--

INSERT INTO `JenisKemasan` (`idJenisKemasan`, `JenisKemasan`) VALUES
(1, 'Plastik'),
(2, 'Curah'),
(3, 'Karung'),
(4, 'Peti'),
(5, 'Tangki'),
(6, 'Karton'),
(7, 'Kaca'),
(8, 'Kertas'),
(9, 'Alumnium Foil'),
(10, 'Box'),
(11, 'Krat');

-- --------------------------------------------------------

--
-- Struktur dari tabel `JenisPelatihan`
--

CREATE TABLE IF NOT EXISTS `JenisPelatihan` (
  `idJenisPelatihan` int(11) NOT NULL,
  `JenisPelatihan` varchar(45) DEFAULT NULL
) ENGINE=InnoDB AUTO_INCREMENT=2 DEFAULT CHARSET=utf8;

--
-- Dumping data untuk tabel `JenisPelatihan`
--

INSERT INTO `JenisPelatihan` (`idJenisPelatihan`, `JenisPelatihan`) VALUES
(1, 'Pelatihan Menulis');

-- --------------------------------------------------------

--
-- Struktur dari tabel `JenisProduk`
--

CREATE TABLE IF NOT EXISTS `JenisProduk` (
  `idJenisProduk` int(11) NOT NULL,
  `JenisProduk` varchar(45) DEFAULT NULL
) ENGINE=InnoDB AUTO_INCREMENT=20 DEFAULT CHARSET=utf8;

--
-- Dumping data untuk tabel `JenisProduk`
--

INSERT INTO `JenisProduk` (`idJenisProduk`, `JenisProduk`) VALUES
(1, 'Daging'),
(2, 'Ayam'),
(4, 'Susu'),
(5, 'Olahan Daging'),
(6, 'Olahan Telur'),
(7, 'Kulit'),
(8, 'Lanolin'),
(9, 'Jeroan'),
(11, 'Gelatin'),
(12, 'Kulit'),
(13, 'Bulu'),
(14, 'Tanduk'),
(15, 'Tulang'),
(16, 'Petfood'),
(17, 'Animal Thropy'),
(18, 'Telur'),
(19, 'Olahan Susu');

-- --------------------------------------------------------

--
-- Struktur dari tabel `JenisProduk_has_JenisKemasan`
--

CREATE TABLE IF NOT EXISTS `JenisProduk_has_JenisKemasan` (
  `JenisProduk_idJenisProduk` int(11) NOT NULL,
  `JenisKemasan_idJenisKemasan` int(11) NOT NULL
) ENGINE=InnoDB DEFAULT CHARSET=utf8;

-- --------------------------------------------------------

--
-- Struktur dari tabel `JenisSuratTugas`
--

CREATE TABLE IF NOT EXISTS `JenisSuratTugas` (
  `idJenisSuratTugas` int(11) NOT NULL,
  `JenisSuratTugas` varchar(45) DEFAULT NULL
) ENGINE=InnoDB AUTO_INCREMENT=2 DEFAULT CHARSET=utf8;

--
-- Dumping data untuk tabel `JenisSuratTugas`
--

INSERT INTO `JenisSuratTugas` (`idJenisSuratTugas`, `JenisSuratTugas`) VALUES
(1, 'Surat Tugas Pelatihan');

-- --------------------------------------------------------

--
-- Struktur dari tabel `Karantina`
--

CREATE TABLE IF NOT EXISTS `Karantina` (
  `idKarantina` int(11) NOT NULL
) ENGINE=InnoDB DEFAULT CHARSET=utf8;

-- --------------------------------------------------------

--
-- Struktur dari tabel `KemampuanUji`
--

CREATE TABLE IF NOT EXISTS `KemampuanUji` (
  `idKemampuanUji` int(11) NOT NULL,
  `NamaKemampuan` varchar(45) DEFAULT NULL,
  `Deskripsi` varchar(250) DEFAULT NULL
) ENGINE=InnoDB DEFAULT CHARSET=utf8;

-- --------------------------------------------------------

--
-- Struktur dari tabel `KemampuanUjiLab`
--

CREATE TABLE IF NOT EXISTS `KemampuanUjiLab` (
  `idKemampuanUjiLab` int(11) NOT NULL,
  `TanggalBerlaku` date DEFAULT NULL,
  `Laboratorium_idLaboratorium` int(11) NOT NULL,
  `TanggalBerakhir` date DEFAULT NULL,
  `MetodeKemampuanUji_idMetodeKemampuanUji` int(11) NOT NULL,
  `KemampuanUji_idKemampuanUji` int(11) NOT NULL
) ENGINE=InnoDB DEFAULT CHARSET=utf8;

-- --------------------------------------------------------

--
-- Struktur dari tabel `KlienLab`
--

CREATE TABLE IF NOT EXISTS `KlienLab` (
  `idKlienLab` int(11) NOT NULL,
  `NamaKontak` varchar(45) DEFAULT NULL,
  `Instansi` varchar(45) DEFAULT NULL,
  `email` varchar(45) DEFAULT NULL,
  `NomorKontak` varchar(45) DEFAULT NULL
) ENGINE=InnoDB DEFAULT CHARSET=utf8;

-- --------------------------------------------------------

--
-- Struktur dari tabel `Kompetensi`
--

CREATE TABLE IF NOT EXISTS `Kompetensi` (
  `idKompetensi` int(11) NOT NULL,
  `Kompetensi` varchar(45) DEFAULT NULL COMMENT 'AWO, Juleha, Butcher, AMPM'
) ENGINE=InnoDB AUTO_INCREMENT=2 DEFAULT CHARSET=utf8;

--
-- Dumping data untuk tabel `Kompetensi`
--

INSERT INTO `Kompetensi` (`idKompetensi`, `Kompetensi`) VALUES
(1, 'Menulis');

-- --------------------------------------------------------

--
-- Struktur dari tabel `KompetensiSDM`
--

CREATE TABLE IF NOT EXISTS `KompetensiSDM` (
  `idKompetensiSDM` int(11) NOT NULL,
  `SDM_idSDM` int(11) NOT NULL,
  `Kompetensi_idKompetensi` int(11) NOT NULL
) ENGINE=InnoDB AUTO_INCREMENT=2 DEFAULT CHARSET=utf8;

--
-- Dumping data untuk tabel `KompetensiSDM`
--

INSERT INTO `KompetensiSDM` (`idKompetensiSDM`, `SDM_idSDM`, `Kompetensi_idKompetensi`) VALUES
(1, 1, 1);

-- --------------------------------------------------------

--
-- Struktur dari tabel `Laboratorium`
--

CREATE TABLE IF NOT EXISTS `Laboratorium` (
  `idLaboratorium` int(11) NOT NULL,
  `NamaLab` varchar(45) DEFAULT NULL,
  `NoRegistrasiLab` varchar(45) DEFAULT NULL,
  `LingkupKerja` varchar(45) DEFAULT NULL,
  `Lingkup_idLingkup` int(11) NOT NULL,
  `PenanggungJawabTeknis_PNS_idPegawai` int(11) NOT NULL,
  `KepalaLab_PNS_idPegawai` int(11) NOT NULL,
  `tblRegencyCity_ID` int(11) unsigned NOT NULL
) ENGINE=InnoDB DEFAULT CHARSET=utf8 COMMENT='	';

-- --------------------------------------------------------

--
-- Struktur dari tabel `LaporanRealisasiSRTKPH`
--

CREATE TABLE IF NOT EXISTS `LaporanRealisasiSRTKPH` (
  `id` int(11) NOT NULL COMMENT 'ID surrogate untuk Laporan Realisasi SRTKPH pengajuan sebelumnya',
  `idSRTKPH` int(11) NOT NULL,
  `TanggalRealisasi` date DEFAULT NULL,
  `Jumlah` double DEFAULT NULL
) ENGINE=InnoDB DEFAULT CHARSET=utf8 COMMENT='Tabel ini digunakan untuk pelaporan realisasi pengiriman komoditi untuk surat SRTKPH sebelumnya. Laporan ini digunakan untuk syarat wajib pengajuan SRTKPH berikutnya.';

-- --------------------------------------------------------

--
-- Struktur dari tabel `Lingkup`
--

CREATE TABLE IF NOT EXISTS `Lingkup` (
  `idLingkup` int(11) NOT NULL,
  `NamaLingkup` varchar(45) DEFAULT NULL COMMENT 'Regional, Nasional, Kab/Kota, Provinsi (Lingkup)'
) ENGINE=InnoDB DEFAULT CHARSET=utf8;

-- --------------------------------------------------------

--
-- Struktur dari tabel `MetodeKemampuanUji`
--

CREATE TABLE IF NOT EXISTS `MetodeKemampuanUji` (
  `idMetodeKemampuanUji` int(11) NOT NULL,
  `Metode` varchar(45) DEFAULT NULL,
  `Deskripsi` varchar(250) DEFAULT NULL
) ENGINE=InnoDB DEFAULT CHARSET=utf8;

-- --------------------------------------------------------

--
-- Struktur dari tabel `migration`
--

CREATE TABLE IF NOT EXISTS `migration` (
  `version` varchar(180) NOT NULL,
  `apply_time` int(11) DEFAULT NULL
) ENGINE=InnoDB DEFAULT CHARSET=utf8;

-- --------------------------------------------------------

--
-- Struktur dari tabel `Orang`
--

CREATE TABLE IF NOT EXISTS `Orang` (
  `idOrang` int(11) NOT NULL,
  `NamaLengkap` varchar(45) DEFAULT NULL,
  `TempatLahir` varchar(45) DEFAULT NULL,
  `TanggalLahir` date DEFAULT NULL,
  `NomorKTP` varchar(45) DEFAULT NULL,
  `NomorHandphone` varchar(20) DEFAULT NULL,
  `NPWP` varchar(45) DEFAULT NULL
) ENGINE=InnoDB AUTO_INCREMENT=53 DEFAULT CHARSET=utf8;

--
-- Dumping data untuk tabel `Orang`
--

INSERT INTO `Orang` (`idOrang`, `NamaLengkap`, `TempatLahir`, `TanggalLahir`, `NomorKTP`, `NomorHandphone`, `NPWP`) VALUES
(1, 'Doni', 'Ciamis', '1992-04-04', '312122', NULL, '334343'),
(2, 'Mien Sukoharjo', 'Sukoharjo', '1996-08-17', '123646597785462222', NULL, '123456879997776'),
(3, 'Wisard', 'Pinasungkulan', '2012-01-10', '001231', NULL, 'q-03-1'),
(4, 'Wisard', 'Pinasungkulan', '2016-12-05', '001231', NULL, 'q-03-1'),
(5, 'Heru Sukoco', 'Jakarta', '2000-05-02', '3102123344', NULL, '123456689'),
(6, 'dahri', 'padangsidimpuan', '2015-03-19', '213456789', NULL, '132456789'),
(7, 'Karnaen', 'Cirebon', '2016-12-02', '12345', NULL, '1234567'),
(8, 'Rafika', 'Majalengka', '1990-10-31', '321123456789', NULL, '10908920202020'),
(9, 'Fika', 'Majalengka', '2006-02-01', '12121212', NULL, '12121213'),
(10, 'Agus MS', 'Bogor', '2011-12-01', '327110101010009', NULL, '12345678904321'),
(11, 'Irman Hermadi', 'Bogor', '2011-12-01', '123456', NULL, '123456'),
(12, 'Pungki', 'Banda Aceh', '1974-03-09', '12345678910', '086464646464', '123456789'),
(13, 'Wisard K', 'Pinasungkulan', '2016-12-08', '0-21-', NULL, '1021-'),
(14, 'nuria', 'surabaya', '1990-12-31', '1234567890', NULL, '1234567890'),
(15, 'Dahri', 'bogor', '2016-12-08', '123-456-789', NULL, '12-34-56-78-9'),
(16, 'habib husein', 'bogor', '1996-12-03', '12345678910', NULL, '12345678910'),
(17, 'Goemz', 'Depok', '1987-12-02', '1234567890', NULL, '1234567890'),
(18, 'abah', 'london', '1987-12-06', '09800900000000000', NULL, '00009999999999999'),
(19, 'Theodorus Pramudya Aristo', 'yogyakarta', '2004-06-13', '3404065805780005', NULL, '12345678'),
(20, 'DWI NAWANG WICAKSANA', 'BANTUL', '1992-10-21', '3401072110920002', NULL, '357246297009'),
(21, 'Agam', 'bogor', '1987-08-05', '3244444993889008990', NULL, '22222240404'),
(22, 'habib husein', 'bogor', '1996-12-03', '12345678910', NULL, '12345678910'),
(23, 'Mas Nud', 'yogyakarta', '1960-02-24', '123456', NULL, '123456'),
(24, 'lilis', 'bogor', '1982-05-18', '1213312778900', NULL, '1236777890900'),
(25, 'drh Fatia Yusriah Aksa', 'Bandung', '2012-07-17', '12345678910', NULL, '15.876.1-356.000'),
(26, 'OTONG,SE,MM', 'BEKASI', '2011-12-01', '1252503754100', NULL, '123123123'),
(27, 'Basuki Wijaya', 'malang', '1977-12-08', '199012901619', NULL, '7891011121415'),
(28, 'alex', 'batang', '1976-12-08', '12345678910', NULL, '987654321'),
(29, 'Mas Nud', 'yogyakarta', '1960-02-24', '123456', NULL, '123456'),
(30, 'Chandra Yudha Apriza', 'Sukarame B. lampung', '1981-12-15', '3673031504810002', NULL, '46.167.909.4-401.000'),
(31, 'Sri Hartati', 'Bandung', '1961-07-11', '123456789', NULL, '123456'),
(32, 'RANI HANDAYANI', 'SUMEDANG', '1992-10-09', '3275114910720003', NULL, '09101972'),
(33, 'Rani Erlina', 'bogor', '1982-12-17', '3271065712820002', NULL, '670622604404000'),
(34, 'Ely Marini', 'Singkawang', '1979-03-17', '6171015703790002', NULL, '12344556667778889'),
(35, 'Raja', 'Rantau prapat', '1991-08-02', '231456789', NULL, '567892'),
(36, 'Heru Sukoco', 'Jakarta', '2016-12-08', '22355235225252', NULL, '2232211.000.22-22'),
(37, 'Deny Abdul Rahman', 'Bogor', '1978-05-11', '32.05.77980.765', NULL, '80.756.441.9-412.000'),
(38, 'Inez Endri Satriani', 'Semarang ', '1971-12-27', '12071993 ', NULL, '120-690-080-198'),
(39, 'Tri Utami', 'Pekalongan', '1987-05-28', '3271066805800014', NULL, '72.962.348.8-411.000'),
(40, 'Supriyono', 'Pontianak', '2016-12-08', '2704600000001', NULL, '1234567800000'),
(41, 'loka', 'cirebon', '2013-10-01', '3205200310018899', NULL, '123456789001'),
(42, 'nuria', 'surabaya', '1991-12-31', '1234567890', NULL, '1234567890'),
(43, 'acong', 'cirebon', '2006-12-02', '2222222222222', NULL, '3333333333333333'),
(44, 'Agus MS', 'Bandung', '2016-12-08', '327110101010009', NULL, '12345678904321'),
(45, 'Inez Endri Satriani', 'Semarang', '1971-12-07', '12071993', NULL, '120-690-080-198'),
(46, 'Rafika', 'Majalengka', '2016-12-20', '321123456654', NULL, '8198171818191'),
(47, 'Zaki', 'Bogor', '1990-10-31', '3200123123123', NULL, '9019282010190'),
(48, 'Try', 'Bogor', '1990-01-01', '1231445151', '01424156161', '10101918716'),
(49, 'Heru Sukoco', 'Jakarta', '2012-04-19', '123141412', '08123124141', '121412.3242'),
(50, 'fika nur z', 'bogor', '1994-10-25', '8696686', NULL, '1011911771'),
(51, 'Hanif Affandi Hartanto', 'Klaten', '1988-01-02', '769709797097', NULL, '767676'),
(52, 'Alin', 'Jakarta', '1994-07-01', '000000000000000000', NULL, '0000000000');

-- --------------------------------------------------------

--
-- Struktur dari tabel `Otovet`
--

CREATE TABLE IF NOT EXISTS `Otovet` (
  `idOtovet` int(11) NOT NULL,
  `PNS_idPegawai` int(11) NOT NULL,
  `TMT` date DEFAULT NULL,
  `TST` date DEFAULT NULL,
  `email` varchar(50) DEFAULT NULL,
  `codeVerifikasi` varchar(200) DEFAULT NULL,
  `dateVerifikasi` datetime DEFAULT NULL,
  `verif` tinyint(4) DEFAULT NULL,
  `KodeWilayah` varchar(4) DEFAULT NULL COMMENT 'Berisi Kode kab/Kota (4 digit) atau Provinsi (2 digit) \n'
) ENGINE=InnoDB AUTO_INCREMENT=10 DEFAULT CHARSET=utf8;

--
-- Dumping data untuk tabel `Otovet`
--

INSERT INTO `Otovet` (`idOtovet`, `PNS_idPegawai`, `TMT`, `TST`, `email`, `codeVerifikasi`, `dateVerifikasi`, `verif`, `KodeWilayah`) VALUES
(1, 1, '2016-12-01', '2016-12-08', 'wisard.kalengkongan@gmail.com', 'flIbjMOOtcScDowfvt0nrCz-eN6-ywmu_1481022254', NULL, 0, NULL),
(4, 2, '2017-04-13', '2017-04-13', 'pungki.pr9@gmail.com', 'wL66UeScmMuzI-kNlFinohCc6mjppnuX_1481178846', NULL, 0, NULL),
(5, 2, '2016-12-08', '2016-12-31', 'pungki.pr9@gmail.com', 'a4MgXTa9yD8xBXB6mnxhEvgeSE_0UuZ6_1481179189', NULL, 0, NULL),
(6, 2, '2016-12-08', '2016-12-31', 'pungki.pr9@gmail.com', '8sB32XpwvyZ02Y1fGJZmDGjaTEKC-0Tp_1481180119', NULL, 0, NULL),
(7, 3, '2017-01-11', '2017-01-11', 'yuliawulandari@apps.ipb.ac.id', '9bmIvhudxS1UvWV410g3uemq1oqgvMLz_1484128123', NULL, 0, NULL),
(8, 5, '2017-04-02', '2018-04-25', 'hsrkom@ipb.ac.id', 'B5P4CbrN7MtroueedL6sTa8nX1HJDiCf_1492073594', NULL, 0, NULL),
(9, 2, '2017-04-11', '2017-04-29', NULL, NULL, NULL, NULL, NULL);

-- --------------------------------------------------------

--
-- Struktur dari tabel `OtovetKabKota`
--

CREATE TABLE IF NOT EXISTS `OtovetKabKota` (
  `idOtovetKabKota` int(11) NOT NULL,
  `Otovet_idOtovet` int(11) NOT NULL,
  `tblRegencyCity_ID` int(11) unsigned NOT NULL
) ENGINE=InnoDB AUTO_INCREMENT=5 DEFAULT CHARSET=utf8;

--
-- Dumping data untuk tabel `OtovetKabKota`
--

INSERT INTO `OtovetKabKota` (`idOtovetKabKota`, `Otovet_idOtovet`, `tblRegencyCity_ID`) VALUES
(4, 8, 158),
(1, 4, 179),
(2, 5, 179),
(3, 6, 179);

-- --------------------------------------------------------

--
-- Struktur dari tabel `OtovetProvinsi`
--

CREATE TABLE IF NOT EXISTS `OtovetProvinsi` (
  `idOtovetProvinsi` int(11) NOT NULL,
  `Otovet_idOtovet` int(11) NOT NULL,
  `tblProvince_ID` tinyint(3) unsigned NOT NULL
) ENGINE=InnoDB AUTO_INCREMENT=4 DEFAULT CHARSET=utf8;

--
-- Dumping data untuk tabel `OtovetProvinsi`
--

INSERT INTO `OtovetProvinsi` (`idOtovetProvinsi`, `Otovet_idOtovet`, `tblProvince_ID`) VALUES
(1, 7, 11),
(2, 7, 11),
(3, 8, 32);

-- --------------------------------------------------------

--
-- Struktur dari tabel `PanitiaPelatihan`
--

CREATE TABLE IF NOT EXISTS `PanitiaPelatihan` (
  `idPanitiaPelatihan` int(11) NOT NULL,
  `Pelatihan_idPelatihan` int(11) NOT NULL,
  `PNS_idPegawai` int(11) NOT NULL
) ENGINE=InnoDB DEFAULT CHARSET=utf8;

-- --------------------------------------------------------

--
-- Struktur dari tabel `PelakuUsaha`
--

CREATE TABLE IF NOT EXISTS `PelakuUsaha` (
  `idPerusahaan` int(11) NOT NULL,
  `Nama` varchar(100) DEFAULT NULL,
  `NPWP` varchar(45) DEFAULT NULL,
  `SIUP` varchar(45) DEFAULT NULL,
  `idPemilikUsaha` int(11) NOT NULL,
  `idWilayahKerja` int(11) NOT NULL,
  `idRegencyCity` int(11) unsigned NOT NULL,
  `JenisUsaha` int(11) DEFAULT NULL COMMENT 'Peternakan, RPH, Pengolahan, Ritel'
) ENGINE=InnoDB AUTO_INCREMENT=50 DEFAULT CHARSET=utf8;

--
-- Dumping data untuk tabel `PelakuUsaha`
--

INSERT INTO `PelakuUsaha` (`idPerusahaan`, `Nama`, `NPWP`, `SIUP`, `idPemilikUsaha`, `idWilayahKerja`, `idRegencyCity`, `JenisUsaha`) VALUES
(1, 'PT. Maju Mundur', '123456', '23456', 1, 1, 161, NULL),
(2, 'CV. Semesta Ayam Negeri', '12345678910111213', '1234567788', 2, 2, 179, NULL),
(3, 'Wisard17 .inc', '201-as', '1231', 3, 1, 382, NULL),
(4, 'Manado inc', '201-as', '1231', 4, 1, 382, NULL),
(5, 'IPB', '223214223', '1234567890', 5, 1, 179, NULL),
(6, 'dahri', '12345678910', '123', 6, 1, 26, NULL),
(7, 'Abc', '98765', '32/g/2016', 7, 1, 1, NULL),
(8, 'CARE IPB', '109082928292', '191919191919', 8, 2, 179, NULL),
(9, 'PT Kucing', '1234567', '1234567', 9, 2, 1, NULL),
(10, 'Agus PT', '12345678901234', 'SIUPP', 10, 2, 179, NULL),
(11, 'PT JAYA ABADI', '1234567890', '1234567890', 11, 1, 161, NULL),
(12, 'Wisard17 .inc', '1231', '12312', 12, 7, 382, NULL),
(13, 'cv angin anginan', '1234567890', '1234567890', 13, 4, 264, NULL),
(14, 'CARE', '123456789', '123456789', 14, 8, 179, NULL),
(15, 'CV. Agniyaalbaqy', '12345678910', '12345678910', 15, 8, 161, NULL),
(16, 'UD. GoeMz aZhe', '9012345678910', '1234567890', 16, 8, 184, NULL),
(17, 'pt.angin ribut', '0298101098191919191', '8898917181991999199', 17, 8, 161, NULL),
(18, 'RPU MAJU MAKMUR', '12345678', '12345678910', 18, 4, 227, NULL),
(19, 'CV. BUMIKU HIJAU', '357246297009', 'TN.250.SN.441', 19, 4, 226, NULL),
(20, 'CV. Basalab Alga Prima', '121213131313', '2123130sdsakjdhasjak', 20, 8, 161, NULL),
(21, 'CV. Agniyaalbaqy', '12345678910', '12345678910', 21, 8, 161, NULL),
(22, 'WLannet', '123456', '123456', 22, 4, 226, NULL),
(23, 'OTO BENTO', '12345678910', '123123123', 23, 8, 179, NULL),
(24, 'PT. Global Sarana', '13.256.1-345.000', '123456789', 24, 1, 1, NULL),
(25, 'PT.MAJU AJAH', '123456789', '987654321', 25, 1, 176, NULL),
(26, 'PT. Usaha Jaya', '1234567891011', '91011121314', 26, 4, 242, NULL),
(27, 'gorengan', '123456789', '123/456', 27, 8, 169, NULL),
(28, 'WLannet', '123456', '123456', 28, 4, 226, NULL),
(29, 'PT. Sukses Mandiri', '46.167.909.4-401.000', '090404110 – B  ', 29, 8, 272, NULL),
(30, 'Peternakan ', '123456789', 'No.12345', 30, 8, 158, NULL),
(31, 'PT SARIMELATI KENCANA', '123456789', '987654321', 31, 8, 183, NULL),
(32, 'PT. ASR Meat Supplier', '67.062.260.4-404.000', '0469/1.845.52', 32, 8, 161, NULL),
(33, 'CV. Larasindo', '12345678910111111', '1122349599596', 33, 5, 327, NULL),
(34, 'PT Manfaat', '1234', '24567', 34, 1, 161, NULL),
(35, 'PT. Aneka Hewan Sehat', '999-888-111.22-000', '1234558294', 35, 5, 179, NULL),
(36, 'PT. Gemilang Anugerah Sejahtera', '72.962.348.8-411.00', '503/000648-BP2T/30-08/PK/VI/2015', 36, 8, 268, NULL),
(37, 'PT. ARTA MANDIRI PERKASA ', '220-766-121-066', '080198120793', 37, 4, 220, NULL),
(38, 'PT.  Gemilang Anugrah Sejahtera', '72.962.348.8-411.000', '503/000648-BP2T/30-08/PK/VI/2015', 38, 8, 273, NULL),
(39, 'CV. Cahaya Permai', '15.617.027.8-701000', '12/SiUP/TL/11/2016', 39, 1, 327, NULL),
(40, 'pt cirebon kota', '19934568879900020', '19872003901001', 40, 8, 169, NULL),
(41, 'cv morat marit', '1234567890', '1234567890', 41, 4, 264, NULL),
(42, 'PT selalu rugi', '987654321', '14/15-2016', 42, 8, 169, NULL),
(43, 'PT Agus', '12345678901234', '1234', 43, 8, 181, NULL),
(44, 'PT. ARTA MANDIRI PERKASA', '088967543', '080198120793', 44, 4, 220, NULL),
(45, 'PT ABCDEF', '1234567', '9876353', 45, 1, 2, NULL),
(46, 'Bakso Bogor', '454672829191', '738210127390', 46, 1, 1, NULL),
(47, 'PT DAGING SEJAHTERA', '123456788', '987654321', 47, 1, 1, NULL),
(48, 'CV Murni Abadi', '12356', '372674628789', 48, 8, 161, NULL),
(49, 'Dummy', '0123456789', '-', 49, 8, 161, NULL);

-- --------------------------------------------------------

--
-- Struktur dari tabel `Pelatihan`
--

CREATE TABLE IF NOT EXISTS `Pelatihan` (
  `idPelatihan` int(11) NOT NULL,
  `JenisPelatihan_idJenisPelatihan` int(11) NOT NULL,
  `TMT` date DEFAULT NULL,
  `TST` date DEFAULT NULL,
  `Nama` varchar(100) DEFAULT NULL
) ENGINE=InnoDB AUTO_INCREMENT=2 DEFAULT CHARSET=utf8;

--
-- Dumping data untuk tabel `Pelatihan`
--

INSERT INTO `Pelatihan` (`idPelatihan`, `JenisPelatihan_idJenisPelatihan`, `TMT`, `TST`, `Nama`) VALUES
(1, 1, '2016-11-06', '2017-04-01', 'PENULIS (Pelatihan Penulisan)');

-- --------------------------------------------------------

--
-- Struktur dari tabel `PemilikUsaha`
--

CREATE TABLE IF NOT EXISTS `PemilikUsaha` (
  `idPemilikUsaha` int(11) NOT NULL,
  `idOrang` int(11) NOT NULL,
  `TMTPemilikUsaha` varchar(45) DEFAULT NULL
) ENGINE=InnoDB AUTO_INCREMENT=50 DEFAULT CHARSET=utf8;

--
-- Dumping data untuk tabel `PemilikUsaha`
--

INSERT INTO `PemilikUsaha` (`idPemilikUsaha`, `idOrang`, `TMTPemilikUsaha`) VALUES
(1, 1, '2016-12-01'),
(2, 2, '2016-12-01'),
(3, 3, '2016-12-01'),
(4, 4, '2016-12-02'),
(5, 5, '2016-12-02'),
(6, 6, '2016-12-02'),
(7, 7, '2016-12-02'),
(8, 8, '2016-12-05'),
(9, 9, '2016-12-05'),
(10, 10, '2016-12-06'),
(11, 11, '2016-12-08'),
(12, 13, '2016-12-08'),
(13, 14, '2016-12-08'),
(14, 15, '2016-12-08'),
(15, 16, '2016-12-08'),
(16, 17, '2016-12-08'),
(17, 18, '2016-12-08'),
(18, 19, '2016-12-08'),
(19, 20, '2016-12-08'),
(20, 21, '2016-12-08'),
(21, 22, '2016-12-08'),
(22, 23, '2016-12-08'),
(23, 24, '2016-12-08'),
(24, 25, '2016-12-08'),
(25, 26, '2016-12-08'),
(26, 27, '2016-12-08'),
(27, 28, '2016-12-08'),
(28, 29, '2016-12-08'),
(29, 30, '2016-12-08'),
(30, 31, '2016-12-08'),
(31, 32, '2016-12-08'),
(32, 33, '2016-12-08'),
(33, 34, '2016-12-08'),
(34, 35, '2016-12-08'),
(35, 36, '2016-12-08'),
(36, 37, '2016-12-08'),
(37, 38, '2016-12-08'),
(38, 39, '2016-12-08'),
(39, 40, '2016-12-08'),
(40, 41, '2016-12-08'),
(41, 42, '2016-12-08'),
(42, 43, '2016-12-08'),
(43, 44, '2016-12-08'),
(44, 45, '2016-12-08'),
(45, 46, '2016-12-20'),
(46, 47, '2017-01-11'),
(47, 50, '2017-06-21'),
(48, 51, '2017-11-27'),
(49, 52, '2019-07-16');

-- --------------------------------------------------------

--
-- Struktur dari tabel `PengajuanSRTKPH`
--

CREATE TABLE IF NOT EXISTS `PengajuanSRTKPH` (
  `idPengajuanSRTKPH` int(11) NOT NULL,
  `TanggalPengajuan` date DEFAULT NULL,
  `PelakuUsaha_idPerusahaan` int(11) NOT NULL,
  `JenisProduk_idJenisProduk` int(11) NOT NULL,
  `WilayahAsal` int(10) unsigned NOT NULL,
  `WilayahTujuan` int(10) unsigned NOT NULL,
  `idSRTMPH` int(11) DEFAULT NULL
) ENGINE=InnoDB AUTO_INCREMENT=44 DEFAULT CHARSET=utf8;

--
-- Dumping data untuk tabel `PengajuanSRTKPH`
--

INSERT INTO `PengajuanSRTKPH` (`idPengajuanSRTKPH`, `TanggalPengajuan`, `PelakuUsaha_idPerusahaan`, `JenisProduk_idJenisProduk`, `WilayahAsal`, `WilayahTujuan`, `idSRTMPH`) VALUES
(1, '2016-12-08', 2, 2, 161, 3, 11),
(2, '2016-12-08', 2, 1, 179, 7, 12),
(3, '2016-12-08', 2, 1, 128, 5, 13),
(4, '2016-12-08', 32, 1, 161, 158, 18),
(5, '2016-12-08', 43, 1, 177, 179, 17),
(6, '2016-12-08', 23, 5, 179, 161, 31),
(7, '2016-12-08', 18, 1, 227, 382, 33),
(8, '2016-12-08', 35, 1, 161, 471, 19),
(9, '2016-12-08', 38, 1, 273, 9, 54),
(10, '2016-12-08', 16, 4, 179, 16, 29),
(11, '2016-12-08', 33, 1, 157, 327, 40),
(12, '2016-12-08', 24, 1, 1, 1, 43),
(13, '2016-12-08', 36, 1, 268, 282, 42),
(14, '2016-12-08', 40, 4, 164, 182, 38),
(15, '2016-12-08', 21, 6, 161, 494, 23),
(16, '2016-12-08', 19, 4, 226, 104, 25),
(17, '2016-12-08', 44, 4, 220, 6, 28),
(18, '2016-12-08', 20, 1, 179, 158, 52),
(19, '2016-12-08', 29, 5, 272, 327, 36),
(20, '2016-12-08', 13, 1, 242, 282, 26),
(21, '2016-12-08', 31, 1, 183, 220, 34),
(22, '2016-12-08', 39, 1, 175, 327, 55),
(23, '2016-12-08', 23, 4, 179, 161, 32),
(24, '2016-12-08', 17, 1, 161, 1, 21),
(25, '2016-12-08', 33, 1, 157, 328, 41),
(26, '2016-12-08', 24, 1, 1, 1, 44),
(27, '2016-12-08', 40, 4, 181, 182, 39),
(28, '2016-12-08', 24, 1, 1, 1, 45),
(29, '2016-12-08', 26, 4, 242, 282, 35),
(30, '2016-12-08', 25, 4, 176, 153, 47),
(31, '2016-12-08', 13, 2, 244, 354, 27),
(32, '2016-12-08', 22, 4, 226, 156, 30),
(33, '2016-12-08', 20, 1, 179, 3, 53),
(34, '2016-12-08', 24, 1, 1, 1, 46),
(35, '2016-12-08', 25, 4, 176, 264, 48),
(36, '2016-12-08', 29, 1, 272, 269, 37),
(37, '2016-12-08', 25, 1, 176, 264, 49),
(38, '2016-12-08', 39, 6, 327, 179, 56),
(39, '2016-12-08', 25, 1, 176, 53, 50),
(40, '2016-12-08', 17, 4, 161, 1, 22),
(41, '2017-01-13', 46, 1, 1, 3, 60),
(42, '2017-01-13', 46, 1, 1, 12, 62),
(43, '2017-01-17', 46, 1, 1, 2, 63);

-- --------------------------------------------------------

--
-- Struktur dari tabel `PengajuanSRTMPH`
--

CREATE TABLE IF NOT EXISTS `PengajuanSRTMPH` (
  `idPengajuanSRTMPH` int(11) NOT NULL,
  `TanggalPengajuan` date DEFAULT NULL,
  `PelakuUsaha_idPerusahaan` int(11) NOT NULL,
  `JenisProduk_idJenisProduk` int(11) NOT NULL,
  `WilayahAsal` int(10) unsigned NOT NULL,
  `WilayahTujuan` int(10) unsigned NOT NULL
) ENGINE=InnoDB AUTO_INCREMENT=89 DEFAULT CHARSET=utf8;

--
-- Dumping data untuk tabel `PengajuanSRTMPH`
--

INSERT INTO `PengajuanSRTMPH` (`idPengajuanSRTMPH`, `TanggalPengajuan`, `PelakuUsaha_idPerusahaan`, `JenisProduk_idJenisProduk`, `WilayahAsal`, `WilayahTujuan`) VALUES
(20, '2016-12-07', 4, 1, 1, 1),
(21, '2016-12-07', 4, 1, 1, 1),
(22, '2016-12-07', 4, 1, 1, 1),
(24, '2016-12-08', 1, 1, 1, 1),
(25, '2016-12-08', 2, 2, 161, 3),
(26, '2016-12-08', 2, 1, 179, 7),
(27, '2016-12-08', 2, 1, 128, 5),
(28, '2016-12-08', 5, 1, 1, 1),
(29, '2016-12-08', 12, 1, 1, 1),
(30, '2016-12-08', 12, 1, 1, 1),
(31, '2016-12-08', 14, 1, 269, 179),
(32, '2016-12-08', 32, 1, 161, 158),
(33, '2016-12-08', 29, 5, 272, 327),
(34, '2016-12-08', 18, 1, 227, 382),
(36, '2016-12-08', 21, 6, 161, 494),
(37, '2016-12-08', 16, 4, 179, 16),
(38, '2016-12-08', 39, 1, 175, 327),
(39, '2016-12-08', 19, 4, 226, 104),
(40, '2016-12-08', 20, 1, 179, 158),
(41, '2016-12-08', 13, 1, 242, 282),
(42, '2016-12-08', 33, 1, 157, 327),
(43, '2016-12-08', 24, 1, 1, 1),
(44, '2016-12-08', 29, 1, 272, 269),
(45, '2016-12-08', 22, 4, 226, 156),
(46, '2016-12-08', 25, 4, 176, 153),
(47, '2016-12-08', 33, 1, 157, 328),
(48, '2016-12-08', 17, 1, 161, 1),
(49, '2016-12-08', 17, 4, 161, 1),
(50, '2016-12-08', 43, 1, 177, 179),
(51, '2016-12-08', 23, 5, 179, 161),
(52, '2016-12-08', 35, 1, 161, 471),
(53, '2016-12-08', 26, 4, 242, 282),
(54, '2016-12-08', 36, 1, 268, 282),
(55, '2016-12-08', 13, 2, 244, 354),
(56, '2016-12-08', 30, 2, 158, 161),
(57, '2016-12-08', 38, 1, 273, 9),
(58, '2016-12-08', 24, 1, 1, 1),
(59, '2016-12-08', 31, 1, 183, 220),
(60, '2016-12-08', 34, 2, 158, 54),
(61, '2016-12-08', 20, 1, 179, 3),
(62, '2016-12-08', 40, 4, 164, 182),
(63, '2016-12-08', 35, 1, 161, 18),
(64, '2016-12-08', 23, 4, 179, 161),
(65, '2016-12-08', 25, 4, 176, 264),
(66, '2016-12-08', 39, 6, 327, 179),
(67, '2016-12-08', 44, 4, 220, 6),
(68, '2016-12-08', 25, 1, 176, 264),
(69, '2016-12-08', 25, 1, 176, 53),
(70, '2016-12-08', 40, 4, 181, 182),
(72, '2016-12-08', 39, 1, 1, 1),
(73, '2016-12-08', 24, 1, 1, 1),
(74, '2016-12-08', 24, 1, 1, 1),
(75, '2016-12-08', 39, 1, 1, 1),
(76, '2016-12-08', 43, 1, 1, 179),
(80, '2017-01-12', 46, 1, 1, 3),
(81, '2017-01-13', 46, 2, 161, 218),
(82, '2017-01-13', 46, 1, 1, 12),
(83, '2017-01-17', 46, 1, 1, 2),
(84, '2017-04-13', 35, 1, 161, 158),
(85, '2017-04-13', 35, 4, 161, 1),
(86, '2017-04-13', 8, 1, 1, 3),
(87, '2017-11-26', 48, 18, 2, 25),
(88, '2017-11-27', 48, 1, 1, 1);

-- --------------------------------------------------------

--
-- Struktur dari tabel `PengajuanSV`
--

CREATE TABLE IF NOT EXISTS `PengajuanSV` (
  `idPengajuanSV` int(11) NOT NULL,
  `TanggalPengajuan` date DEFAULT NULL,
  `PelakuUsaha_idPerusahaan` int(11) NOT NULL,
  `WilayahAsal` int(10) unsigned NOT NULL COMMENT 'Pintu pemasukan',
  `WilayahTujuan` int(10) unsigned NOT NULL COMMENT 'Pintu Pengeluaran',
  `InvoiceNo` varchar(45) DEFAULT NULL,
  `Spesies` int(11) NOT NULL
) ENGINE=InnoDB AUTO_INCREMENT=12 DEFAULT CHARSET=utf8;

--
-- Dumping data untuk tabel `PengajuanSV`
--

INSERT INTO `PengajuanSV` (`idPengajuanSV`, `TanggalPengajuan`, `PelakuUsaha_idPerusahaan`, `WilayahAsal`, `WilayahTujuan`, `InvoiceNo`, `Spesies`) VALUES
(1, '2016-12-07', 2, 1, 1, 'C2345678910', 1),
(2, '2016-12-07', 2, 1, 1, 'A123456781', 2),
(3, '2016-12-07', 2, 5, 2, 'B45627118189', 1),
(4, '2016-12-07', 2, 161, 363, 'B6472828191927', 2),
(5, '2016-12-08', 17, 161, 1, '5555555', 2),
(6, '2016-12-08', 32, 161, 179, '2876/12/2016', 2),
(7, '2016-12-08', 43, 179, 161, '1', 1),
(8, '2016-12-08', 4, 1, 1, '123', 1),
(9, '2016-12-08', 4, 1, 1, 'aaaa', 1),
(10, '2017-01-11', 46, 1, 2, '1245', 1),
(11, '2017-11-26', 48, 1, 1, '3253535353455', 1);

-- --------------------------------------------------------

--
-- Struktur dari tabel `PengawasKesmavet`
--

CREATE TABLE IF NOT EXISTS `PengawasKesmavet` (
  `idPengawasKesmavet` int(11) NOT NULL,
  `TMT` date DEFAULT NULL,
  `NoSK` varchar(45) DEFAULT NULL,
  `PNS_idPegawai` int(11) NOT NULL,
  `idWilayahKerja` int(11) NOT NULL,
  `idRegencyCity` int(10) unsigned NOT NULL
) ENGINE=InnoDB DEFAULT CHARSET=utf8;

-- --------------------------------------------------------

--
-- Struktur dari tabel `Pintu`
--

CREATE TABLE IF NOT EXISTS `Pintu` (
  `idPintu` int(11) NOT NULL,
  `Nama` varchar(45) DEFAULT NULL,
  `Keterangan` varchar(45) DEFAULT NULL,
  `RegencyCity` int(10) unsigned NOT NULL
) ENGINE=InnoDB DEFAULT CHARSET=utf8;

-- --------------------------------------------------------

--
-- Struktur dari tabel `PNS`
--

CREATE TABLE IF NOT EXISTS `PNS` (
  `idPegawai` int(11) NOT NULL,
  `NIP` varchar(18) DEFAULT NULL,
  `Orang_idOrang` int(11) NOT NULL
) ENGINE=InnoDB AUTO_INCREMENT=6 DEFAULT CHARSET=utf8;

--
-- Dumping data untuk tabel `PNS`
--

INSERT INTO `PNS` (`idPegawai`, `NIP`, `Orang_idOrang`) VALUES
(1, 'NIP1', 3),
(2, '197403032009101009', 12),
(3, '112301901911910', 8),
(4, '113131331313141', 48),
(5, '19222222222222', 5);

-- --------------------------------------------------------

--
-- Struktur dari tabel `PNSSuratTugas`
--

CREATE TABLE IF NOT EXISTS `PNSSuratTugas` (
  `idPNSSuratTugas` int(11) NOT NULL,
  `SuratTugas_idSuratTugas` int(11) NOT NULL,
  `PNS_idPegawai` int(11) NOT NULL
) ENGINE=InnoDB DEFAULT CHARSET=utf8 COMMENT='	';

-- --------------------------------------------------------

--
-- Struktur dari tabel `Province`
--

CREATE TABLE IF NOT EXISTS `Province` (
  `idProvince` tinyint(3) unsigned NOT NULL COMMENT 'Surrogate key for Province',
  `ProvinceCode` char(2) CHARACTER SET utf8 NOT NULL COMMENT 'Province code based on BPS standard',
  `ProvinceNameID` varchar(50) CHARACTER SET utf8 NOT NULL COMMENT 'Name of Province',
  `ProvinceNameEN` varchar(50) CHARACTER SET utf8 NOT NULL COMMENT 'Name of Province'
) ENGINE=InnoDB AUTO_INCREMENT=35 DEFAULT CHARSET=utf8 COLLATE=utf8_unicode_ci;

--
-- Dumping data untuk tabel `Province`
--

INSERT INTO `Province` (`idProvince`, `ProvinceCode`, `ProvinceNameID`, `ProvinceNameEN`) VALUES
(1, '11', 'ACEH', 'ACEH'),
(2, '12', 'SUMATERA UTARA', 'SUMATERA UTARA'),
(3, '13', 'SUMATERA BARAT', 'SUMATERA BARAT'),
(4, '14', 'RIAU', 'RIAU'),
(5, '15', 'JAMBI', 'JAMBI'),
(6, '16', 'SUMATERA SELATAN', 'SUMATERA SELATAN'),
(7, '17', 'BENGKULU', 'BENGKULU'),
(8, '18', 'LAMPUNG', 'LAMPUNG'),
(9, '19', 'KEPULAUAN BANGKA BELITUNG', 'KEPULAUAN BANGKA BELITUNG'),
(10, '21', 'KEPULAUAN RIAU', 'KEPULAUAN RIAU'),
(11, '31', 'DKI JAKARTA', 'DKI JAKARTA'),
(12, '32', 'JAWA BARAT', 'JAWA BARAT'),
(13, '33', 'JAWA TENGAH', 'JAWA TENGAH'),
(14, '34', 'DI YOGYAKARTA', 'DI YOGYAKARTA'),
(15, '35', 'JAWA TIMUR', 'JAWA TIMUR'),
(16, '36', 'BANTEN', 'BANTEN'),
(17, '51', 'BALI', 'BALI'),
(18, '52', 'NUSA TENGGARA BARAT', 'NUSA TENGGARA BARAT'),
(19, '53', 'NUSA TENGGARA TIMUR', 'NUSA TENGGARA TIMUR'),
(20, '61', 'KALIMANTAN BARAT', 'KALIMANTAN BARAT'),
(21, '62', 'KALIMANTAN TENGAH', 'KALIMANTAN TENGAH'),
(22, '63', 'KALIMANTAN SELATAN', 'KALIMANTAN SELATAN'),
(23, '64', 'KALIMANTAN TIMUR', 'KALIMANTAN TIMUR'),
(24, '65', 'KALIMANTAN UTARA', 'KALIMANTAN UTARA'),
(25, '71', 'SULAWESI UTARA', 'SULAWESI UTARA'),
(26, '72', 'SULAWESI TENGAH', 'SULAWESI TENGAH'),
(27, '73', 'SULAWESI SELATAN', 'SULAWESI SELATAN'),
(28, '74', 'SULAWESI TENGGARA', 'SULAWESI TENGGARA'),
(29, '75', 'GORONTALO', 'GORONTALO'),
(30, '76', 'SULAWESI BARAT', 'SULAWESI BARAT'),
(31, '81', 'MALUKU', 'MALUKU'),
(32, '82', 'MALUKU UTARA', 'MALUKU UTARA'),
(33, '91', 'PAPUA BARAT', 'PAPUA BARAT'),
(34, '94', 'PAPUA', 'PAPUA');

-- --------------------------------------------------------

--
-- Struktur dari tabel `RegencyCity`
--

CREATE TABLE IF NOT EXISTS `RegencyCity` (
  `idRegencyCity` int(10) unsigned NOT NULL COMMENT 'Surrogate key of Kabupaten/Kota',
  `RegencyCityCode` char(4) CHARACTER SET utf8 NOT NULL COMMENT 'Kode Kabupaten/Kota berdasarkan standar BPS',
  `ProvinceID` tinyint(3) unsigned NOT NULL COMMENT 'Surrogate key of Propinsi',
  `RegencyCityNameID` varchar(100) CHARACTER SET utf8 NOT NULL COMMENT 'Nama Kabupaten/Kota dalam Bahasa Indonesia',
  `RegencyCityNameEN` varchar(100) CHARACTER SET utf8 NOT NULL COMMENT 'Nama Kabupaten/Kota dalam Bahasa Inggris'
) ENGINE=InnoDB AUTO_INCREMENT=516 DEFAULT CHARSET=utf8 COLLATE=utf8_unicode_ci;

--
-- Dumping data untuk tabel `RegencyCity`
--

INSERT INTO `RegencyCity` (`idRegencyCity`, `RegencyCityCode`, `ProvinceID`, `RegencyCityNameID`, `RegencyCityNameEN`) VALUES
(1, '1101', 11, 'KABUPATEN SIMEULUE', 'KABUPATEN SIMEULUE'),
(2, '1102', 11, 'KABUPATEN ACEH SINGKIL', 'KABUPATEN ACEH SINGKIL'),
(3, '1103', 11, 'KABUPATEN ACEH SELATAN', 'KABUPATEN ACEH SELATAN'),
(4, '1104', 11, 'KABUPATEN ACEH TENGGARA', 'KABUPATEN ACEH TENGGARA'),
(5, '1105', 11, 'KABUPATEN ACEH TIMUR', 'KABUPATEN ACEH TIMUR'),
(6, '1106', 11, 'KABUPATEN ACEH TENGAH', 'KABUPATEN ACEH TENGAH'),
(7, '1107', 11, 'KABUPATEN ACEH BARAT', 'KABUPATEN ACEH BARAT'),
(8, '1108', 11, 'KABUPATEN ACEH BESAR', 'KABUPATEN ACEH BESAR'),
(9, '1109', 11, 'KABUPATEN PIDIE', 'KABUPATEN PIDIE'),
(10, '1110', 11, 'KABUPATEN BIREUEN', 'KABUPATEN BIREUEN'),
(11, '1111', 11, 'KABUPATEN ACEH UTARA', 'KABUPATEN ACEH UTARA'),
(12, '1112', 11, 'KABUPATEN ACEH BARAT DAYA', 'KABUPATEN ACEH BARAT DAYA'),
(13, '1113', 11, 'KABUPATEN GAYO LUES', 'KABUPATEN GAYO LUES'),
(14, '1114', 11, 'KABUPATEN ACEH TAMIANG', 'KABUPATEN ACEH TAMIANG'),
(15, '1115', 11, 'KABUPATEN NAGAN RAYA', 'KABUPATEN NAGAN RAYA'),
(16, '1116', 11, 'KABUPATEN ACEH JAYA', 'KABUPATEN ACEH JAYA'),
(17, '1117', 11, 'KABUPATEN BENER MERIAH', 'KABUPATEN BENER MERIAH'),
(18, '1118', 11, 'KABUPATEN PIDIE JAYA', 'KABUPATEN PIDIE JAYA'),
(19, '1171', 11, 'KOTA BANDA ACEH', 'KOTA BANDA ACEH'),
(20, '1172', 11, 'KOTA SABANG', 'KOTA SABANG'),
(21, '1173', 11, 'KOTA LANGSA', 'KOTA LANGSA'),
(22, '1174', 11, 'KOTA LHOKSEUMAWE', 'KOTA LHOKSEUMAWE'),
(23, '1175', 11, 'KOTA SUBULUSSALAM', 'KOTA SUBULUSSALAM'),
(24, '1201', 12, 'KABUPATEN NIAS', 'KABUPATEN NIAS'),
(25, '1202', 12, 'KABUPATEN MANDAILING NATAL', 'KABUPATEN MANDAILING NATAL'),
(26, '1203', 12, 'KABUPATEN TAPANULI SELATAN', 'KABUPATEN TAPANULI SELATAN'),
(27, '1204', 12, 'KABUPATEN TAPANULI TENGAH', 'KABUPATEN TAPANULI TENGAH'),
(28, '1205', 12, 'KABUPATEN TAPANULI UTARA', 'KABUPATEN TAPANULI UTARA'),
(29, '1206', 12, 'KABUPATEN TOBA SAMOSIR', 'KABUPATEN TOBA SAMOSIR'),
(30, '1207', 12, 'KABUPATEN LABUHAN BATU', 'KABUPATEN LABUHAN BATU'),
(31, '1208', 12, 'KABUPATEN ASAHAN', 'KABUPATEN ASAHAN'),
(32, '1209', 12, 'KABUPATEN SIMALUNGUN', 'KABUPATEN SIMALUNGUN'),
(33, '1210', 12, 'KABUPATEN DAIRI', 'KABUPATEN DAIRI'),
(34, '1211', 12, 'KABUPATEN KARO', 'KABUPATEN KARO'),
(35, '1212', 12, 'KABUPATEN DELI SERDANG', 'KABUPATEN DELI SERDANG'),
(36, '1213', 12, 'KABUPATEN LANGKAT', 'KABUPATEN LANGKAT'),
(37, '1214', 12, 'KABUPATEN NIAS SELATAN', 'KABUPATEN NIAS SELATAN'),
(38, '1215', 12, 'KABUPATEN HUMBANG HASUNDUTAN', 'KABUPATEN HUMBANG HASUNDUTAN'),
(39, '1216', 12, 'KABUPATEN PAKPAK BHARAT', 'KABUPATEN PAKPAK BHARAT'),
(40, '1217', 12, 'KABUPATEN SAMOSIR', 'KABUPATEN SAMOSIR'),
(41, '1218', 12, 'KABUPATEN SERDANG BEDAGAI', 'KABUPATEN SERDANG BEDAGAI'),
(42, '1219', 12, 'KABUPATEN BATU BARA', 'KABUPATEN BATU BARA'),
(43, '1220', 12, 'KABUPATEN PADANG LAWAS UTARA', 'KABUPATEN PADANG LAWAS UTARA'),
(44, '1221', 12, 'KABUPATEN PADANG LAWAS', 'KABUPATEN PADANG LAWAS'),
(45, '1222', 12, 'KABUPATEN LABUHAN BATU SELATAN', 'KABUPATEN LABUHAN BATU SELATAN'),
(46, '1223', 12, 'KABUPATEN LABUHAN BATU UTARA', 'KABUPATEN LABUHAN BATU UTARA'),
(47, '1224', 12, 'KABUPATEN NIAS UTARA', 'KABUPATEN NIAS UTARA'),
(48, '1225', 12, 'KABUPATEN NIAS BARAT', 'KABUPATEN NIAS BARAT'),
(49, '1271', 12, 'KOTA SIBOLGA', 'KOTA SIBOLGA'),
(50, '1272', 12, 'KOTA TANJUNG BALAI', 'KOTA TANJUNG BALAI'),
(51, '1273', 12, 'KOTA PEMATANG SIANTAR', 'KOTA PEMATANG SIANTAR'),
(52, '1274', 12, 'KOTA TEBING TINGGI', 'KOTA TEBING TINGGI'),
(53, '1275', 12, 'KOTA MEDAN', 'KOTA MEDAN'),
(54, '1276', 12, 'KOTA BINJAI', 'KOTA BINJAI'),
(55, '1277', 12, 'KOTA PADANGSIDIMPUAN', 'KOTA PADANGSIDIMPUAN'),
(56, '1278', 12, 'KOTA GUNUNGSITOLI', 'KOTA GUNUNGSITOLI'),
(57, '1301', 13, 'KABUPATEN KEPULAUAN MENTAWAI', 'KABUPATEN KEPULAUAN MENTAWAI'),
(58, '1302', 13, 'KABUPATEN PESISIR SELATAN', 'KABUPATEN PESISIR SELATAN'),
(59, '1303', 13, 'KABUPATEN SOLOK', 'KABUPATEN SOLOK'),
(60, '1304', 13, 'KABUPATEN SIJUNJUNG', 'KABUPATEN SIJUNJUNG'),
(61, '1305', 13, 'KABUPATEN TANAH DATAR', 'KABUPATEN TANAH DATAR'),
(62, '1306', 13, 'KABUPATEN PADANG PARIAMAN', 'KABUPATEN PADANG PARIAMAN'),
(63, '1307', 13, 'KABUPATEN AGAM', 'KABUPATEN AGAM'),
(64, '1308', 13, 'KABUPATEN LIMA PULUH KOTA', 'KABUPATEN LIMA PULUH KOTA'),
(65, '1309', 13, 'KABUPATEN PASAMAN', 'KABUPATEN PASAMAN'),
(66, '1310', 13, 'KABUPATEN SOLOK SELATAN', 'KABUPATEN SOLOK SELATAN'),
(67, '1311', 13, 'KABUPATEN DHARMASRAYA', 'KABUPATEN DHARMASRAYA'),
(68, '1312', 13, 'KABUPATEN PASAMAN BARAT', 'KABUPATEN PASAMAN BARAT'),
(69, '1371', 13, 'KOTA PADANG', 'KOTA PADANG'),
(70, '1372', 13, 'KOTA SOLOK', 'KOTA SOLOK'),
(71, '1373', 13, 'KOTA SAWAH LUNTO', 'KOTA SAWAH LUNTO'),
(72, '1374', 13, 'KOTA PADANG PANJANG', 'KOTA PADANG PANJANG'),
(73, '1375', 13, 'KOTA BUKITTINGGI', 'KOTA BUKITTINGGI'),
(74, '1376', 13, 'KOTA PAYAKUMBUH', 'KOTA PAYAKUMBUH'),
(75, '1377', 13, 'KOTA PARIAMAN', 'KOTA PARIAMAN'),
(76, '1401', 14, 'KABUPATEN KUANTAN SINGINGI', 'KABUPATEN KUANTAN SINGINGI'),
(77, '1402', 14, 'KABUPATEN INDRAGIRI HULU', 'KABUPATEN INDRAGIRI HULU'),
(78, '1403', 14, 'KABUPATEN INDRAGIRI HILIR', 'KABUPATEN INDRAGIRI HILIR'),
(79, '1404', 14, 'KABUPATEN PELALAWAN', 'KABUPATEN PELALAWAN'),
(80, '1405', 14, 'KABUPATEN S I A K', 'KABUPATEN S I A K'),
(81, '1406', 14, 'KABUPATEN KAMPAR', 'KABUPATEN KAMPAR'),
(82, '1407', 14, 'KABUPATEN ROKAN HULU', 'KABUPATEN ROKAN HULU'),
(83, '1408', 14, 'KABUPATEN BENGKALIS', 'KABUPATEN BENGKALIS'),
(84, '1409', 14, 'KABUPATEN ROKAN HILIR', 'KABUPATEN ROKAN HILIR'),
(85, '1410', 14, 'KABUPATEN KEPULAUAN MERANTI', 'KABUPATEN KEPULAUAN MERANTI'),
(86, '1471', 14, 'KOTA PEKANBARU', 'KOTA PEKANBARU'),
(87, '1473', 14, 'KOTA D U M A I', 'KOTA D U M A I'),
(88, '1501', 15, 'KABUPATEN KERINCI', 'KABUPATEN KERINCI'),
(89, '1502', 15, 'KABUPATEN MERANGIN', 'KABUPATEN MERANGIN'),
(90, '1503', 15, 'KABUPATEN SAROLANGUN', 'KABUPATEN SAROLANGUN'),
(91, '1504', 15, 'KABUPATEN BATANG HARI', 'KABUPATEN BATANG HARI'),
(92, '1505', 15, 'KABUPATEN MUARO JAMBI', 'KABUPATEN MUARO JAMBI'),
(93, '1506', 15, 'KABUPATEN TANJUNG JABUNG TIMUR', 'KABUPATEN TANJUNG JABUNG TIMUR'),
(94, '1507', 15, 'KABUPATEN TANJUNG JABUNG BARAT', 'KABUPATEN TANJUNG JABUNG BARAT'),
(95, '1508', 15, 'KABUPATEN TEBO', 'KABUPATEN TEBO'),
(96, '1509', 15, 'KABUPATEN BUNGO', 'KABUPATEN BUNGO'),
(97, '1571', 15, 'KOTA JAMBI', 'KOTA JAMBI'),
(98, '1572', 15, 'KOTA SUNGAI PENUH', 'KOTA SUNGAI PENUH'),
(99, '1601', 16, 'KABUPATEN OGAN KOMERING ULU', 'KABUPATEN OGAN KOMERING ULU'),
(100, '1602', 16, 'KABUPATEN OGAN KOMERING ILIR', 'KABUPATEN OGAN KOMERING ILIR'),
(101, '1603', 16, 'KABUPATEN MUARA ENIM', 'KABUPATEN MUARA ENIM'),
(102, '1604', 16, 'KABUPATEN LAHAT', 'KABUPATEN LAHAT'),
(103, '1605', 16, 'KABUPATEN MUSI RAWAS', 'KABUPATEN MUSI RAWAS'),
(104, '1606', 16, 'KABUPATEN MUSI BANYUASIN', 'KABUPATEN MUSI BANYUASIN'),
(105, '1607', 16, 'KABUPATEN BANYU ASIN', 'KABUPATEN BANYU ASIN'),
(106, '1608', 16, 'KABUPATEN OGAN KOMERING ULU SELATAN', 'KABUPATEN OGAN KOMERING ULU SELATAN'),
(107, '1609', 16, 'KABUPATEN OGAN KOMERING ULU TIMUR', 'KABUPATEN OGAN KOMERING ULU TIMUR'),
(108, '1610', 16, 'KABUPATEN OGAN ILIR', 'KABUPATEN OGAN ILIR'),
(109, '1611', 16, 'KABUPATEN EMPAT LAWANG', 'KABUPATEN EMPAT LAWANG'),
(110, '1612', 16, 'KABUPATEN PENUKAL ABAB LEMATANG ILIR', 'KABUPATEN PENUKAL ABAB LEMATANG ILIR'),
(111, '1613', 16, 'KABUPATEN MUSI RAWAS UTARA', 'KABUPATEN MUSI RAWAS UTARA'),
(112, '1671', 16, 'KOTA PALEMBANG', 'KOTA PALEMBANG'),
(113, '1672', 16, 'KOTA PRABUMULIH', 'KOTA PRABUMULIH'),
(114, '1673', 16, 'KOTA PAGAR ALAM', 'KOTA PAGAR ALAM'),
(115, '1674', 16, 'KOTA LUBUKLINGGAU', 'KOTA LUBUKLINGGAU'),
(116, '1701', 17, 'KABUPATEN BENGKULU SELATAN', 'KABUPATEN BENGKULU SELATAN'),
(117, '1702', 17, 'KABUPATEN REJANG LEBONG', 'KABUPATEN REJANG LEBONG'),
(118, '1703', 17, 'KABUPATEN BENGKULU UTARA', 'KABUPATEN BENGKULU UTARA'),
(119, '1704', 17, 'KABUPATEN KAUR', 'KABUPATEN KAUR'),
(120, '1705', 17, 'KABUPATEN SELUMA', 'KABUPATEN SELUMA'),
(121, '1706', 17, 'KABUPATEN MUKOMUKO', 'KABUPATEN MUKOMUKO'),
(122, '1707', 17, 'KABUPATEN LEBONG', 'KABUPATEN LEBONG'),
(123, '1708', 17, 'KABUPATEN KEPAHIANG', 'KABUPATEN KEPAHIANG'),
(124, '1709', 17, 'KABUPATEN BENGKULU TENGAH', 'KABUPATEN BENGKULU TENGAH'),
(125, '1771', 17, 'KOTA BENGKULU', 'KOTA BENGKULU'),
(126, '1801', 18, 'KABUPATEN LAMPUNG BARAT', 'KABUPATEN LAMPUNG BARAT'),
(127, '1802', 18, 'KABUPATEN TANGGAMUS', 'KABUPATEN TANGGAMUS'),
(128, '1803', 18, 'KABUPATEN LAMPUNG SELATAN', 'KABUPATEN LAMPUNG SELATAN'),
(129, '1804', 18, 'KABUPATEN LAMPUNG TIMUR', 'KABUPATEN LAMPUNG TIMUR'),
(130, '1805', 18, 'KABUPATEN LAMPUNG TENGAH', 'KABUPATEN LAMPUNG TENGAH'),
(131, '1806', 18, 'KABUPATEN LAMPUNG UTARA', 'KABUPATEN LAMPUNG UTARA'),
(132, '1807', 18, 'KABUPATEN WAY KANAN', 'KABUPATEN WAY KANAN'),
(133, '1808', 18, 'KABUPATEN TULANGBAWANG', 'KABUPATEN TULANGBAWANG'),
(134, '1809', 18, 'KABUPATEN PESAWARAN', 'KABUPATEN PESAWARAN'),
(135, '1810', 18, 'KABUPATEN PRINGSEWU', 'KABUPATEN PRINGSEWU'),
(136, '1811', 18, 'KABUPATEN MESUJI', 'KABUPATEN MESUJI'),
(137, '1812', 18, 'KABUPATEN TULANG BAWANG BARAT', 'KABUPATEN TULANG BAWANG BARAT'),
(138, '1813', 18, 'KABUPATEN PESISIR BARAT', 'KABUPATEN PESISIR BARAT'),
(139, '1871', 18, 'KOTA BANDAR LAMPUNG', 'KOTA BANDAR LAMPUNG'),
(140, '1872', 18, 'KOTA METRO', 'KOTA METRO'),
(141, '1901', 19, 'KABUPATEN BANGKA', 'KABUPATEN BANGKA'),
(142, '1902', 19, 'KABUPATEN BELITUNG', 'KABUPATEN BELITUNG'),
(143, '1903', 19, 'KABUPATEN BANGKA BARAT', 'KABUPATEN BANGKA BARAT'),
(144, '1904', 19, 'KABUPATEN BANGKA TENGAH', 'KABUPATEN BANGKA TENGAH'),
(145, '1905', 19, 'KABUPATEN BANGKA SELATAN', 'KABUPATEN BANGKA SELATAN'),
(146, '1906', 19, 'KABUPATEN BELITUNG TIMUR', 'KABUPATEN BELITUNG TIMUR'),
(147, '1971', 19, 'KOTA PANGKAL PINANG', 'KOTA PANGKAL PINANG'),
(148, '2101', 21, 'KABUPATEN KARIMUN', 'KABUPATEN KARIMUN'),
(149, '2102', 21, 'KABUPATEN BINTAN', 'KABUPATEN BINTAN'),
(150, '2103', 21, 'KABUPATEN NATUNA', 'KABUPATEN NATUNA'),
(151, '2104', 21, 'KABUPATEN LINGGA', 'KABUPATEN LINGGA'),
(152, '2105', 21, 'KABUPATEN KEPULAUAN ANAMBAS', 'KABUPATEN KEPULAUAN ANAMBAS'),
(153, '2171', 21, 'KOTA B A T A M', 'KOTA B A T A M'),
(154, '2172', 21, 'KOTA TANJUNG PINANG', 'KOTA TANJUNG PINANG'),
(155, '3101', 31, 'KABUPATEN KEPULAUAN SERIBU', 'KABUPATEN KEPULAUAN SERIBU'),
(156, '3171', 31, 'KOTA JAKARTA SELATAN', 'KOTA JAKARTA SELATAN'),
(157, '3172', 31, 'KOTA JAKARTA TIMUR', 'KOTA JAKARTA TIMUR'),
(158, '3173', 31, 'KOTA JAKARTA PUSAT', 'KOTA JAKARTA PUSAT'),
(159, '3174', 31, 'KOTA JAKARTA BARAT', 'KOTA JAKARTA BARAT'),
(160, '3175', 31, 'KOTA JAKARTA UTARA', 'KOTA JAKARTA UTARA'),
(161, '3201', 32, 'KABUPATEN BOGOR', 'KABUPATEN BOGOR'),
(162, '3202', 32, 'KABUPATEN SUKABUMI', 'KABUPATEN SUKABUMI'),
(163, '3203', 32, 'KABUPATEN CIANJUR', 'KABUPATEN CIANJUR'),
(164, '3204', 32, 'KABUPATEN BANDUNG', 'KABUPATEN BANDUNG'),
(165, '3205', 32, 'KABUPATEN GARUT', 'KABUPATEN GARUT'),
(166, '3206', 32, 'KABUPATEN TASIKMALAYA', 'KABUPATEN TASIKMALAYA'),
(167, '3207', 32, 'KABUPATEN CIAMIS', 'KABUPATEN CIAMIS'),
(168, '3208', 32, 'KABUPATEN KUNINGAN', 'KABUPATEN KUNINGAN'),
(169, '3209', 32, 'KABUPATEN CIREBON', 'KABUPATEN CIREBON'),
(170, '3210', 32, 'KABUPATEN MAJALENGKA', 'KABUPATEN MAJALENGKA'),
(171, '3211', 32, 'KABUPATEN SUMEDANG', 'KABUPATEN SUMEDANG'),
(172, '3212', 32, 'KABUPATEN INDRAMAYU', 'KABUPATEN INDRAMAYU'),
(173, '3213', 32, 'KABUPATEN SUBANG', 'KABUPATEN SUBANG'),
(174, '3214', 32, 'KABUPATEN PURWAKARTA', 'KABUPATEN PURWAKARTA'),
(175, '3215', 32, 'KABUPATEN KARAWANG', 'KABUPATEN KARAWANG'),
(176, '3216', 32, 'KABUPATEN BEKASI', 'KABUPATEN BEKASI'),
(177, '3217', 32, 'KABUPATEN BANDUNG BARAT', 'KABUPATEN BANDUNG BARAT'),
(178, '3218', 32, 'KABUPATEN PANGANDARAN', 'KABUPATEN PANGANDARAN'),
(179, '3271', 32, 'KOTA BOGOR', 'KOTA BOGOR'),
(180, '3272', 32, 'KOTA SUKABUMI', 'KOTA SUKABUMI'),
(181, '3273', 32, 'KOTA BANDUNG', 'KOTA BANDUNG'),
(182, '3274', 32, 'KOTA CIREBON', 'KOTA CIREBON'),
(183, '3275', 32, 'KOTA BEKASI', 'KOTA BEKASI'),
(184, '3276', 32, 'KOTA DEPOK', 'KOTA DEPOK'),
(185, '3277', 32, 'KOTA CIMAHI', 'KOTA CIMAHI'),
(186, '3278', 32, 'KOTA TASIKMALAYA', 'KOTA TASIKMALAYA'),
(187, '3279', 32, 'KOTA BANJAR', 'KOTA BANJAR'),
(188, '3301', 33, 'KABUPATEN CILACAP', 'KABUPATEN CILACAP'),
(189, '3302', 33, 'KABUPATEN BANYUMAS', 'KABUPATEN BANYUMAS'),
(190, '3303', 33, 'KABUPATEN PURBALINGGA', 'KABUPATEN PURBALINGGA'),
(191, '3304', 33, 'KABUPATEN BANJARNEGARA', 'KABUPATEN BANJARNEGARA'),
(192, '3305', 33, 'KABUPATEN KEBUMEN', 'KABUPATEN KEBUMEN'),
(193, '3306', 33, 'KABUPATEN PURWOREJO', 'KABUPATEN PURWOREJO'),
(194, '3307', 33, 'KABUPATEN WONOSOBO', 'KABUPATEN WONOSOBO'),
(195, '3308', 33, 'KABUPATEN MAGELANG', 'KABUPATEN MAGELANG'),
(196, '3309', 33, 'KABUPATEN BOYOLALI', 'KABUPATEN BOYOLALI'),
(197, '3310', 33, 'KABUPATEN KLATEN', 'KABUPATEN KLATEN'),
(198, '3311', 33, 'KABUPATEN SUKOHARJO', 'KABUPATEN SUKOHARJO'),
(199, '3312', 33, 'KABUPATEN WONOGIRI', 'KABUPATEN WONOGIRI'),
(200, '3313', 33, 'KABUPATEN KARANGANYAR', 'KABUPATEN KARANGANYAR'),
(201, '3314', 33, 'KABUPATEN SRAGEN', 'KABUPATEN SRAGEN'),
(202, '3315', 33, 'KABUPATEN GROBOGAN', 'KABUPATEN GROBOGAN'),
(203, '3316', 33, 'KABUPATEN BLORA', 'KABUPATEN BLORA'),
(204, '3317', 33, 'KABUPATEN REMBANG', 'KABUPATEN REMBANG'),
(205, '3318', 33, 'KABUPATEN PATI', 'KABUPATEN PATI'),
(206, '3319', 33, 'KABUPATEN KUDUS', 'KABUPATEN KUDUS'),
(207, '3320', 33, 'KABUPATEN JEPARA', 'KABUPATEN JEPARA'),
(208, '3321', 33, 'KABUPATEN DEMAK', 'KABUPATEN DEMAK'),
(209, '3322', 33, 'KABUPATEN SEMARANG', 'KABUPATEN SEMARANG'),
(210, '3323', 33, 'KABUPATEN TEMANGGUNG', 'KABUPATEN TEMANGGUNG'),
(211, '3324', 33, 'KABUPATEN KENDAL', 'KABUPATEN KENDAL'),
(212, '3325', 33, 'KABUPATEN BATANG', 'KABUPATEN BATANG'),
(213, '3326', 33, 'KABUPATEN PEKALONGAN', 'KABUPATEN PEKALONGAN'),
(214, '3327', 33, 'KABUPATEN PEMALANG', 'KABUPATEN PEMALANG'),
(215, '3328', 33, 'KABUPATEN TEGAL', 'KABUPATEN TEGAL'),
(216, '3329', 33, 'KABUPATEN BREBES', 'KABUPATEN BREBES'),
(217, '3371', 33, 'KOTA MAGELANG', 'KOTA MAGELANG'),
(218, '3372', 33, 'KOTA SURAKARTA', 'KOTA SURAKARTA'),
(219, '3373', 33, 'KOTA SALATIGA', 'KOTA SALATIGA'),
(220, '3374', 33, 'KOTA SEMARANG', 'KOTA SEMARANG'),
(221, '3375', 33, 'KOTA PEKALONGAN', 'KOTA PEKALONGAN'),
(222, '3376', 33, 'KOTA TEGAL', 'KOTA TEGAL'),
(223, '3401', 34, 'KABUPATEN KULON PROGO', 'KABUPATEN KULON PROGO'),
(224, '3402', 34, 'KABUPATEN BANTUL', 'KABUPATEN BANTUL'),
(225, '3403', 34, 'KABUPATEN GUNUNG KIDUL', 'KABUPATEN GUNUNG KIDUL'),
(226, '3404', 34, 'KABUPATEN SLEMAN', 'KABUPATEN SLEMAN'),
(227, '3471', 34, 'KOTA YOGYAKARTA', 'KOTA YOGYAKARTA'),
(228, '3501', 35, 'KABUPATEN PACITAN', 'KABUPATEN PACITAN'),
(229, '3502', 35, 'KABUPATEN PONOROGO', 'KABUPATEN PONOROGO'),
(230, '3503', 35, 'KABUPATEN TRENGGALEK', 'KABUPATEN TRENGGALEK'),
(231, '3504', 35, 'KABUPATEN TULUNGAGUNG', 'KABUPATEN TULUNGAGUNG'),
(232, '3505', 35, 'KABUPATEN BLITAR', 'KABUPATEN BLITAR'),
(233, '3506', 35, 'KABUPATEN KEDIRI', 'KABUPATEN KEDIRI'),
(234, '3507', 35, 'KABUPATEN MALANG', 'KABUPATEN MALANG'),
(235, '3508', 35, 'KABUPATEN LUMAJANG', 'KABUPATEN LUMAJANG'),
(236, '3509', 35, 'KABUPATEN JEMBER', 'KABUPATEN JEMBER'),
(237, '3510', 35, 'KABUPATEN BANYUWANGI', 'KABUPATEN BANYUWANGI'),
(238, '3511', 35, 'KABUPATEN BONDOWOSO', 'KABUPATEN BONDOWOSO'),
(239, '3512', 35, 'KABUPATEN SITUBONDO', 'KABUPATEN SITUBONDO'),
(240, '3513', 35, 'KABUPATEN PROBOLINGGO', 'KABUPATEN PROBOLINGGO'),
(241, '3514', 35, 'KABUPATEN PASURUAN', 'KABUPATEN PASURUAN'),
(242, '3515', 35, 'KABUPATEN SIDOARJO', 'KABUPATEN SIDOARJO'),
(243, '3516', 35, 'KABUPATEN MOJOKERTO', 'KABUPATEN MOJOKERTO'),
(244, '3517', 35, 'KABUPATEN JOMBANG', 'KABUPATEN JOMBANG'),
(245, '3518', 35, 'KABUPATEN NGANJUK', 'KABUPATEN NGANJUK'),
(246, '3519', 35, 'KABUPATEN MADIUN', 'KABUPATEN MADIUN'),
(247, '3520', 35, 'KABUPATEN MAGETAN', 'KABUPATEN MAGETAN'),
(248, '3521', 35, 'KABUPATEN NGAWI', 'KABUPATEN NGAWI'),
(249, '3522', 35, 'KABUPATEN BOJONEGORO', 'KABUPATEN BOJONEGORO'),
(250, '3523', 35, 'KABUPATEN TUBAN', 'KABUPATEN TUBAN'),
(251, '3524', 35, 'KABUPATEN LAMONGAN', 'KABUPATEN LAMONGAN'),
(252, '3525', 35, 'KABUPATEN GRESIK', 'KABUPATEN GRESIK'),
(253, '3526', 35, 'KABUPATEN BANGKALAN', 'KABUPATEN BANGKALAN'),
(254, '3527', 35, 'KABUPATEN SAMPANG', 'KABUPATEN SAMPANG'),
(255, '3528', 35, 'KABUPATEN PAMEKASAN', 'KABUPATEN PAMEKASAN'),
(256, '3529', 35, 'KABUPATEN SUMENEP', 'KABUPATEN SUMENEP'),
(257, '3571', 35, 'KOTA KEDIRI', 'KOTA KEDIRI'),
(258, '3572', 35, 'KOTA BLITAR', 'KOTA BLITAR'),
(259, '3573', 35, 'KOTA MALANG', 'KOTA MALANG'),
(260, '3574', 35, 'KOTA PROBOLINGGO', 'KOTA PROBOLINGGO'),
(261, '3575', 35, 'KOTA PASURUAN', 'KOTA PASURUAN'),
(262, '3576', 35, 'KOTA MOJOKERTO', 'KOTA MOJOKERTO'),
(263, '3577', 35, 'KOTA MADIUN', 'KOTA MADIUN'),
(264, '3578', 35, 'KOTA SURABAYA', 'KOTA SURABAYA'),
(265, '3579', 35, 'KOTA BATU', 'KOTA BATU'),
(266, '3601', 36, 'KABUPATEN PANDEGLANG', 'KABUPATEN PANDEGLANG'),
(267, '3602', 36, 'KABUPATEN LEBAK', 'KABUPATEN LEBAK'),
(268, '3603', 36, 'KABUPATEN TANGERANG', 'KABUPATEN TANGERANG'),
(269, '3604', 36, 'KABUPATEN SERANG', 'KABUPATEN SERANG'),
(270, '3671', 36, 'KOTA TANGERANG', 'KOTA TANGERANG'),
(271, '3672', 36, 'KOTA CILEGON', 'KOTA CILEGON'),
(272, '3673', 36, 'KOTA SERANG', 'KOTA SERANG'),
(273, '3674', 36, 'KOTA TANGERANG SELATAN', 'KOTA TANGERANG SELATAN'),
(274, '5101', 51, 'KABUPATEN JEMBRANA', 'KABUPATEN JEMBRANA'),
(275, '5102', 51, 'KABUPATEN TABANAN', 'KABUPATEN TABANAN'),
(276, '5103', 51, 'KABUPATEN BADUNG', 'KABUPATEN BADUNG'),
(277, '5104', 51, 'KABUPATEN GIANYAR', 'KABUPATEN GIANYAR'),
(278, '5105', 51, 'KABUPATEN KLUNGKUNG', 'KABUPATEN KLUNGKUNG'),
(279, '5106', 51, 'KABUPATEN BANGLI', 'KABUPATEN BANGLI'),
(280, '5107', 51, 'KABUPATEN KARANG ASEM', 'KABUPATEN KARANG ASEM'),
(281, '5108', 51, 'KABUPATEN BULELENG', 'KABUPATEN BULELENG'),
(282, '5171', 51, 'KOTA DENPASAR', 'KOTA DENPASAR'),
(283, '5201', 52, 'KABUPATEN LOMBOK BARAT', 'KABUPATEN LOMBOK BARAT'),
(284, '5202', 52, 'KABUPATEN LOMBOK TENGAH', 'KABUPATEN LOMBOK TENGAH'),
(285, '5203', 52, 'KABUPATEN LOMBOK TIMUR', 'KABUPATEN LOMBOK TIMUR'),
(286, '5204', 52, 'KABUPATEN SUMBAWA', 'KABUPATEN SUMBAWA'),
(287, '5205', 52, 'KABUPATEN DOMPU', 'KABUPATEN DOMPU'),
(288, '5206', 52, 'KABUPATEN BIMA', 'KABUPATEN BIMA'),
(289, '5207', 52, 'KABUPATEN SUMBAWA BARAT', 'KABUPATEN SUMBAWA BARAT'),
(290, '5208', 52, 'KABUPATEN LOMBOK UTARA', 'KABUPATEN LOMBOK UTARA'),
(291, '5271', 52, 'KOTA MATARAM', 'KOTA MATARAM'),
(292, '5272', 52, 'KOTA BIMA', 'KOTA BIMA'),
(293, '5301', 53, 'KABUPATEN SUMBA BARAT', 'KABUPATEN SUMBA BARAT'),
(294, '5302', 53, 'KABUPATEN SUMBA TIMUR', 'KABUPATEN SUMBA TIMUR'),
(295, '5303', 53, 'KABUPATEN KUPANG', 'KABUPATEN KUPANG'),
(296, '5304', 53, 'KABUPATEN TIMOR TENGAH SELATAN', 'KABUPATEN TIMOR TENGAH SELATAN'),
(297, '5305', 53, 'KABUPATEN TIMOR TENGAH UTARA', 'KABUPATEN TIMOR TENGAH UTARA'),
(298, '5306', 53, 'KABUPATEN BELU', 'KABUPATEN BELU'),
(299, '5307', 53, 'KABUPATEN ALOR', 'KABUPATEN ALOR'),
(300, '5308', 53, 'KABUPATEN LEMBATA', 'KABUPATEN LEMBATA'),
(301, '5309', 53, 'KABUPATEN FLORES TIMUR', 'KABUPATEN FLORES TIMUR'),
(302, '5310', 53, 'KABUPATEN SIKKA', 'KABUPATEN SIKKA'),
(303, '5311', 53, 'KABUPATEN ENDE', 'KABUPATEN ENDE'),
(304, '5312', 53, 'KABUPATEN NGADA', 'KABUPATEN NGADA'),
(305, '5313', 53, 'KABUPATEN MANGGARAI', 'KABUPATEN MANGGARAI'),
(306, '5314', 53, 'KABUPATEN ROTE NDAO', 'KABUPATEN ROTE NDAO'),
(307, '5315', 53, 'KABUPATEN MANGGARAI BARAT', 'KABUPATEN MANGGARAI BARAT'),
(308, '5316', 53, 'KABUPATEN SUMBA TENGAH', 'KABUPATEN SUMBA TENGAH'),
(309, '5317', 53, 'KABUPATEN SUMBA BARAT DAYA', 'KABUPATEN SUMBA BARAT DAYA'),
(310, '5318', 53, 'KABUPATEN NAGEKEO', 'KABUPATEN NAGEKEO'),
(311, '5319', 53, 'KABUPATEN MANGGARAI TIMUR', 'KABUPATEN MANGGARAI TIMUR'),
(312, '5320', 53, 'KABUPATEN SABU RAIJUA', 'KABUPATEN SABU RAIJUA'),
(313, '5321', 53, 'KABUPATEN MALAKA', 'KABUPATEN MALAKA'),
(314, '5371', 53, 'KOTA KUPANG', 'KOTA KUPANG'),
(315, '6101', 61, 'KABUPATEN SAMBAS', 'KABUPATEN SAMBAS'),
(316, '6102', 61, 'KABUPATEN BENGKAYANG', 'KABUPATEN BENGKAYANG'),
(317, '6103', 61, 'KABUPATEN LANDAK', 'KABUPATEN LANDAK'),
(318, '6104', 61, 'KABUPATEN MEMPAWAH', 'KABUPATEN MEMPAWAH'),
(319, '6105', 61, 'KABUPATEN SANGGAU', 'KABUPATEN SANGGAU'),
(320, '6106', 61, 'KABUPATEN KETAPANG', 'KABUPATEN KETAPANG'),
(321, '6107', 61, 'KABUPATEN SINTANG', 'KABUPATEN SINTANG'),
(322, '6108', 61, 'KABUPATEN KAPUAS HULU', 'KABUPATEN KAPUAS HULU'),
(323, '6109', 61, 'KABUPATEN SEKADAU', 'KABUPATEN SEKADAU'),
(324, '6110', 61, 'KABUPATEN MELAWI', 'KABUPATEN MELAWI'),
(325, '6111', 61, 'KABUPATEN KAYONG UTARA', 'KABUPATEN KAYONG UTARA'),
(326, '6112', 61, 'KABUPATEN KUBU RAYA', 'KABUPATEN KUBU RAYA'),
(327, '6171', 61, 'KOTA PONTIANAK', 'KOTA PONTIANAK'),
(328, '6172', 61, 'KOTA SINGKAWANG', 'KOTA SINGKAWANG'),
(329, '6201', 62, 'KABUPATEN KOTAWARINGIN BARAT', 'KABUPATEN KOTAWARINGIN BARAT'),
(330, '6202', 62, 'KABUPATEN KOTAWARINGIN TIMUR', 'KABUPATEN KOTAWARINGIN TIMUR'),
(331, '6203', 62, 'KABUPATEN KAPUAS', 'KABUPATEN KAPUAS'),
(332, '6204', 62, 'KABUPATEN BARITO SELATAN', 'KABUPATEN BARITO SELATAN'),
(333, '6205', 62, 'KABUPATEN BARITO UTARA', 'KABUPATEN BARITO UTARA'),
(334, '6206', 62, 'KABUPATEN SUKAMARA', 'KABUPATEN SUKAMARA'),
(335, '6207', 62, 'KABUPATEN LAMANDAU', 'KABUPATEN LAMANDAU'),
(336, '6208', 62, 'KABUPATEN SERUYAN', 'KABUPATEN SERUYAN'),
(337, '6209', 62, 'KABUPATEN KATINGAN', 'KABUPATEN KATINGAN'),
(338, '6210', 62, 'KABUPATEN PULANG PISAU', 'KABUPATEN PULANG PISAU'),
(339, '6211', 62, 'KABUPATEN GUNUNG MAS', 'KABUPATEN GUNUNG MAS'),
(340, '6212', 62, 'KABUPATEN BARITO TIMUR', 'KABUPATEN BARITO TIMUR'),
(341, '6213', 62, 'KABUPATEN MURUNG RAYA', 'KABUPATEN MURUNG RAYA'),
(342, '6271', 62, 'KOTA PALANGKA RAYA', 'KOTA PALANGKA RAYA'),
(343, '6301', 63, 'KABUPATEN TANAH LAUT', 'KABUPATEN TANAH LAUT'),
(344, '6302', 63, 'KABUPATEN KOTA BARU', 'KABUPATEN KOTA BARU'),
(345, '6303', 63, 'KABUPATEN BANJAR', 'KABUPATEN BANJAR'),
(346, '6304', 63, 'KABUPATEN BARITO KUALA', 'KABUPATEN BARITO KUALA'),
(347, '6305', 63, 'KABUPATEN TAPIN', 'KABUPATEN TAPIN'),
(348, '6306', 63, 'KABUPATEN HULU SUNGAI SELATAN', 'KABUPATEN HULU SUNGAI SELATAN'),
(349, '6307', 63, 'KABUPATEN HULU SUNGAI TENGAH', 'KABUPATEN HULU SUNGAI TENGAH'),
(350, '6308', 63, 'KABUPATEN HULU SUNGAI UTARA', 'KABUPATEN HULU SUNGAI UTARA'),
(351, '6309', 63, 'KABUPATEN TABALONG', 'KABUPATEN TABALONG'),
(352, '6310', 63, 'KABUPATEN TANAH BUMBU', 'KABUPATEN TANAH BUMBU'),
(353, '6311', 63, 'KABUPATEN BALANGAN', 'KABUPATEN BALANGAN'),
(354, '6371', 63, 'KOTA BANJARMASIN', 'KOTA BANJARMASIN'),
(355, '6372', 63, 'KOTA BANJAR BARU', 'KOTA BANJAR BARU'),
(356, '6401', 64, 'KABUPATEN PASER', 'KABUPATEN PASER'),
(357, '6402', 64, 'KABUPATEN KUTAI BARAT', 'KABUPATEN KUTAI BARAT'),
(358, '6403', 64, 'KABUPATEN KUTAI KARTANEGARA', 'KABUPATEN KUTAI KARTANEGARA'),
(359, '6404', 64, 'KABUPATEN KUTAI TIMUR', 'KABUPATEN KUTAI TIMUR'),
(360, '6405', 64, 'KABUPATEN BERAU', 'KABUPATEN BERAU'),
(361, '6409', 64, 'KABUPATEN PENAJAM PASER UTARA', 'KABUPATEN PENAJAM PASER UTARA'),
(362, '6411', 64, 'KABUPATEN MAHAKAM HULU', 'KABUPATEN MAHAKAM HULU'),
(363, '6471', 64, 'KOTA BALIKPAPAN', 'KOTA BALIKPAPAN'),
(364, '6472', 64, 'KOTA SAMARINDA', 'KOTA SAMARINDA'),
(365, '6474', 64, 'KOTA BONTANG', 'KOTA BONTANG'),
(366, '6501', 65, 'KABUPATEN MALINAU', 'KABUPATEN MALINAU'),
(367, '6502', 65, 'KABUPATEN BULUNGAN', 'KABUPATEN BULUNGAN'),
(368, '6503', 65, 'KABUPATEN TANA TIDUNG', 'KABUPATEN TANA TIDUNG'),
(369, '6504', 65, 'KABUPATEN NUNUKAN', 'KABUPATEN NUNUKAN'),
(370, '6571', 65, 'KOTA TARAKAN', 'KOTA TARAKAN'),
(371, '7101', 71, 'KABUPATEN BOLAANG MONGONDOW', 'KABUPATEN BOLAANG MONGONDOW'),
(372, '7102', 71, 'KABUPATEN MINAHASA', 'KABUPATEN MINAHASA'),
(373, '7103', 71, 'KABUPATEN KEPULAUAN SANGIHE', 'KABUPATEN KEPULAUAN SANGIHE'),
(374, '7104', 71, 'KABUPATEN KEPULAUAN TALAUD', 'KABUPATEN KEPULAUAN TALAUD'),
(375, '7105', 71, 'KABUPATEN MINAHASA SELATAN', 'KABUPATEN MINAHASA SELATAN'),
(376, '7106', 71, 'KABUPATEN MINAHASA UTARA', 'KABUPATEN MINAHASA UTARA'),
(377, '7107', 71, 'KABUPATEN BOLAANG MONGONDOW UTARA', 'KABUPATEN BOLAANG MONGONDOW UTARA'),
(378, '7108', 71, 'KABUPATEN SIAU TAGULANDANG BIARO', 'KABUPATEN SIAU TAGULANDANG BIARO'),
(379, '7109', 71, 'KABUPATEN MINAHASA TENGGARA', 'KABUPATEN MINAHASA TENGGARA'),
(380, '7110', 71, 'KABUPATEN BOLAANG MONGONDOW SELATAN', 'KABUPATEN BOLAANG MONGONDOW SELATAN'),
(381, '7111', 71, 'KABUPATEN BOLAANG MONGONDOW TIMUR', 'KABUPATEN BOLAANG MONGONDOW TIMUR'),
(382, '7171', 71, 'KOTA MANADO', 'KOTA MANADO'),
(383, '7172', 71, 'KOTA BITUNG', 'KOTA BITUNG'),
(384, '7173', 71, 'KOTA TOMOHON', 'KOTA TOMOHON'),
(385, '7174', 71, 'KOTA KOTAMOBAGU', 'KOTA KOTAMOBAGU'),
(386, '7201', 72, 'KABUPATEN BANGGAI KEPULAUAN', 'KABUPATEN BANGGAI KEPULAUAN'),
(387, '7202', 72, 'KABUPATEN BANGGAI', 'KABUPATEN BANGGAI'),
(388, '7203', 72, 'KABUPATEN MOROWALI', 'KABUPATEN MOROWALI'),
(389, '7204', 72, 'KABUPATEN POSO', 'KABUPATEN POSO'),
(390, '7205', 72, 'KABUPATEN DONGGALA', 'KABUPATEN DONGGALA'),
(391, '7206', 72, 'KABUPATEN TOLI-TOLI', 'KABUPATEN TOLI-TOLI'),
(392, '7207', 72, 'KABUPATEN BUOL', 'KABUPATEN BUOL'),
(393, '7208', 72, 'KABUPATEN PARIGI MOUTONG', 'KABUPATEN PARIGI MOUTONG'),
(394, '7209', 72, 'KABUPATEN TOJO UNA-UNA', 'KABUPATEN TOJO UNA-UNA'),
(395, '7210', 72, 'KABUPATEN SIGI', 'KABUPATEN SIGI'),
(396, '7211', 72, 'KABUPATEN BANGGAI LAUT', 'KABUPATEN BANGGAI LAUT'),
(397, '7212', 72, 'KABUPATEN MOROWALI UTARA', 'KABUPATEN MOROWALI UTARA'),
(398, '7271', 72, 'KOTA PALU', 'KOTA PALU'),
(399, '7301', 73, 'KABUPATEN KEPULAUAN SELAYAR', 'KABUPATEN KEPULAUAN SELAYAR'),
(400, '7302', 73, 'KABUPATEN BULUKUMBA', 'KABUPATEN BULUKUMBA'),
(401, '7303', 73, 'KABUPATEN BANTAENG', 'KABUPATEN BANTAENG'),
(402, '7304', 73, 'KABUPATEN JENEPONTO', 'KABUPATEN JENEPONTO'),
(403, '7305', 73, 'KABUPATEN TAKALAR', 'KABUPATEN TAKALAR'),
(404, '7306', 73, 'KABUPATEN GOWA', 'KABUPATEN GOWA'),
(405, '7307', 73, 'KABUPATEN SINJAI', 'KABUPATEN SINJAI'),
(406, '7308', 73, 'KABUPATEN MAROS', 'KABUPATEN MAROS'),
(407, '7309', 73, 'KABUPATEN PANGKAJENE DAN KEPULAUAN', 'KABUPATEN PANGKAJENE DAN KEPULAUAN'),
(408, '7310', 73, 'KABUPATEN BARRU', 'KABUPATEN BARRU'),
(409, '7311', 73, 'KABUPATEN BONE', 'KABUPATEN BONE'),
(410, '7312', 73, 'KABUPATEN SOPPENG', 'KABUPATEN SOPPENG'),
(411, '7313', 73, 'KABUPATEN WAJO', 'KABUPATEN WAJO'),
(412, '7314', 73, 'KABUPATEN SIDENRENG RAPPANG', 'KABUPATEN SIDENRENG RAPPANG'),
(413, '7315', 73, 'KABUPATEN PINRANG', 'KABUPATEN PINRANG'),
(414, '7316', 73, 'KABUPATEN ENREKANG', 'KABUPATEN ENREKANG'),
(415, '7317', 73, 'KABUPATEN LUWU', 'KABUPATEN LUWU'),
(416, '7318', 73, 'KABUPATEN TANA TORAJA', 'KABUPATEN TANA TORAJA'),
(417, '7322', 73, 'KABUPATEN LUWU UTARA', 'KABUPATEN LUWU UTARA'),
(418, '7325', 73, 'KABUPATEN LUWU TIMUR', 'KABUPATEN LUWU TIMUR'),
(419, '7326', 73, 'KABUPATEN TORAJA UTARA', 'KABUPATEN TORAJA UTARA'),
(420, '7371', 73, 'KOTA MAKASSAR', 'KOTA MAKASSAR'),
(421, '7372', 73, 'KOTA PAREPARE', 'KOTA PAREPARE'),
(422, '7373', 73, 'KOTA PALOPO', 'KOTA PALOPO'),
(423, '7401', 74, 'KABUPATEN BUTON', 'KABUPATEN BUTON'),
(424, '7402', 74, 'KABUPATEN MUNA', 'KABUPATEN MUNA'),
(425, '7403', 74, 'KABUPATEN KONAWE', 'KABUPATEN KONAWE'),
(426, '7404', 74, 'KABUPATEN KOLAKA', 'KABUPATEN KOLAKA'),
(427, '7405', 74, 'KABUPATEN KONAWE SELATAN', 'KABUPATEN KONAWE SELATAN'),
(428, '7406', 74, 'KABUPATEN BOMBANA', 'KABUPATEN BOMBANA'),
(429, '7407', 74, 'KABUPATEN WAKATOBI', 'KABUPATEN WAKATOBI'),
(430, '7408', 74, 'KABUPATEN KOLAKA UTARA', 'KABUPATEN KOLAKA UTARA'),
(431, '7409', 74, 'KABUPATEN BUTON UTARA', 'KABUPATEN BUTON UTARA'),
(432, '7410', 74, 'KABUPATEN KONAWE UTARA', 'KABUPATEN KONAWE UTARA'),
(433, '7411', 74, 'KABUPATEN KOLAKA TIMUR', 'KABUPATEN KOLAKA TIMUR'),
(434, '7412', 74, 'KABUPATEN KONAWE KEPULAUAN', 'KABUPATEN KONAWE KEPULAUAN'),
(435, '7413', 74, 'KABUPATEN MUNA BARAT', 'KABUPATEN MUNA BARAT'),
(436, '7414', 74, 'KABUPATEN BUTON TENGAH', 'KABUPATEN BUTON TENGAH'),
(437, '7415', 74, 'KABUPATEN BUTON SELATAN', 'KABUPATEN BUTON SELATAN'),
(438, '7471', 74, 'KOTA KENDARI', 'KOTA KENDARI'),
(439, '7472', 74, 'KOTA BAUBAU', 'KOTA BAUBAU'),
(440, '7501', 75, 'KABUPATEN BOALEMO', 'KABUPATEN BOALEMO'),
(441, '7502', 75, 'KABUPATEN GORONTALO', 'KABUPATEN GORONTALO'),
(442, '7503', 75, 'KABUPATEN POHUWATO', 'KABUPATEN POHUWATO'),
(443, '7504', 75, 'KABUPATEN BONE BOLANGO', 'KABUPATEN BONE BOLANGO'),
(444, '7505', 75, 'KABUPATEN GORONTALO UTARA', 'KABUPATEN GORONTALO UTARA'),
(445, '7571', 75, 'KOTA GORONTALO', 'KOTA GORONTALO'),
(446, '7601', 76, 'KABUPATEN MAJENE', 'KABUPATEN MAJENE'),
(447, '7602', 76, 'KABUPATEN POLEWALI MANDAR', 'KABUPATEN POLEWALI MANDAR'),
(448, '7603', 76, 'KABUPATEN MAMASA', 'KABUPATEN MAMASA'),
(449, '7604', 76, 'KABUPATEN MAMUJU', 'KABUPATEN MAMUJU'),
(450, '7605', 76, 'KABUPATEN MAMUJU UTARA', 'KABUPATEN MAMUJU UTARA'),
(451, '7606', 76, 'KABUPATEN MAMUJU TENGAH', 'KABUPATEN MAMUJU TENGAH'),
(452, '8101', 81, 'KABUPATEN MALUKU TENGGARA BARAT', 'KABUPATEN MALUKU TENGGARA BARAT'),
(453, '8102', 81, 'KABUPATEN MALUKU TENGGARA', 'KABUPATEN MALUKU TENGGARA'),
(454, '8103', 81, 'KABUPATEN MALUKU TENGAH', 'KABUPATEN MALUKU TENGAH'),
(455, '8104', 81, 'KABUPATEN BURU', 'KABUPATEN BURU'),
(456, '8105', 81, 'KABUPATEN KEPULAUAN ARU', 'KABUPATEN KEPULAUAN ARU'),
(457, '8106', 81, 'KABUPATEN SERAM BAGIAN BARAT', 'KABUPATEN SERAM BAGIAN BARAT'),
(458, '8107', 81, 'KABUPATEN SERAM BAGIAN TIMUR', 'KABUPATEN SERAM BAGIAN TIMUR'),
(459, '8108', 81, 'KABUPATEN MALUKU BARAT DAYA', 'KABUPATEN MALUKU BARAT DAYA'),
(460, '8109', 81, 'KABUPATEN BURU SELATAN', 'KABUPATEN BURU SELATAN'),
(461, '8171', 81, 'KOTA AMBON', 'KOTA AMBON'),
(462, '8172', 81, 'KOTA TUAL', 'KOTA TUAL'),
(463, '8201', 82, 'KABUPATEN HALMAHERA BARAT', 'KABUPATEN HALMAHERA BARAT'),
(464, '8202', 82, 'KABUPATEN HALMAHERA TENGAH', 'KABUPATEN HALMAHERA TENGAH'),
(465, '8203', 82, 'KABUPATEN KEPULAUAN SULA', 'KABUPATEN KEPULAUAN SULA'),
(466, '8204', 82, 'KABUPATEN HALMAHERA SELATAN', 'KABUPATEN HALMAHERA SELATAN'),
(467, '8205', 82, 'KABUPATEN HALMAHERA UTARA', 'KABUPATEN HALMAHERA UTARA'),
(468, '8206', 82, 'KABUPATEN HALMAHERA TIMUR', 'KABUPATEN HALMAHERA TIMUR'),
(469, '8207', 82, 'KABUPATEN PULAU MOROTAI', 'KABUPATEN PULAU MOROTAI'),
(470, '8208', 82, 'KABUPATEN PULAU TALIABU', 'KABUPATEN PULAU TALIABU'),
(471, '8271', 82, 'KOTA TERNATE', 'KOTA TERNATE'),
(472, '8272', 82, 'KOTA TIDORE KEPULAUAN', 'KOTA TIDORE KEPULAUAN'),
(473, '9101', 91, 'KABUPATEN FAKFAK', 'KABUPATEN FAKFAK'),
(474, '9102', 91, 'KABUPATEN KAIMANA', 'KABUPATEN KAIMANA'),
(475, '9103', 91, 'KABUPATEN TELUK WONDAMA', 'KABUPATEN TELUK WONDAMA'),
(476, '9104', 91, 'KABUPATEN TELUK BINTUNI', 'KABUPATEN TELUK BINTUNI'),
(477, '9105', 91, 'KABUPATEN MANOKWARI', 'KABUPATEN MANOKWARI'),
(478, '9106', 91, 'KABUPATEN SORONG SELATAN', 'KABUPATEN SORONG SELATAN'),
(479, '9107', 91, 'KABUPATEN SORONG', 'KABUPATEN SORONG'),
(480, '9108', 91, 'KABUPATEN RAJA AMPAT', 'KABUPATEN RAJA AMPAT'),
(481, '9109', 91, 'KABUPATEN TAMBRAUW', 'KABUPATEN TAMBRAUW'),
(482, '9110', 91, 'KABUPATEN MAYBRAT', 'KABUPATEN MAYBRAT'),
(483, '9111', 91, 'KABUPATEN MANOKWARI SELATAN', 'KABUPATEN MANOKWARI SELATAN'),
(484, '9112', 91, 'KABUPATEN PEGUNUNGAN ARFAK', 'KABUPATEN PEGUNUNGAN ARFAK'),
(485, '9171', 91, 'KOTA SORONG', 'KOTA SORONG'),
(486, '9401', 94, 'KABUPATEN MERAUKE', 'KABUPATEN MERAUKE'),
(487, '9402', 94, 'KABUPATEN JAYAWIJAYA', 'KABUPATEN JAYAWIJAYA'),
(488, '9403', 94, 'KABUPATEN JAYAPURA', 'KABUPATEN JAYAPURA'),
(489, '9404', 94, 'KABUPATEN NABIRE', 'KABUPATEN NABIRE'),
(490, '9408', 94, 'KABUPATEN KEPULAUAN YAPEN', 'KABUPATEN KEPULAUAN YAPEN'),
(491, '9409', 94, 'KABUPATEN BIAK NUMFOR', 'KABUPATEN BIAK NUMFOR'),
(492, '9410', 94, 'KABUPATEN PANIAI', 'KABUPATEN PANIAI'),
(493, '9411', 94, 'KABUPATEN PUNCAK JAYA', 'KABUPATEN PUNCAK JAYA'),
(494, '9412', 94, 'KABUPATEN MIMIKA', 'KABUPATEN MIMIKA'),
(495, '9413', 94, 'KABUPATEN BOVEN DIGOEL', 'KABUPATEN BOVEN DIGOEL'),
(496, '9414', 94, 'KABUPATEN MAPPI', 'KABUPATEN MAPPI'),
(497, '9415', 94, 'KABUPATEN ASMAT', 'KABUPATEN ASMAT'),
(498, '9416', 94, 'KABUPATEN YAHUKIMO', 'KABUPATEN YAHUKIMO'),
(499, '9417', 94, 'KABUPATEN PEGUNUNGAN BINTANG', 'KABUPATEN PEGUNUNGAN BINTANG'),
(500, '9418', 94, 'KABUPATEN TOLIKARA', 'KABUPATEN TOLIKARA'),
(501, '9419', 94, 'KABUPATEN SARMI', 'KABUPATEN SARMI'),
(502, '9420', 94, 'KABUPATEN KEEROM', 'KABUPATEN KEEROM'),
(503, '9426', 94, 'KABUPATEN WAROPEN', 'KABUPATEN WAROPEN'),
(504, '9427', 94, 'KABUPATEN SUPIORI', 'KABUPATEN SUPIORI'),
(505, '9428', 94, 'KABUPATEN MAMBERAMO RAYA', 'KABUPATEN MAMBERAMO RAYA'),
(506, '9429', 94, 'KABUPATEN NDUGA', 'KABUPATEN NDUGA'),
(507, '9430', 94, 'KABUPATEN LANNY JAYA', 'KABUPATEN LANNY JAYA'),
(508, '9431', 94, 'KABUPATEN MAMBERAMO TENGAH', 'KABUPATEN MAMBERAMO TENGAH'),
(509, '9432', 94, 'KABUPATEN YALIMO', 'KABUPATEN YALIMO'),
(510, '9433', 94, 'KABUPATEN PUNCAK', 'KABUPATEN PUNCAK'),
(511, '9434', 94, 'KABUPATEN DOGIYAI', 'KABUPATEN DOGIYAI'),
(512, '9435', 94, 'KABUPATEN INTAN JAYA', 'KABUPATEN INTAN JAYA'),
(513, '9436', 94, 'KABUPATEN DEIYAI', 'KABUPATEN DEIYAI'),
(514, '9471', 94, 'KOTA JAYAPURA', 'KOTA JAYAPURA'),
(515, '006', 71, 'modoinding', 'modo');

-- --------------------------------------------------------

--
-- Struktur dari tabel `Satuan`
--

CREATE TABLE IF NOT EXISTS `Satuan` (
  `idSatuan` int(11) NOT NULL,
  `Satuan` varchar(45) DEFAULT NULL
) ENGINE=InnoDB AUTO_INCREMENT=5 DEFAULT CHARSET=utf8;

--
-- Dumping data untuk tabel `Satuan`
--

INSERT INTO `Satuan` (`idSatuan`, `Satuan`) VALUES
(1, 'Kg'),
(2, 'Liter'),
(3, 'Ton'),
(4, 'Lembar');

-- --------------------------------------------------------

--
-- Struktur dari tabel `SDM`
--

CREATE TABLE IF NOT EXISTS `SDM` (
  `idSDM` int(11) NOT NULL,
  `Orang_idOrang` int(11) NOT NULL
) ENGINE=InnoDB AUTO_INCREMENT=5 DEFAULT CHARSET=utf8;

--
-- Dumping data untuk tabel `SDM`
--

INSERT INTO `SDM` (`idSDM`, `Orang_idOrang`) VALUES
(2, 1),
(3, 5),
(4, 11),
(1, 46);

-- --------------------------------------------------------

--
-- Struktur dari tabel `SDMSuratTugas`
--

CREATE TABLE IF NOT EXISTS `SDMSuratTugas` (
  `idSDMSuratTugas` int(11) NOT NULL,
  `SDM_idSDM` int(11) NOT NULL,
  `SuratTugas_idSuratTugas` int(11) NOT NULL
) ENGINE=InnoDB DEFAULT CHARSET=utf8;

-- --------------------------------------------------------

--
-- Struktur dari tabel `SertifikatHasilUji`
--

CREATE TABLE IF NOT EXISTS `SertifikatHasilUji` (
  `idSertifikatHasilUji` int(11) NOT NULL,
  `NomorSertifikat` varchar(45) DEFAULT NULL,
  `Laboratorium_idLaboratorium` int(11) NOT NULL,
  `TanggalSertifikat` date DEFAULT NULL,
  `KemampuanUji_idKemampuanUji` int(11) NOT NULL,
  `PelakuUsaha_idPerusahaan` int(11) NOT NULL,
  `PelakuUsaha_PemilikUsaha_idPemilikUsaha` int(11) NOT NULL
) ENGINE=InnoDB DEFAULT CHARSET=utf8;

-- --------------------------------------------------------

--
-- Struktur dari tabel `SertifikatPelatihan`
--

CREATE TABLE IF NOT EXISTS `SertifikatPelatihan` (
  `idSertifikatPelatihan` int(11) NOT NULL,
  `SDM_idSDM` int(11) NOT NULL,
  `TanggalSertifikatl` date DEFAULT NULL,
  `SertifikatPelatihancol` date DEFAULT NULL,
  `Pelatihan_idPelatihan` int(11) NOT NULL
) ENGINE=InnoDB DEFAULT CHARSET=utf8;

-- --------------------------------------------------------

--
-- Struktur dari tabel `Spesies`
--

CREATE TABLE IF NOT EXISTS `Spesies` (
  `idSpesies` int(11) NOT NULL,
  `Spesies` varchar(45) DEFAULT NULL,
  `NamaIndonesia` varchar(45) DEFAULT NULL
) ENGINE=InnoDB AUTO_INCREMENT=3 DEFAULT CHARSET=utf8;

--
-- Dumping data untuk tabel `Spesies`
--

INSERT INTO `Spesies` (`idSpesies`, `Spesies`, `NamaIndonesia`) VALUES
(1, 'Unggas', 'Ayam'),
(2, 'Daging Sapi', 'Daging Sapi');

-- --------------------------------------------------------

--
-- Struktur dari tabel `SRTKPH`
--

CREATE TABLE IF NOT EXISTS `SRTKPH` (
  `idSRTKPH` int(11) NOT NULL,
  `TanggalKeluarSRTKPH` date DEFAULT NULL,
  `PengajuanSRTKPH_idPengajuanSRTKPH` int(11) NOT NULL,
  `QRCode` varchar(45) DEFAULT NULL,
  `Otovet_idOtovet` int(11) DEFAULT NULL,
  `PintuKeluar` int(11) DEFAULT NULL,
  `PintuMasuk` int(11) DEFAULT NULL,
  `SRTMPH` int(11) DEFAULT NULL,
  `NoSRTKPH` varchar(30) DEFAULT NULL
) ENGINE=InnoDB AUTO_INCREMENT=40 DEFAULT CHARSET=utf8;

--
-- Dumping data untuk tabel `SRTKPH`
--

INSERT INTO `SRTKPH` (`idSRTKPH`, `TanggalKeluarSRTKPH`, `PengajuanSRTKPH_idPengajuanSRTKPH`, `QRCode`, `Otovet_idOtovet`, `PintuKeluar`, `PintuMasuk`, `SRTMPH`, `NoSRTKPH`) VALUES
(1, '2016-12-08', 1, '584967c4b3ad4', 4, NULL, NULL, 11, ''),
(2, '2016-12-08', 4, '584967bd15907', 4, NULL, NULL, 18, ''),
(3, '2016-12-08', 12, '584967b64123c', 4, NULL, NULL, 43, ''),
(4, '2016-12-08', 6, '584967a76a4e7', 4, NULL, NULL, 31, ''),
(5, '2016-12-08', 11, '584967a05d3b3', 4, NULL, NULL, 40, ''),
(6, '2016-12-08', 20, '584967969c059', 4, NULL, NULL, 26, ''),
(7, '2016-12-08', 23, '5849678e18376', 4, NULL, NULL, 32, ''),
(8, '2016-12-08', 26, '5849678684243', 4, NULL, NULL, 44, ''),
(9, '2016-12-08', 14, '5849677f289f0', 4, NULL, NULL, 38, ''),
(10, '2016-12-08', 21, '58496774f0959', 4, NULL, NULL, 34, ''),
(11, '2016-12-08', 19, '5849676035730', 4, NULL, NULL, 36, ''),
(12, '2016-12-08', 7, '5849668bc193a', 4, NULL, NULL, 33, ''),
(13, '2016-12-08', 15, '5849669c28ac7', 4, NULL, NULL, 23, ''),
(14, '2016-12-08', 18, '584967473b202', 4, NULL, NULL, 52, ''),
(15, '2016-12-08', 17, '5849673e63cdf', 4, NULL, NULL, 28, ''),
(16, '2016-12-08', 10, '5849673664af1', 4, NULL, NULL, 29, ''),
(17, '2016-12-08', 16, '5849672742ca4', 4, NULL, NULL, 25, ''),
(18, '2016-12-08', 9, '5849671b10678', 4, NULL, NULL, 54, ''),
(19, '2016-12-08', 8, '584967113af63', 4, NULL, NULL, 19, ''),
(20, '2016-12-08', 25, '584967091b088', 4, NULL, NULL, 41, ''),
(21, '2016-12-08', 28, '5849668041d52', 4, NULL, NULL, 45, ''),
(22, '2016-12-08', 29, '58496675f0c37', 4, NULL, NULL, 35, ''),
(23, '2016-12-08', 13, '5849665eace97', 4, NULL, NULL, 42, '8'),
(24, '2016-12-08', 31, '58496601c1f18', 4, NULL, NULL, 27, '77'),
(25, '2016-12-08', 30, '584965f3ccb27', 4, NULL, NULL, 47, '4'),
(26, '2016-12-08', 24, '584965d548118', 4, NULL, NULL, 21, '222'),
(27, '2016-12-08', 33, '584965e16cf2e', 4, NULL, NULL, 53, '33'),
(28, '2016-12-08', 34, '584966495e3bd', 4, NULL, NULL, 46, '8'),
(29, '2016-12-08', 35, '584966197ad79', 4, NULL, NULL, 48, '5'),
(30, '2016-12-08', 22, '5849663dbc5fd', 4, NULL, NULL, 55, '7'),
(31, '2016-12-08', 36, '58496631105db', 4, NULL, NULL, 37, '7'),
(32, '2016-12-08', 27, '58496624a6205', 4, NULL, NULL, 39, '8'),
(33, '2016-12-08', 37, '5849666cb3c13', 4, NULL, NULL, 49, ''),
(34, '2016-12-08', 32, '584966fed77b3', 4, NULL, NULL, 30, ''),
(35, '2016-12-08', 39, '584966f72e72f', 4, NULL, NULL, 50, ''),
(36, '2016-12-08', 5, '58496802f2248', 4, NULL, NULL, 17, ''),
(37, '2016-12-08', 40, NULL, 4, NULL, NULL, 22, NULL),
(38, '2017-01-13', 42, NULL, 7, NULL, NULL, 62, NULL),
(39, NULL, 43, NULL, NULL, NULL, NULL, 63, NULL);

-- --------------------------------------------------------

--
-- Struktur dari tabel `SRTMPH`
--

CREATE TABLE IF NOT EXISTS `SRTMPH` (
  `idSRTMPH` int(11) NOT NULL,
  `PengajuanSRTMPH_idPengajuanSRTMPH` int(11) NOT NULL,
  `TanggalKeluarSRTMPH` date DEFAULT NULL,
  `QRCode` varchar(45) DEFAULT NULL,
  `Otovet_idOtovet` int(11) DEFAULT NULL,
  `PintuMasuk` int(11) DEFAULT NULL,
  `NoSRTMPH` varchar(45) DEFAULT NULL
) ENGINE=InnoDB AUTO_INCREMENT=67 DEFAULT CHARSET=utf8;

--
-- Dumping data untuk tabel `SRTMPH`
--

INSERT INTO `SRTMPH` (`idSRTMPH`, `PengajuanSRTMPH_idPengajuanSRTMPH`, `TanggalKeluarSRTMPH`, `QRCode`, `Otovet_idOtovet`, `PintuMasuk`, `NoSRTMPH`) VALUES
(8, 20, '2016-12-08', '584963b1ceb36', 4, NULL, NULL),
(9, 21, '2016-12-08', '584963fc924a6', 4, NULL, NULL),
(10, 22, '2016-12-08', '5849638dc9186', 4, NULL, NULL),
(11, 25, '2016-12-08', '58492cb9e07ff', 4, NULL, NULL),
(12, 26, '2016-12-08', '58492c9c66294', 4, NULL, NULL),
(13, 27, '2016-12-08', '58492c2340f83', 4, NULL, NULL),
(14, 29, '2016-12-08', '584963c9d8e4a', 4, NULL, NULL),
(15, 30, '2016-12-08', '584963e50605b', 4, NULL, NULL),
(16, 31, '2016-12-08', '5849632c25af9', 4, NULL, NULL),
(17, 50, '2016-12-08', NULL, 4, NULL, NULL),
(18, 32, '2016-12-08', '584963a13960c', 4, NULL, NULL),
(19, 52, '2016-12-08', '58496385bc679', 4, NULL, NULL),
(20, 63, '2016-12-08', '584963857e27e', 1, NULL, NULL),
(21, 48, '2016-12-08', '584963c479078', 4, NULL, NULL),
(22, 49, '2016-12-08', '584963142a549', 4, NULL, NULL),
(23, 36, '2016-12-08', '5849637a25027', 4, NULL, NULL),
(24, 56, '2016-12-08', '5849636e40842', 4, NULL, NULL),
(25, 39, '2016-12-08', '5849636302be4', 4, NULL, NULL),
(26, 41, '2016-12-08', '58496379ac018', 1, NULL, NULL),
(27, 55, '2016-12-08', '5849636f3c207', 1, NULL, NULL),
(28, 67, '2016-12-08', '584962fb590f2', 4, NULL, NULL),
(29, 37, '2016-12-08', '584962ef6e013', 4, NULL, NULL),
(30, 45, '2016-12-08', '584962e34ea5a', 4, NULL, NULL),
(31, 51, '2016-12-08', '584962d8920ab', 4, NULL, NULL),
(32, 64, '2016-12-08', '584963b647eb1', 1, NULL, NULL),
(33, 34, '2016-12-08', '5849639f2629a', 1, NULL, NULL),
(34, 59, '2016-12-08', '584962a090df0', 4, NULL, NULL),
(35, 53, '2016-12-08', '58496293ce5e3', 4, NULL, NULL),
(36, 33, '2016-12-08', '584963ab850bf', 1, NULL, NULL),
(37, 44, '2016-12-08', '5849621d9fcda', 4, NULL, NULL),
(38, 62, '2016-12-08', '584963d86342b', 4, NULL, NULL),
(39, 70, '2016-12-08', '5849628658300', 4, NULL, NULL),
(40, 42, '2016-12-08', '5849635419308', 1, NULL, NULL),
(41, 47, '2016-12-08', '5849627845502', 4, NULL, NULL),
(42, 54, '2016-12-08', '5849624d6c04d', 4, NULL, NULL),
(43, 43, '2016-12-08', '584962aec970e', 4, NULL, NULL),
(44, 58, '2016-12-08', '584963be5979d', 4, NULL, NULL),
(45, 73, '2016-12-08', '5849626972725', 4, NULL, NULL),
(46, 74, '2016-12-08', '584962598bfb0', 4, NULL, NULL),
(47, 46, '2016-12-08', '584963a3ab0bd', 4, NULL, NULL),
(48, 65, '2016-12-08', '584962c781271', 4, NULL, NULL),
(49, 68, '2016-12-08', '5849635428d0d', 4, NULL, NULL),
(50, 69, '2016-12-08', '58496329ebca6', 1, NULL, NULL),
(51, 60, '2016-12-08', '584962bbdb310', 4, NULL, NULL),
(52, 40, '2016-12-08', '58496392d891e', 4, NULL, NULL),
(53, 61, '2016-12-08', '5849634792df1', 1, NULL, NULL),
(54, 57, '2016-12-08', '5849633c367f9', 1, NULL, NULL),
(55, 38, '2016-12-08', '584963f007a46', 4, NULL, NULL),
(56, 66, '2016-12-08', '584963daf0b8e', 1, NULL, NULL),
(57, 72, '2016-12-08', '584963cf2094f', 1, NULL, NULL),
(58, 75, '2016-12-08', '584963c36cde0', 1, NULL, NULL),
(59, 76, '2016-12-08', '58497107b5f99', 4, NULL, NULL),
(60, 80, NULL, NULL, NULL, NULL, NULL),
(61, 81, NULL, NULL, NULL, NULL, NULL),
(62, 82, '2017-01-13', '5878ab65b2857', 7, NULL, NULL),
(63, 83, NULL, NULL, 7, NULL, NULL),
(64, 86, NULL, NULL, NULL, NULL, NULL),
(65, 84, NULL, NULL, 4, NULL, NULL),
(66, 85, '2017-04-13', '58ef448792039', 4, NULL, NULL);

-- --------------------------------------------------------

--
-- Struktur dari tabel `SubDistrict`
--

CREATE TABLE IF NOT EXISTS `SubDistrict` (
  `idSubDistrict` int(11) unsigned NOT NULL COMMENT 'Surrogate key of Kecamatan',
  `SubDistrictCode` char(7) CHARACTER SET utf8 NOT NULL COMMENT 'Surrogate key of Kecamatan',
  `RegencyCityCode` char(4) CHARACTER SET utf8 NOT NULL COMMENT 'Surrogate key of Kabupaten/Kota',
  `SubDistrictNameID` varchar(100) CHARACTER SET utf8 NOT NULL COMMENT 'Name of Kecamatan',
  `SubDistrictNameEN` varchar(100) CHARACTER SET utf8 NOT NULL COMMENT 'Name of Kecamatan in English'
) ENGINE=InnoDB DEFAULT CHARSET=utf8 COLLATE=utf8_unicode_ci COMMENT='Tabel Kecamatan di Indonesia';

-- --------------------------------------------------------

--
-- Struktur dari tabel `SuratTugas`
--

CREATE TABLE IF NOT EXISTS `SuratTugas` (
  `idSuratTugas` int(11) NOT NULL,
  `NomorSurat` varchar(45) DEFAULT NULL,
  `TanggalSurat` varchar(45) DEFAULT NULL,
  `TMT` date DEFAULT NULL,
  `TST` date DEFAULT NULL,
  `Tugas` varchar(250) DEFAULT NULL,
  `JenisSuratTugas_idJenisSuratTugas` int(11) NOT NULL,
  `QRCode` varchar(45) DEFAULT NULL
) ENGINE=InnoDB AUTO_INCREMENT=2 DEFAULT CHARSET=utf8;

--
-- Dumping data untuk tabel `SuratTugas`
--

INSERT INTO `SuratTugas` (`idSuratTugas`, `NomorSurat`, `TanggalSurat`, `TMT`, `TST`, `Tugas`, `JenisSuratTugas_idJenisSuratTugas`, `QRCode`) VALUES
(1, '811', '23122016', '0000-00-00', '0000-00-00', 'Pelatihan potong qurban', 1, '12233');

-- --------------------------------------------------------

--
-- Struktur dari tabel `SV`
--

CREATE TABLE IF NOT EXISTS `SV` (
  `idSV` int(11) NOT NULL,
  `TanggalKeluarSV` date DEFAULT NULL,
  `PengajuanSV_idPengajuanSV` int(11) DEFAULT NULL,
  `QRCode` varchar(45) DEFAULT NULL,
  `Otovet_idOtovet` int(11) DEFAULT NULL,
  `NoSV` varchar(45) DEFAULT NULL
) ENGINE=InnoDB AUTO_INCREMENT=5 DEFAULT CHARSET=utf8;

--
-- Dumping data untuk tabel `SV`
--

INSERT INTO `SV` (`idSV`, `TanggalKeluarSV`, `PengajuanSV_idPengajuanSV`, `QRCode`, `Otovet_idOtovet`, `NoSV`) VALUES
(1, '2016-12-08', 7, '584969d6079e0', 4, NULL),
(2, '2016-12-08', 8, NULL, 4, NULL),
(3, NULL, 9, NULL, 7, NULL),
(4, NULL, 11, NULL, NULL, NULL);

-- --------------------------------------------------------

--
-- Struktur dari tabel `SyaratSRTKPH`
--

CREATE TABLE IF NOT EXISTS `SyaratSRTKPH` (
  `idSyaratSRTKPH` int(11) NOT NULL,
  `SyaratSRTKPH` varchar(45) DEFAULT NULL,
  `TanggalBerlaku` date DEFAULT NULL
) ENGINE=InnoDB AUTO_INCREMENT=5 DEFAULT CHARSET=utf8;

--
-- Dumping data untuk tabel `SyaratSRTKPH`
--

INSERT INTO `SyaratSRTKPH` (`idSyaratSRTKPH`, `SyaratSRTKPH`, `TanggalBerlaku`) VALUES
(1, 'Surat Keterangan 1', '2017-12-31'),
(2, 'Surat SRTMPH', '2017-12-31'),
(3, 'Uji Lab', '2017-12-31'),
(4, 'Sertifikat NKV', '2017-12-31');

-- --------------------------------------------------------

--
-- Struktur dari tabel `SyaratSRTMPH`
--

CREATE TABLE IF NOT EXISTS `SyaratSRTMPH` (
  `idPersyaratanSRTMPH` int(11) NOT NULL,
  `Syarat` varchar(45) DEFAULT NULL,
  `TanggalBerlaku` date DEFAULT NULL
) ENGINE=InnoDB AUTO_INCREMENT=6 DEFAULT CHARSET=utf8;

--
-- Dumping data untuk tabel `SyaratSRTMPH`
--

INSERT INTO `SyaratSRTMPH` (`idPersyaratanSRTMPH`, `Syarat`, `TanggalBerlaku`) VALUES
(1, 'SIUP', '2017-12-31'),
(2, 'KTP', '2017-12-31'),
(3, 'NPWP', '2017-12-31'),
(4, 'Tanda Daftar Perusahaan (TDP)', '2017-12-31'),
(5, 'Nomor Kontrol Veteriner', '2017-12-31');

-- --------------------------------------------------------

--
-- Struktur dari tabel `SyaratSV`
--

CREATE TABLE IF NOT EXISTS `SyaratSV` (
  `idSyaratSV` int(11) NOT NULL COMMENT 'Syarat Sertifikat Veteriner',
  `SyaratSV` varchar(45) DEFAULT NULL,
  `TanggalBerlaku` date DEFAULT NULL
) ENGINE=InnoDB AUTO_INCREMENT=4 DEFAULT CHARSET=utf8;

--
-- Dumping data untuk tabel `SyaratSV`
--

INSERT INTO `SyaratSV` (`idSyaratSV`, `SyaratSV`, `TanggalBerlaku`) VALUES
(1, 'KTP', '2017-12-31'),
(2, 'NPWP', '2017-12-31'),
(3, 'SIUP', '2017-12-31');

-- --------------------------------------------------------

--
-- Struktur dari tabel `user`
--

CREATE TABLE IF NOT EXISTS `user` (
  `id` int(11) NOT NULL,
  `username` varchar(100) NOT NULL,
  `passwordHash` varchar(200) DEFAULT NULL,
  `authKey` varchar(200) NOT NULL,
  `accessToken` varchar(200) DEFAULT NULL,
  `status` int(11) NOT NULL,
  `passwordResetToken` varchar(200) DEFAULT NULL,
  `email` varchar(100) DEFAULT NULL,
  `accessRoleId` int(11) DEFAULT NULL,
  `dateCreate` datetime NOT NULL,
  `dateUpdate` datetime NOT NULL,
  `Orang_idOrang` int(11) DEFAULT NULL
) ENGINE=InnoDB AUTO_INCREMENT=56 DEFAULT CHARSET=latin1;

--
-- Dumping data untuk tabel `user`
--

INSERT INTO `user` (`id`, `username`, `passwordHash`, `authKey`, `accessToken`, `status`, `passwordResetToken`, `email`, `accessRoleId`, `dateCreate`, `dateUpdate`, `Orang_idOrang`) VALUES
(1, 'admin', '$2y$13$l79vernTMF8KF9vj32eUMe9uFp8rJBTvFWAUf0b1NVnmCJm3YvEZ6', 'FTZPNfTNU29JGsunOMDm5CyXaPqu7lHM', NULL, 10, '3uAIxFwyr_uhEXiw2xRX3NjkNsSvbDAr_1480860258', 'hsrkom@gmail.com', 1, '2016-08-12 15:26:26', '2016-12-02 10:14:41', NULL),
(16, 'doni', '$2y$13$7qvGKFdrMl6oHHMormCFEuG5cIjh2NISMJSZYFxu8io70FpsF0FnK', 'I0InxaJlQvO8J4RC_S3cpLmpA4ayhco6', NULL, 10, NULL, 'd.ramdhani46@gmail.com', 6, '2016-12-01 12:50:28', '2016-12-01 12:50:28', NULL),
(17, 'pelakuusaha', '$2y$13$ikvxaZKiIrQ7iFvzNZeOtuXl83/hzy3CsEpJBVSO2sdhjuDawjYGq', 'wiq8LrU6bjJU__w4JA6iQPKOfvfiNYHe', NULL, 10, NULL, 'pungki@apps.ipb.ac.id', 6, '2016-12-01 14:17:13', '2016-12-01 14:17:13', NULL),
(18, 'wisard2', '$2y$13$AN82moXBJ2TQ0mezw1X.XO227nZ2.0QIadXYqMivryPi9Xu4ytw22', 'sht8owu5tkZQTZYZvYCZufqWYSxsehoq', NULL, 10, NULL, 'wisard.kalengkongan@gmail.com', 6, '2016-12-02 10:25:48', '2017-04-13 15:52:56', NULL),
(19, 'dahri123', '$2y$13$1MAT9H2WIqA0XDXc88Qr.e1oNeAyM9CuufZ3i65u23XTaarve2/8S', 'sexFt2kx943hLAtPJrdrsmsaRIVsASQG', NULL, 10, NULL, 'dahri@careipb.or.id', 6, '2016-12-02 13:46:42', '2017-01-13 16:05:38', NULL),
(20, 'herusukoco', '$2y$13$l79vernTMF8KF9vj32eUMe9uFp8rJBTvFWAUf0b1NVnmCJm3YvEZ6', 'X3DoiEO-GWnp5O7baao0HkKxa5ZxXGW3', NULL, 10, '3uAIxFwyr_uhEXiw2xRX3NjkNsSvbDAr_1480860258', 'hsrkom@gmail.com', 5, '2016-12-02 13:48:36', '2016-12-04 21:04:18', NULL),
(21, 'Fika90', '$2y$13$aXlO6Vf.zh1T9f7AU2vC7ODr1C.MNd76T9iusVfiFZre6Ryv9fVoa', 'MuTxZxmPH15ZLfwPn2JdP3N00im3Ws_K', NULL, 10, NULL, 'fika@careipb.or.id', 6, '2016-12-05 07:28:21', '2017-04-13 16:06:29', NULL),
(22, 'wisard3', '$2y$13$O4mDPHrFf/L6BlcA5q5CLeKOfVeM/qAADDXpaK6SFcKBIKf8/P54y', '1uCnScmm-XUaCjatCpvc5hCdWNSOpe-r', NULL, 10, NULL, 'excell_17@yahoo.com', 5, '2016-12-06 18:08:15', '2016-12-06 18:08:15', 3),
(23, 'otovet9', '$2y$13$oIcukLBIej2wM1IWt.8cL.049xg7mTwFNQPHe4inavRU/9zBMW2ky', 'cv2wFDoMH0B0hM3tM7msalawpLkbf8LX', NULL, 10, NULL, 'pungki.pr9@gmail.com', 5, '2016-12-08 13:56:12', '2016-12-08 13:56:12', 12),
(24, 'irman', '$2y$13$.ssbvHkoV25BxRCpyQD0MO0PX2EcIPJqxkiQAqpZFe1E.04hONKky', 'SU8d5oHnMmxaWizSQnsACOd1quLXvtd9', NULL, 10, NULL, 'irman.hermadi@gmail.com', 6, '2016-12-08 14:08:24', '2016-12-08 14:08:24', NULL),
(25, 'agusms', '$2y$13$zU/RuPh1D5XkxT.kIv/TYO0qQXD6QjzXRnWAhhcGeEx.KqF5HLk16', 'KZCeRf5-wh5VdF7jjwt0ReEd0BYCUB9T', NULL, 10, NULL, 'amsstk@gmail.com', 6, '2016-12-08 14:11:49', '2016-12-08 14:11:49', NULL),
(26, 'wisard17', '$2y$13$7HL61EKatWvzJtdebmUqLuZ0ORGJUWV8zkydw10TV46rkOVfXlr72', 'k9UZwcbArOCYSAKGoBZBBZCIMc3kzfpc', NULL, 10, NULL, 'wisard1709@gmail.com', 6, '2016-12-08 16:03:47', '2016-12-08 16:03:47', NULL),
(27, 'agustriana0872', '$2y$13$s6EkdPRUg3vxJo8jmm1xA.wYkvuKjimWD4r2J15wRZw6DeHTvAH3G', 'BO_Wu_LsYYoO0L2a-krXIO_38JZuc7iO', NULL, 10, NULL, 'agustriana0872@gmail.com', 6, '2016-12-08 19:39:45', '2016-12-08 19:39:45', NULL),
(28, 'masnud', '$2y$13$amWx4r7HcbPDSga8LuGQjO7aMPtivn1s73xfwosG96ZHDU3tPH0B2', 'Zq5RyGUuUFbytEKIQHJQcrIYIj1vssQs', NULL, 10, NULL, 'astho@pertanian.go.id', 6, '2016-12-08 19:39:59', '2016-12-08 19:39:59', NULL),
(29, 'Goe2xmz', '$2y$13$QFhIz5/QJyYOq9UE92EZveoOuEFLwkWXQarMcBZdXkrRreqi7sRq2', 'CXdsY75vsbQGh-ThYY6HoPNiozR5KeZM', NULL, 10, NULL, 'goe2xmz@gmail.com', 6, '2016-12-08 19:40:13', '2016-12-08 19:40:13', NULL),
(30, 'dwinawang92', '$2y$13$teNIgOa5mRJLyqhvPm9zSeCnUwnZgnqJij2KkfaBN3y1t4xEvm64K', 'xaoNEaJL5U9AEt6ulfqAROIQnlwsY_WN', NULL, 10, NULL, 'dwinawangwicaksana@gmail.com', 6, '2016-12-08 19:41:17', '2016-12-08 19:41:17', NULL),
(31, 'loka', '$2y$13$xpa1d2albEgRAQRC5CjDgemZBek9XfimVNRtvnmUWOzRMK.DuUq4W', 'qQMyvXZmtt3oZAorz5uaNSJFa9U7_ECv', NULL, 10, NULL, 'loka.setia@gmail.com', 6, '2016-12-08 19:41:24', '2016-12-08 19:41:24', NULL),
(32, 'Supriyono', '$2y$13$0cpQxwd03hQwWBfgWBvw9e/.ovuPBTTiOyLLrHsY8kZ7J9VOa4WsO', 'ttVLqiBwPdm-eKH3BbgX8EtoVXcAlqsZ', NULL, 10, NULL, 'priyo.supriyono@gmail.com', 6, '2016-12-08 19:41:33', '2016-12-08 19:41:33', NULL),
(33, 'angin ribut', '$2y$13$56..wJ/pdIIeeUvZJ5rEnOD/.JiJSHAjRRTKQtgQJGOC5lY5j.oF6', 'jTayTWl_bIISOsBhquVvM64z8g6DVv2P', NULL, 10, NULL, 'toif.hidayatullah@gmail.com', 6, '2016-12-08 19:41:48', '2016-12-08 19:41:48', NULL),
(34, 'Chandra Apriza', '$2y$13$VnFzkMf.YySi7Hdq15pni.qjmaAkle83NJOevLZKs1wJD2v5wIwAe', 'anpwhYDI9TnpWL4Ux3sZHE3aphUMpWNz', NULL, 10, NULL, 'chandrayudha2014@gmail.com', 6, '2016-12-08 19:41:55', '2016-12-08 19:41:55', NULL),
(35, 'Theodorus', '$2y$13$hOkw2nRPs1ICnN8Q9LE83.HZ.M91KK3DnYCBIpBn.aSV93Gzjnp12', 'cmlXo5mKi-sd_HWqzqNAUXhvJplJ56P6', NULL, 10, NULL, 'drh.caecilia@gmail.com', 6, '2016-12-08 19:42:20', '2016-12-08 19:42:20', NULL),
(36, 'hariha', '$2y$13$yV4Bf3hpek1RsExC9Iso5O9QMntQ/E15jbJRgLWYnSCMOnVP05C1G', 'UAfD0OMEXE0fizT7y9Hh0SNvVJD4tDSN', NULL, 10, NULL, 'harishovie@gmail.com', 6, '2016-12-08 19:42:34', '2016-12-08 19:42:34', NULL),
(37, 'elyrini', '$2y$13$Od/aQP5nEpfK.nSStdAx0uwk8xzmh9mRlQi/tXs9Ou9M4ReWnvwlC', 'hcg-z6hU4Ifv1VNDkS39u2ZyyadBuXuP', NULL, 10, '9XyJ1ud3ZKToUoc0C62fYYx0tRCswn-W_1481203509', 'elyrini@gmail.com', 6, '2016-12-08 19:42:40', '2016-12-08 20:25:09', NULL),
(38, 'ranierlina', '$2y$13$AK4EmTa1cEjsO7Ur./qC3u5jYw6h4i2m9jXmeoId2y4.ybLD9kZCe', 'Q54wfzYuc_cNGHa7hOkUUOnV7axmPa4t', NULL, 10, NULL, 'ranierlina@gmail.com', 6, '2016-12-08 19:42:46', '2016-12-08 19:42:46', NULL),
(39, 'lilishaswati', '$2y$13$Glz8cyfHOCEVesNPuJxyduH9pCtNlRSGgfLNMxp5fpcfRoFvV00.a', 's33GcAIllV1j8eiDB1uz9vlLZmH5A8yn', NULL, 10, NULL, 'lilis.haswati@gmail.com', 6, '2016-12-08 19:42:50', '2016-12-08 19:42:50', NULL),
(40, 'ranihandayani', '$2y$13$TqTa0Vy4IsFI6OPw/VAr.enoA9TlbfXNluMLXDTWGRtGy6aurEMNu', 'AJ1Z26n9ftIW-jzhyjddph0A_HTUYY8A', NULL, 10, NULL, 'ranihandayani649@yahoo.com', 6, '2016-12-08 19:42:50', '2016-12-08 19:42:50', NULL),
(41, 'Fatia Yusriah Aksa', '$2y$13$B/myfj4JI/fC/mRVFk1YL.JTArLMILOTcFXxOFAVUCdZP40zT6NJ2', '53lZSVuSBNHOHRH5hcqIHkCfi1sewPE4', NULL, 10, NULL, 'kesmavetjabar@yahoo.com', 6, '2016-12-08 19:43:01', '2016-12-08 19:43:01', NULL),
(42, 'JUMATAN', '$2y$13$4wjg8OCPdkX9wAd/X63Hye4u1J.pIVqRsuqNJIh5.WdYTHTuh4soW', '58qvYwM9vgtCJXg2CwQQvnw0L0fKk-5W', NULL, 10, NULL, 'arief_pria@yahoo.co.id', 6, '2016-12-08 19:43:29', '2016-12-08 19:43:29', NULL),
(43, 'Tri Utami', '$2y$13$QFubJg5F/zreN4Ks/t1VIuy1.qaNlfq.FnCKC5s/ypTNm3v0ejX/u', 'I5VQtUyImVtoq0mH4YtvtB9qxYo_QCSC', NULL, 10, NULL, 'adun_doetme@yahoo.com', 6, '2016-12-08 19:43:48', '2016-12-08 19:43:48', NULL),
(44, 'Sri Hartati', '$2y$13$7mUsXsMQNLGhoSIDB7wh..VITVRSBVB24L3LJhV2hHQ9PO/Z5CQ8C', 'J96cE3WabuRi7je2D7CiRfm5WuRV1w00', NULL, 10, NULL, 'tatimarwin@yahoo.com', 6, '2016-12-08 19:44:42', '2016-12-08 19:44:42', NULL),
(45, 'rismi', '$2y$13$4AomMT5YKBwsseuMOAPif.LtYJZ2Rhgu25GS7O2mPfUJlkUp.NJNK', 'c0-8ShEF4DdGJRhMjXIKR1oy4XOz3HYH', NULL, 10, NULL, 'rismiperangin@gmail.com', 6, '2016-12-08 19:45:00', '2016-12-08 19:45:00', NULL),
(46, 'dahri1234', '$2y$13$pF3lq74Yv7deylQNv2KiOuOIwrD6QDn7mTYjCo5MCR4fQoA60AAa6', 'jzeeItXu9abL7sT1IHaW_olBES79k0qH', NULL, 10, NULL, 'dahritanjung@careipb.or.id', 6, '2016-12-08 19:45:14', '2016-12-08 19:45:14', NULL),
(47, 'noeria', '$2y$13$RvW9NYhlmTbFliHJj4ZGCucntiydezXUCa8GLmOpH6i1I2qU8VnHW', '88vMhpG4d3KFx0g6xM8pM0KhnxRAYVyE', NULL, 10, NULL, 'nuriawibisono@yahoo.co.id', 6, '2016-12-08 19:45:33', '2016-12-08 19:45:33', NULL),
(48, 'heru', '$2y$13$tY3IcEwmOgnzZbQL9wH8pODmwPtxtw4zRTipW7/wnpwJgNSWBjrxa', '3rLCJMuT1Y5dXvxHSt7KPYEXoo1Z9zPI', NULL, 10, NULL, 'hsrkom@apps.ipb.ac.id', 6, '2016-12-08 19:47:12', '2016-12-08 19:47:12', NULL),
(49, 'ASAPASAP', '$2y$13$a8w.aQ6ZSYIuBvkz6OHeHOgX/L6n5iSpjflf8acuuutKYFTuh7N82', 'fgmueoNTBkUrHoj-49LtJJVncOz5gt2X', NULL, 10, NULL, 'indah_3af@yahoo.com', 6, '2016-12-08 19:47:47', '2016-12-08 19:47:47', NULL),
(50, 'renieryani', '$2y$13$uLA2rrU.U.tfuke9EQGqt.xBolumNlEuzIPn1hP7zHvey1bQhw7im', 'yOW6Uno2phlnAwYY76Ij8ywfsd2VEHdJ', NULL, 10, NULL, 'nieants@yahoo.com', 6, '2016-12-08 19:48:35', '2016-12-08 19:48:35', NULL),
(51, 'agusms75', '$2y$13$.M4tDC9cYB3u/6x8zkr78ufwnbVYzuu78nhKwXPaMfM4w9fC.0lMC', '-2EvfODKShYz2baIInkEbrZsvVSJdKiq', NULL, 10, NULL, 'agusms75@gmail.com', 6, '2016-12-08 20:02:01', '2016-12-08 20:02:01', NULL),
(52, 'endah', '$2y$13$1P6YCG0tAV7gh1Do69nS2.Q/eYHyqkUSn2eU7RR.nkPjAv7aMF5Oy', 'GyKW2TsxBeQK8tIWt4_H5A22qyOqrFTr', NULL, 10, NULL, 'endah_enba@yahoo.com', 6, '2016-12-08 20:03:01', '2016-12-08 20:03:01', NULL),
(53, 'zaki', '$2y$13$rNRN/E.srGE.pLXUV8fgfuwmiAjgzCh0/BQMtzjD1ok0PDD0pMHqC', 'Gc3Rf8HfMJmgDkJ_3BHYt1bhyOdtsgWa', NULL, 10, NULL, 'muliyanti.yayan@apps.ipb.ac.id', 6, '2017-01-11 13:50:31', '2017-01-11 13:50:31', NULL),
(54, 'otovetfika', '$2y$13$PzVCrBR0cQrrYTkJbAynkeGUYNbjcdXNKTB7YqC00ReMoGXc3DY56', 'wph4UdKXyxEFkZRkU3VBjtmz7PHnF18B', NULL, 10, NULL, 'yuliawulandari@apps.ipb.ac.id', 5, '2017-01-11 16:51:40', '2017-01-11 16:51:40', 8),
(55, 'hanf_aff', '$2y$13$zRxu3e1.yyZuLwIa1PyoG.dp9b3Oz6XYdBuBOSVerdeMLMs5c5EGy', 'DCsqWqL7LRCjmTIeNL4OGJP8Zi22hOjc', NULL, 10, NULL, 'hanf_aff@apps.ipb.ac.id', 6, '2017-11-27 05:06:30', '2017-11-27 05:06:30', NULL);

-- --------------------------------------------------------

--
-- Struktur dari tabel `userloginlog`
--

CREATE TABLE IF NOT EXISTS `userloginlog` (
  `id` int(11) NOT NULL,
  `dateLogin` datetime NOT NULL,
  `dateLogout` datetime DEFAULT NULL,
  `ipLogin` varchar(45) DEFAULT NULL,
  `userId` int(11) NOT NULL
) ENGINE=InnoDB AUTO_INCREMENT=219 DEFAULT CHARSET=latin1;

--
-- Dumping data untuk tabel `userloginlog`
--

INSERT INTO `userloginlog` (`id`, `dateLogin`, `dateLogout`, `ipLogin`, `userId`) VALUES
(1, '2016-12-05 15:43:50', '2016-12-05 15:50:42', '182.253.121.48', 1),
(2, '2016-12-05 15:50:48', NULL, '182.253.121.48', 1),
(3, '2016-12-06 17:50:43', NULL, '202.124.205.249', 1),
(4, '2016-12-06 19:21:21', '2016-12-06 20:40:28', '202.124.205.249', 22),
(5, '2016-12-06 19:23:46', NULL, '36.69.225.217', 1),
(6, '2016-12-06 20:23:57', NULL, '202.124.205.249', 1),
(7, '2016-12-06 20:25:28', '2016-12-06 20:25:36', '202.124.205.249', 1),
(8, '2016-12-06 20:26:39', '2016-12-07 11:10:38', '202.124.205.249', 1),
(9, '2016-12-06 20:41:36', NULL, '202.124.205.249', 16),
(10, '2016-12-06 20:47:09', NULL, '36.69.225.217', 1),
(11, '2016-12-07 11:12:48', '2016-12-07 14:46:01', '202.124.205.203', 22),
(12, '2016-12-07 11:33:44', '2016-12-07 14:53:04', '202.124.205.249', 1),
(13, '2016-12-07 14:27:32', '2016-12-07 14:55:11', '202.124.205.203', 18),
(14, '2016-12-07 14:46:04', NULL, '202.124.205.203', 1),
(15, '2016-12-07 16:16:01', NULL, '202.124.205.249', 1),
(16, '2016-12-07 21:02:46', '2016-12-07 21:49:00', '115.178.212.13', 17),
(17, '2016-12-08 04:05:30', '2016-12-08 07:30:41', '36.77.199.70', 1),
(18, '2016-12-08 11:23:38', NULL, '202.124.205.203', 1),
(19, '2016-12-08 11:28:49', '2016-12-08 11:46:01', '202.124.205.249', 1),
(20, '2016-12-08 11:33:01', '2016-12-08 12:13:18', '202.124.205.249', 20),
(21, '2016-12-08 11:45:47', '2016-12-08 11:46:00', '202.124.205.203', 1),
(22, '2016-12-08 11:46:13', '2016-12-08 13:14:38', '202.124.205.203', 16),
(23, '2016-12-08 12:47:58', '2016-12-08 12:51:37', '202.124.205.203', 17),
(24, '2016-12-08 12:52:03', '2016-12-08 12:53:34', '202.124.205.249', 20),
(25, '2016-12-08 12:52:09', '2016-12-08 12:53:20', '202.124.205.203', 1),
(26, '2016-12-08 12:53:38', '2016-12-08 13:09:42', '202.124.205.203', 17),
(27, '2016-12-08 12:53:46', '2016-12-08 13:16:41', '202.124.205.249', 1),
(28, '2016-12-08 13:09:49', '2016-12-08 13:13:32', '202.124.205.203', 1),
(29, '2016-12-08 13:14:52', NULL, '202.124.205.203', 1),
(30, '2016-12-08 13:21:06', '2016-12-08 13:23:59', '202.124.205.249', 1),
(31, '2016-12-08 13:23:58', NULL, '202.124.205.203', 1),
(32, '2016-12-08 13:24:23', '2016-12-08 13:27:17', '202.124.205.249', 22),
(33, '2016-12-08 13:29:34', NULL, '202.124.205.249', 1),
(34, '2016-12-08 13:30:20', NULL, '202.124.205.249', 1),
(35, '2016-12-08 13:31:33', '2016-12-08 13:41:43', '202.124.205.249', 1),
(36, '2016-12-08 13:41:53', '2016-12-08 13:50:47', '202.124.205.249', 18),
(37, '2016-12-08 14:00:02', '2016-12-09 10:42:47', '202.124.205.249', 1),
(38, '2016-12-08 14:15:55', '2016-12-08 14:17:12', '202.124.205.249', 22),
(39, '2016-12-08 15:40:01', '2016-12-08 15:41:15', '36.69.239.205', 20),
(40, '2016-12-08 15:57:00', NULL, '112.215.200.40', 1),
(41, '2016-12-08 16:09:18', '2016-12-08 16:23:46', '36.69.239.205', 1),
(42, '2016-12-08 16:23:58', '2016-12-08 19:17:57', '36.69.239.205', 26),
(43, '2016-12-08 16:45:25', '2016-12-08 16:49:53', '115.178.193.161', 23),
(44, '2016-12-08 16:50:18', '2016-12-08 17:40:54', '115.178.193.161', 17),
(45, '2016-12-08 17:41:11', '2016-12-08 18:03:35', '115.178.193.161', 23),
(46, '2016-12-08 18:04:27', NULL, '115.178.193.161', 17),
(47, '2016-12-08 19:18:05', NULL, '36.69.239.205', 1),
(48, '2016-12-08 19:18:43', NULL, '36.69.239.205', 1),
(49, '2016-12-08 19:31:41', '2016-12-08 19:46:27', '36.69.239.205', 1),
(50, '2016-12-08 19:45:33', '2016-12-08 21:33:00', '36.69.239.205', 40),
(51, '2016-12-08 19:47:05', '2016-12-08 21:31:12', '36.86.56.228', 29),
(52, '2016-12-08 19:47:10', NULL, '68.68.96.100', 34),
(53, '2016-12-08 19:48:13', '2016-12-08 21:31:09', '36.69.239.205', 27),
(54, '2016-12-08 19:48:15', '2016-12-08 20:19:27', '36.86.56.129', 32),
(55, '2016-12-08 19:48:34', '2016-12-08 20:19:25', '36.86.56.189', 35),
(56, '2016-12-08 19:50:42', '2016-12-08 20:06:23', '36.69.239.205', 1),
(57, '2016-12-08 20:04:42', '2016-12-08 20:06:39', '36.69.239.205', 23),
(58, '2016-12-08 20:06:35', '2016-12-08 20:14:06', '36.69.239.205', 1),
(59, '2016-12-08 20:07:51', NULL, '36.69.239.205', 51),
(60, '2016-12-08 20:14:19', NULL, '36.69.239.205', 23),
(61, '2016-12-08 20:15:11', '2016-12-08 20:20:23', '36.69.239.205', 1),
(62, '2016-12-08 20:20:49', NULL, '36.69.239.205', 1),
(63, '2016-12-08 20:21:29', NULL, '36.86.56.189', 35),
(64, '2016-12-08 20:21:42', '2016-12-08 21:31:21', '128.199.81.128', 31),
(65, '2016-12-08 20:27:36', '2016-12-08 20:40:08', '36.69.239.205', 1),
(66, '2016-12-08 20:30:16', '2016-12-08 21:30:55', '36.69.239.205', 50),
(67, '2016-12-08 20:31:07', '2016-12-08 21:30:50', '36.69.239.205', 43),
(68, '2016-12-08 20:31:22', '2016-12-08 21:01:48', '36.69.239.205', 23),
(69, '2016-12-08 20:31:45', '2016-12-08 21:31:09', '36.86.56.182', 37),
(70, '2016-12-08 20:32:42', NULL, '185.89.218.230', 32),
(71, '2016-12-08 20:33:47', NULL, '36.69.239.205', 45),
(72, '2016-12-08 20:34:07', '2016-12-08 21:31:11', '36.86.56.129', 32),
(73, '2016-12-08 20:40:57', '2016-12-08 20:41:33', '36.69.239.205', 18),
(74, '2016-12-08 20:41:42', '2016-12-08 21:34:23', '36.69.239.205', 22),
(75, '2016-12-08 20:42:23', NULL, '115.178.199.139', 23),
(76, '2016-12-08 20:46:05', '2016-12-08 21:32:59', '36.69.239.205', 48),
(77, '2016-12-08 20:49:28', '2016-12-08 21:30:58', '36.69.239.205', 33),
(78, '2016-12-08 20:52:46', '2016-12-08 21:32:26', '36.69.239.205', 46),
(79, '2016-12-08 20:54:37', NULL, '36.69.239.205', 16),
(80, '2016-12-08 21:02:29', '2016-12-08 21:07:21', '36.69.239.205', 23),
(81, '2016-12-08 21:08:57', '2016-12-08 21:09:57', '36.69.239.205', 1),
(82, '2016-12-08 21:10:07', NULL, '36.69.239.205', 23),
(83, '2016-12-08 21:27:28', '2016-12-08 21:31:20', '36.69.239.205', 38),
(84, '2016-12-08 21:31:15', NULL, '36.69.239.205', 23),
(85, '2016-12-08 21:31:18', NULL, '36.69.239.205', 23),
(86, '2016-12-08 21:31:22', NULL, '36.69.239.205', 23),
(87, '2016-12-08 21:31:23', '2016-12-08 21:41:35', '68.68.96.109', 23),
(88, '2016-12-08 21:31:36', NULL, '36.86.56.228', 23),
(89, '2016-12-08 21:31:39', NULL, '36.69.239.205', 23),
(90, '2016-12-08 21:31:46', NULL, '36.69.239.205', 23),
(91, '2016-12-08 21:31:57', '2016-12-08 21:49:04', '128.199.81.128', 23),
(92, '2016-12-08 21:32:02', NULL, '36.69.239.205', 23),
(93, '2016-12-08 21:32:05', NULL, '36.69.239.205', 23),
(94, '2016-12-08 21:32:16', NULL, '36.86.56.129', 23),
(95, '2016-12-08 21:32:23', NULL, '36.86.56.174', 23),
(96, '2016-12-08 21:32:25', NULL, '36.86.56.188', 23),
(97, '2016-12-08 21:32:34', NULL, '36.86.56.93', 23),
(98, '2016-12-08 21:32:40', NULL, '36.86.56.22', 23),
(99, '2016-12-08 21:32:47', NULL, '115.178.192.90', 23),
(100, '2016-12-08 21:32:53', NULL, '36.86.56.182', 23),
(101, '2016-12-08 21:33:17', NULL, '36.69.239.205', 23),
(102, '2016-12-08 21:33:29', NULL, '36.86.56.55', 23),
(103, '2016-12-08 21:33:30', NULL, '36.86.56.55', 23),
(104, '2016-12-08 21:33:31', NULL, '36.86.56.55', 23),
(105, '2016-12-08 21:33:34', NULL, '36.69.239.205', 23),
(106, '2016-12-08 21:34:15', NULL, '36.69.239.205', 23),
(107, '2016-12-08 21:34:40', NULL, '36.69.239.205', 18),
(108, '2016-12-08 21:36:01', NULL, '36.86.56.175', 23),
(109, '2016-12-08 21:36:12', '2016-12-08 21:54:16', '36.69.239.205', 23),
(110, '2016-12-08 21:39:09', '2016-12-08 21:39:45', '36.69.239.205', 51),
(111, '2016-12-09 15:08:56', '2016-12-09 15:09:36', '202.124.205.249', 1),
(112, '2016-12-09 15:14:59', '2016-12-09 15:15:58', '202.124.205.249', 21),
(113, '2016-12-09 15:16:12', '2016-12-09 16:11:16', '202.124.205.249', 1),
(114, '2016-12-10 01:23:48', NULL, '139.193.105.29', 23),
(115, '2016-12-13 09:19:23', NULL, '107.167.112.78', 1),
(116, '2016-12-13 09:20:29', NULL, '112.215.152.79', 1),
(117, '2016-12-14 10:11:30', '2016-12-14 10:22:11', '202.124.205.249', 1),
(118, '2016-12-15 08:37:48', NULL, '112.215.154.45', 30),
(119, '2016-12-15 08:47:12', NULL, '173.245.66.237', 34),
(120, '2016-12-16 15:55:48', '2016-12-20 09:38:27', '202.124.205.249', 1),
(121, '2016-12-20 10:41:10', '2016-12-23 10:53:38', '202.124.205.249', 1),
(122, '2016-12-28 16:02:17', '2016-12-30 11:02:15', '202.124.205.249', 1),
(123, '2017-01-03 16:14:23', NULL, '202.124.205.249', 1),
(124, '2017-01-08 14:33:14', '2017-01-08 15:11:48', '180.245.42.130', 20),
(125, '2017-01-08 17:27:34', NULL, '180.245.42.130', 20),
(126, '2017-01-09 13:52:00', NULL, '114.121.232.2', 20),
(127, '2017-01-09 14:18:00', '2017-01-09 16:48:50', '202.124.205.249', 1),
(128, '2017-01-11 13:46:32', NULL, '125.166.79.190', 1),
(129, '2017-01-11 13:51:42', NULL, '125.166.79.190', 53),
(130, '2017-01-11 16:08:01', '2017-01-11 16:43:21', '125.166.79.190', 1),
(131, '2017-01-11 16:43:39', '2017-01-11 16:51:50', '125.166.79.190', 1),
(132, '2017-01-11 16:52:26', NULL, '125.166.79.190', 54),
(133, '2017-01-12 10:13:16', '2017-01-12 10:49:38', '125.161.135.58', 1),
(134, '2017-01-12 10:50:07', NULL, '125.161.135.58', 53),
(135, '2017-01-13 14:55:49', '2017-01-13 15:10:50', '36.69.210.18', 53),
(136, '2017-01-13 15:11:42', '2017-01-13 15:55:51', '36.69.210.18', 53),
(137, '2017-01-13 15:12:18', NULL, '36.69.210.18', 1),
(138, '2017-01-13 15:13:02', NULL, '202.124.205.249', 53),
(139, '2017-01-13 16:02:24', '2017-01-13 16:54:03', '36.69.210.18', 1),
(140, '2017-01-13 16:49:49', '2017-01-13 17:02:25', '202.124.205.249', 1),
(141, '2017-01-13 16:55:18', NULL, '36.69.210.18', 54),
(142, '2017-01-13 17:03:17', '2017-02-03 16:34:41', '202.124.205.249', 53),
(143, '2017-01-13 17:08:56', NULL, '202.124.205.249', 1),
(144, '2017-01-13 17:15:45', NULL, '36.69.210.18', 1),
(145, '2017-01-13 17:25:58', NULL, '36.69.210.18', 53),
(146, '2017-01-17 11:28:44', '2017-01-17 11:28:59', '125.165.86.23', 53),
(147, '2017-01-17 11:29:18', '2017-01-17 11:31:09', '125.165.86.23', 1),
(148, '2017-01-17 11:31:20', '2017-01-17 11:42:43', '125.165.86.23', 53),
(149, '2017-01-17 11:44:12', '2017-01-17 11:44:57', '125.165.86.23', 54),
(150, '2017-01-17 11:45:17', '2017-01-17 11:46:50', '125.165.86.23', 53),
(151, '2017-01-17 11:47:03', '2017-01-17 11:47:27', '125.165.86.23', 54),
(152, '2017-01-17 11:47:40', NULL, '125.165.86.23', 53),
(153, '2017-02-03 16:43:22', '2017-02-03 16:43:40', '202.124.205.249', 54),
(154, '2017-02-03 16:44:04', NULL, '202.124.205.249', 1),
(155, '2017-02-13 15:14:37', NULL, '182.253.203.170', 30),
(156, '2017-04-13 14:18:32', '2017-04-13 14:20:02', '115.178.211.241', 23),
(157, '2017-04-13 15:20:52', '2017-04-13 16:03:01', '115.178.211.210', 23),
(158, '2017-04-13 15:27:39', NULL, '202.124.205.249', 1),
(159, '2017-04-13 15:29:59', NULL, '202.124.205.249', 1),
(160, '2017-04-13 15:30:02', NULL, '202.124.205.249', 1),
(161, '2017-04-13 15:30:02', NULL, '202.124.205.249', 1),
(162, '2017-04-13 15:30:19', '2017-04-13 15:57:49', '115.178.211.210', 1),
(163, '2017-04-13 15:30:47', '2017-04-13 16:16:53', '202.124.205.249', 1),
(164, '2017-04-13 15:55:16', NULL, '115.178.211.210', 26),
(165, '2017-04-13 15:57:59', '2017-04-13 15:58:10', '115.178.211.210', 20),
(166, '2017-04-13 15:59:07', NULL, '115.178.211.210', 48),
(167, '2017-04-13 16:03:12', NULL, '115.178.211.210', 1),
(168, '2017-04-13 16:07:50', '2017-04-13 16:17:53', '202.124.205.249', 21),
(169, '2017-04-13 16:17:29', '2017-04-13 16:17:39', '202.124.205.249', 48),
(170, '2017-04-13 16:17:46', '2017-04-13 16:18:14', '202.124.205.249', 20),
(171, '2017-04-13 16:18:23', '2017-04-13 16:22:30', '202.124.205.249', 1),
(172, '2017-04-13 16:22:40', NULL, '202.124.205.249', 1),
(173, '2017-04-13 16:22:53', '2017-04-13 16:22:56', '202.124.205.249', 48),
(174, '2017-04-13 16:23:06', '2017-04-13 16:23:38', '202.124.205.249', 20),
(175, '2017-04-13 16:23:54', NULL, '202.124.205.249', 1),
(176, '2017-04-13 16:23:56', '2017-04-13 16:25:04', '202.124.205.249', 1),
(177, '2017-04-13 16:25:29', '2017-04-13 16:35:34', '202.124.205.249', 23),
(178, '2017-04-13 16:27:51', NULL, '202.124.205.249', 1),
(179, '2017-05-15 11:46:03', '2017-05-15 11:57:37', '114.124.136.16', 1),
(180, '2017-05-15 12:01:46', NULL, '114.124.136.16', 1),
(181, '2017-06-21 09:49:52', NULL, '103.10.107.13', 1),
(182, '2017-07-03 12:51:50', '2017-07-03 13:29:20', '203.190.36.250', 1),
(183, '2017-07-03 14:19:54', '2017-07-03 14:22:52', '203.190.36.250', 1),
(184, '2017-07-03 14:23:11', NULL, '203.190.36.250', 1),
(185, '2017-07-04 05:35:31', NULL, '120.188.80.83', 1),
(186, '2017-11-21 13:47:02', '2017-11-21 13:49:50', '115.178.208.49', 23),
(187, '2017-11-21 14:00:47', NULL, '115.178.208.49', 1),
(188, '2017-11-27 04:57:59', '2017-11-27 05:00:49', '103.10.105.221', 1),
(189, '2017-11-27 05:03:50', '2017-11-27 05:06:07', '103.10.105.221', 1),
(190, '2017-11-27 05:08:31', '2017-11-27 05:08:39', '103.10.105.221', 55),
(191, '2017-11-27 05:08:46', '2017-11-27 05:10:04', '103.10.105.221', 1),
(192, '2017-11-27 05:10:16', '2017-11-27 05:12:15', '103.10.105.221', 55),
(193, '2017-11-27 05:13:03', '2017-11-27 05:18:32', '103.10.105.221', 1),
(194, '2017-11-27 05:18:39', '2017-11-27 05:20:04', '103.10.105.221', 55),
(195, '2017-11-27 08:30:50', NULL, '120.188.32.164', 1),
(196, '2017-11-27 09:21:18', NULL, '115.178.192.2', 1),
(197, '2017-11-27 09:26:55', '2017-11-27 09:28:30', '115.178.211.82', 1),
(198, '2017-11-27 09:27:30', NULL, '203.190.37.250', 55),
(199, '2017-11-27 09:30:46', '2017-11-27 09:31:33', '203.190.37.250', 1),
(200, '2017-11-27 09:31:48', NULL, '203.190.37.250', 1),
(201, '2017-11-27 11:16:02', '2017-11-27 11:16:39', '203.190.36.250', 1),
(202, '2017-11-27 11:16:50', NULL, '203.190.36.250', 55),
(203, '2019-01-09 15:38:17', NULL, '103.10.105.230', 1),
(204, '2019-01-25 15:28:46', NULL, '114.124.230.175', 23),
(205, '2019-01-25 15:28:50', '2019-01-25 16:05:34', '103.10.105.230', 23),
(206, '2019-04-03 14:16:01', '2019-04-03 14:18:19', '10.40.1.173', 20),
(207, '2019-04-03 14:18:26', '2019-04-03 14:18:29', '10.40.1.173', 20),
(208, '2019-04-03 14:22:11', '2019-04-03 14:40:29', '10.40.1.173', 1),
(209, '2019-04-03 14:40:36', NULL, '10.40.1.173', 1),
(210, '2019-04-03 22:23:33', NULL, '139.192.31.105', 1),
(211, '2019-04-05 11:36:03', NULL, '10.1.106.1', 1),
(212, '2019-04-08 14:56:21', NULL, '141.0.8.94', 1),
(213, '2019-04-11 13:23:09', NULL, '10.1.106.1', 1),
(214, '2019-04-11 14:37:30', NULL, '141.0.8.53', 1),
(215, '2019-04-12 11:55:58', NULL, '182.0.203.182', 1),
(216, '2019-07-10 14:41:58', NULL, '182.0.164.172', 1),
(217, '2019-07-19 11:21:58', '2019-07-19 11:35:24', '10.40.1.167', 1),
(218, '2019-07-19 14:38:09', NULL, '202.182.59.103', 1);

-- --------------------------------------------------------

--
-- Struktur dari tabel `verifikasiUser`
--

CREATE TABLE IF NOT EXISTS `verifikasiUser` (
  `id` int(11) NOT NULL,
  `codeVerifikasi` varchar(200) DEFAULT NULL,
  `verif` tinyint(4) DEFAULT NULL,
  `date_create` datetime DEFAULT NULL,
  `date_verif` datetime DEFAULT NULL,
  `PelakuUsaha` int(11) DEFAULT NULL,
  `user_id` int(11) DEFAULT NULL,
  `email` varchar(100) DEFAULT NULL
) ENGINE=InnoDB AUTO_INCREMENT=50 DEFAULT CHARSET=utf8;

--
-- Dumping data untuk tabel `verifikasiUser`
--

INSERT INTO `verifikasiUser` (`id`, `codeVerifikasi`, `verif`, `date_create`, `date_verif`, `PelakuUsaha`, `user_id`, `email`) VALUES
(1, 'QZ0LDYU8gK5VD3uXN7uUFGhQP4DNPrHh_1480571317', 1, '2016-12-01 12:12:19', '2016-12-01 12:50:28', 1, 16, 'd.ramdhani46@gmail.com'),
(2, NULL, -1, '2016-12-01 12:37:03', '2016-12-01 14:17:13', 2, 17, 'pungki@apps.ipb.ac.id'),
(3, NULL, -1, '2016-12-01 19:17:06', NULL, 3, NULL, 'wisard.kalengkongan@gmail.com'),
(4, '6q8aRG4rE7p8U50O3a_W8KOykmIXfPwg_1480649092', 1, '2016-12-02 10:01:13', '2016-12-02 10:25:48', 4, 18, 'wisard.kalengkongan@gmail.com'),
(5, 'ssnvRBmMfsTXflyr6AvsLGjHz9OU9haZ_1480661142', 1, '2016-12-02 11:34:58', '2016-12-02 13:48:36', 5, 20, 'hsrkom@gmail.com'),
(6, NULL, -1, '2016-12-02 13:42:24', '2016-12-02 13:46:42', 6, 19, 'dahri@careipb.or.id'),
(7, NULL, -1, '2016-12-02 13:49:39', NULL, 7, NULL, 'Abdkarnaen@gmail.com'),
(8, '5sQDLfsiB2tYAwV4z_62N7KN0QNaBJw-_1480897479', 1, '2016-12-05 07:23:40', '2016-12-05 07:28:21', 8, 21, 'fika@careipb.or.id'),
(9, NULL, -1, '2016-12-05 15:06:54', NULL, 9, NULL, 'rafikanurzakiyyah@gmail.com'),
(10, 'qpMDZzPVQuKsBYbp5Nus47iXygjXCV_c_1481181051', 1, '2016-12-06 18:59:48', '2016-12-08 14:11:49', 10, 25, 'amsstk@gmail.com'),
(11, '_7KUE5BE4lIO8-XMGJbeEWxwhcTCRbCF_1481180853', 1, '2016-12-08 07:39:10', '2016-12-08 14:08:24', 11, 24, 'irman.hermadi@gmail.com'),
(12, 'XvcedyxtHN8zJ77PKTIjZMzA-kZCjgOf_1481181192', 1, '2016-12-08 13:56:30', '2016-12-08 16:03:47', 12, 26, 'wisard1709@gmail.com'),
(13, '0uUbwwdyB0k06OTQ9NDYLVa6AI3aqBhy_1481200938', 1, '2016-12-08 19:21:36', '2016-12-08 19:45:33', 13, 47, 'nuriawibisono@yahoo.co.id'),
(14, '6VwB2jofkHRx5OAuQD4X5SEqOfDk1Ziz_1481200867', 1, '2016-12-08 19:22:18', '2016-12-08 19:45:14', 14, 46, 'dahritanjung@careipb.or.id'),
(15, NULL, -1, '2016-12-08 19:22:40', NULL, 15, NULL, 'agus.sudjana@gmail.com'),
(16, 'UfNIblSJsoAwak7IyuVdO_EZvaTnWCUG_1481200752', 1, '2016-12-08 19:22:52', '2016-12-08 19:40:13', 16, 29, 'goe2xmz@gmail.com'),
(17, 'TxJ0pNyJv6PHkS2Zz07zBbjoYmBZAJLL_1481200753', 1, '2016-12-08 19:22:59', '2016-12-08 19:41:48', 17, 33, 'toif.hidayatullah@gmail.com'),
(18, 'xCKsiU--j0kZBCWgSB9YCsQHcVMYd8w9_1481200819', 1, '2016-12-08 19:23:43', '2016-12-08 19:42:20', 18, 35, 'drh.caecilia@gmail.com'),
(19, 'XVDLNflNNwNFNYM1pdRsKCl2w5ueDBMr_1481200738', 1, '2016-12-08 19:24:57', '2016-12-08 19:41:17', 19, 30, 'dwinawangwicaksana@gmail.com'),
(20, 'LUvojK3tDoT3et3RO_y6M3FCgpcTRkq8_1481200739', 1, '2016-12-08 19:24:58', '2016-12-08 19:42:34', 20, 36, 'harishovie@gmail.com'),
(21, 'qHLEUclKX1lb_CoM9jEyw7nsQ82YaLNf_1481200689', 1, '2016-12-08 19:25:37', '2016-12-08 19:39:45', 21, 27, 'agustriana0872@gmail.com'),
(22, 'Fe09YqYh3elHvrpsr1RIgiTOjXuYgDrt_1481200670', 1, '2016-12-08 19:25:59', '2016-12-08 19:39:59', 22, 28, 'astho@pertanian.go.id'),
(23, 'vnjWuuUUaL-wlQb2xk142VHhWN4E_0QF_1481200744', 1, '2016-12-08 19:26:59', '2016-12-08 19:42:50', 23, 39, 'lilis.haswati@gmail.com'),
(24, 'Ey0tiGplSHmI1XEQeAGY6wYSWQD9RWvh_1481200659', 1, '2016-12-08 19:27:04', '2016-12-08 19:43:01', 24, 41, 'kesmavetjabar@yahoo.com'),
(25, 'RZMVn5-FfbO1TK9QY_rEMj-gPR7NyaBz_1481200728', 1, '2016-12-08 19:27:21', '2016-12-08 19:43:29', 25, 42, 'arief_pria@yahoo.co.id'),
(26, 'meEROBdm2VaT7kJdjw3qQjlhDwLpqeVP_1481200733', 1, '2016-12-08 19:27:23', '2016-12-08 19:47:47', 26, 49, 'indah_3af@yahoo.com'),
(27, NULL, -1, '2016-12-08 19:27:26', NULL, 27, NULL, 'abdkarnaen@gmail.com'),
(28, 'qs7TENPk5GDb6yiILyRTY-nC98wnMEc0_1481200459', 2, '2016-12-08 19:27:59', NULL, 28, NULL, 'astho@pertanian.go.id'),
(29, 'bcSo4B4ip9CQKPTQkEYP7e5yjd6WNzMT_1481200733', 1, '2016-12-08 19:28:03', '2016-12-08 19:41:55', 29, 34, 'chandrayudha2014@gmail.com'),
(30, 'j8mDuVqYtyHRAIBBECnKq52DflHqGQHd_1481200488', 1, '2016-12-08 19:28:04', '2016-12-08 19:44:42', 30, 44, 'tatimarwin@yahoo.com'),
(31, 'z2onsP-bcxKW8NCJ4U18ctrXP4J7_fIK_1481200710', 1, '2016-12-08 19:28:30', '2016-12-08 19:42:50', 31, 40, 'ranihandayani649@yahoo.com'),
(32, 'ZQUZAGXcT8nPkJ-Ghr1pzFBP1YdJ0aYT_1481200701', 1, '2016-12-08 19:28:34', '2016-12-08 19:42:46', 32, 38, 'ranierlina@gmail.com'),
(33, 'biGLpuVSXRom9Y42AOp6Db-WCrCL5-D6_1481200693', 1, '2016-12-08 19:28:35', '2016-12-08 19:42:40', 33, 37, 'elyrini@gmail.com'),
(34, 'qnERNwnAazLap6d_K1EUIutdaRyq6H6e_1481200694', 1, '2016-12-08 19:28:59', '2016-12-08 19:45:00', 34, 45, 'rismiperangin@gmail.com'),
(35, 'FizF90whIcDU6-rXY9iqlGZ3fXUmPamB_1481200670', 1, '2016-12-08 19:29:02', '2016-12-08 19:47:12', 35, 48, 'hsrkom@apps.ipb.ac.id'),
(36, '51hkBbA-IYruPoF9Sc_pyv4WCECSfkln_1481200722', 1, '2016-12-08 19:30:19', '2016-12-08 19:48:35', 36, 50, 'nieants@yahoo.com'),
(37, 'fOghsw3CqzWCyzXhBAhOZALgsYvWsvFV_1481201574', 2, '2016-12-08 19:30:45', NULL, 37, NULL, 'endahenba_@yahoo.com'),
(38, 'YqAINqRQvlzmGg4MTzmutVvYOUOc_o9r_1481200748', 1, '2016-12-08 19:31:09', '2016-12-08 19:43:48', 38, 43, 'adun_doetme@yahoo.com'),
(39, 'EaLG0Ko0ihpwa_KVAr8jmoXXg5vMIFUm_1481200703', 1, '2016-12-08 19:31:23', '2016-12-08 19:41:33', 39, 32, 'priyo.supriyono@gmail.com'),
(40, 'WAntVON25Hln1_NqbD355BGZylZTEh32_1481200649', 1, '2016-12-08 19:33:14', '2016-12-08 19:41:24', 40, 31, 'loka.setia@gmail.com'),
(41, 'WxiAoG3CZSQfW2wH0MCR7WeYWc37EPVa_1481201113', 2, '2016-12-08 19:43:37', NULL, 41, NULL, 'nuriawibisono@yahoo.co.id'),
(42, '-f34Ki7lf-fHuZOxZCVHfEIfCDkBXfL2_1481201563', 2, '2016-12-08 19:48:15', NULL, 42, NULL, 'rugi@gmail.com'),
(43, 's9qLSzerbd4vrXvL39K9fehBkSOe2xhb_1481201970', 1, '2016-12-08 19:59:18', '2016-12-08 20:02:01', 43, 51, 'agusms75@gmail.com'),
(44, 'q6w03dUdOi6_QBr5Jkao_zHvk2XsON7O_1481202015', 1, '2016-12-08 19:59:40', '2016-12-08 20:03:01', 44, 52, 'endah_enba@yahoo.com'),
(45, NULL, -1, '2016-12-20 10:39:40', NULL, 45, NULL, 'rafikanurzakiyyah@gmail.com'),
(46, '_5tonclK1HplO-ferjsXhZL3dVIRnmyB_1484117214', 1, '2017-01-11 13:44:09', '2017-01-11 13:50:31', 46, 53, 'muliyanti.yayan@apps.ipb.ac.id'),
(47, NULL, -1, '2017-06-21 11:02:39', NULL, 47, NULL, 'rafikanurzakiyyah@gmail.com'),
(48, 'tOh0PxSzk3OsQSTM_qQ_vo0P2hI97a-A_1511733850', 1, '2017-11-27 05:02:34', '2017-11-27 05:06:30', 48, 55, 'hanf_aff@apps.ipb.ac.id'),
(49, NULL, 0, '2019-07-16 12:50:53', NULL, 49, NULL, 'alinnurkhalifah@gmail.com');

-- --------------------------------------------------------

--
-- Struktur dari tabel `Village`
--

CREATE TABLE IF NOT EXISTS `Village` (
  `idVillage` int(11) unsigned NOT NULL COMMENT 'Surrogate key of Kelurahan/Desa',
  `VillageCode` char(10) CHARACTER SET utf8 NOT NULL COMMENT 'Village code based on BPS standard',
  `DistrictCode` char(7) CHARACTER SET utf8 NOT NULL COMMENT 'District code based on BPS standard',
  `VillageNameID` varchar(100) CHARACTER SET utf8 NOT NULL COMMENT 'Name of Village in Bahasa Indonesia',
  `VillageNameEN` varchar(100) CHARACTER SET utf8 NOT NULL COMMENT 'Name of Village in Bahasa Inggris'
) ENGINE=InnoDB AUTO_INCREMENT=7460 DEFAULT CHARSET=utf8 COLLATE=utf8_unicode_ci;

--
-- Dumping data untuk tabel `Village`
--

INSERT INTO `Village` (`idVillage`, `VillageCode`, `DistrictCode`, `VillageNameID`, `VillageNameEN`) VALUES
(1, '1101010001', '1101010', 'LATIUNG', ''),
(2, '1101010002', '1101010', 'LABUHAN BAJAU', ''),
(3, '1101010003', '1101010', 'SUAK LAMATAN', ''),
(4, '1101010004', '1101010', 'ANA AO', ''),
(5, '1101010005', '1101010', 'LATALING', ''),
(6, '1101010006', '1101010', 'PULAU BENGKALAK', ''),
(7, '1101010007', '1101010', 'BADEGONG', ''),
(8, '1101010008', '1101010', 'KEBUN BARU', ''),
(9, '1101010009', '1101010', 'ULUL MAYANG', ''),
(10, '1101010010', '1101010', 'PASIR TINGGI', ''),
(11, '1101010011', '1101010', 'LABUHAN JAYA', ''),
(12, '1101010012', '1101010', 'LABUHAN BAKTI', ''),
(13, '1101010013', '1101010', 'BATU RALANG', ''),
(14, '1101010014', '1101010', 'ALUS ALUS', ''),
(15, '1101010015', '1101010', 'SEUNEUBOK', ''),
(16, '1101010016', '1101010', 'BLANG SEBEL', ''),
(17, '1101010017', '1101010', 'TRANS BARU', ''),
(18, '1101010018', '1101010', 'TRANS MERANTI', ''),
(19, '1101010019', '1101010', 'TRANS JERNGE', ''),
(20, '1101020022', '1101020', 'AIR PINANG', ''),
(21, '1101020023', '1101020', 'KUALA MAKMUR', ''),
(22, '1101020024', '1101020', 'GANTING', ''),
(23, '1101020025', '1101020', 'LINGGI', ''),
(24, '1101020026', '1101020', 'LUGU', ''),
(25, '1101020027', '1101020', 'SINABANG', ''),
(26, '1101020028', '1101020', 'SUKA MAJU', ''),
(27, '1101020029', '1101020', 'SUKA KARYA', ''),
(28, '1101020030', '1101020', 'SUKA JAYA', ''),
(29, '1101020031', '1101020', 'AIR DINGIN', ''),
(30, '1101020032', '1101020', 'KOTA BATU', ''),
(31, '1101020035', '1101020', 'SUAK BULUH', ''),
(32, '1101020036', '1101020', 'UJUNG TINGGI', ''),
(33, '1101020037', '1101020', 'PULAU SIUMAT', ''),
(34, '1101020038', '1101020', 'SEFOYAN', ''),
(35, '1101020039', '1101020', 'AMAITENG MULIA', ''),
(36, '1101020040', '1101020', 'AMERIA BAHAGIA', ''),
(37, '1101021001', '1101021', 'SITAL', ''),
(38, '1101021002', '1101021', 'LEUBANG', ''),
(39, '1101021003', '1101021', 'LEUBANG HULU', ''),
(40, '1101021004', '1101021', 'AWE SEUBAL', ''),
(41, '1101021005', '1101021', 'LANTIK', ''),
(42, '1101021006', '1101021', 'AWE KECIL', ''),
(43, '1101021007', '1101021', 'SALUR', ''),
(44, '1101021008', '1101021', 'SALUR LATUN', ''),
(45, '1101021009', '1101021', 'SALUR LASENGALU', ''),
(46, '1101021010', '1101021', 'NANCALA', ''),
(47, '1101021011', '1101021', 'MAUDIL', ''),
(48, '1101021012', '1101021', 'INOR', ''),
(49, '1101021013', '1101021', 'NAIBOS', ''),
(50, '1101021014', '1101021', 'LAAYON', ''),
(51, '1101021015', '1101021', 'ANGKEO', ''),
(52, '1101021016', '1101021', 'BUNON', ''),
(53, '1101021017', '1101021', 'SILENGAS', ''),
(54, '1101021018', '1101021', 'PULAU TEUPAH', ''),
(55, '1101022001', '1101022', 'KAHAT', ''),
(56, '1101022002', '1101022', 'BUSUNG INDAH', ''),
(57, '1101022003', '1101022', 'NANCAWA', ''),
(58, '1101022004', '1101022', 'LABUAH', ''),
(59, '1101022005', '1101022', 'ABAIL', ''),
(60, '1101022006', '1101022', 'SIMPANG ABAIL', ''),
(61, '1101022007', '1101022', 'LANTING', ''),
(62, '1101022008', '1101022', 'LASIKIN', ''),
(63, '1101022009', '1101022', 'MATANURUNG', ''),
(64, '1101022010', '1101022', 'SUA SUA', ''),
(65, '1101022011', '1101022', 'BATU BATU', ''),
(66, '1101022012', '1101022', 'SITUBUK', ''),
(67, '1101030001', '1101030', 'DIHIT', ''),
(68, '1101030002', '1101030', 'LAUKE', ''),
(69, '1101030003', '1101030', 'LAMBAYA', ''),
(70, '1101030004', '1101030', 'LAKUBANG', ''),
(71, '1101030005', '1101030', 'KAMPUNG AIE', ''),
(72, '1101030006', '1101030', 'LAUREE', ''),
(73, '1101030007', '1101030', 'LATITIK', ''),
(74, '1101030008', '1101030', 'LAMAYANG', ''),
(75, '1101030009', '1101030', 'WEL WEL', ''),
(76, '1101030020', '1101030', 'SITUFA JAYA', ''),
(77, '1101030021', '1101030', 'PUTRA JAYA', ''),
(78, '1101030022', '1101030', 'LUAN SORIP', ''),
(79, '1101030023', '1101030', 'SUAK BARU', ''),
(80, '1101030024', '1101030', 'SEBBE', ''),
(81, '1101030025', '1101030', 'KUTA BARU', ''),
(82, '1101030026', '1101030', 'WEL LANGKOM', ''),
(83, '1101031001', '1101031', 'KUALA BAKTI', ''),
(84, '1101031002', '1101031', 'LUGU SEBAHAK', ''),
(85, '1101031003', '1101031', 'GUNUNG PUTIH', ''),
(86, '1101031004', '1101031', 'BABUSSALAM', ''),
(87, '1101031005', '1101031', 'MUARA AMAN', ''),
(88, '1101031006', '1101031', 'LUAN BALU', ''),
(89, '1101031007', '1101031', 'SAMBAI', ''),
(90, '1101031008', '1101031', 'KUALA BARU', ''),
(91, '1101031009', '1101031', 'TANJUNG RAYA', ''),
(92, '1101031010', '1101031', 'BULU HADIK', ''),
(93, '1101032001', '1101032', 'BUBUHAN', ''),
(94, '1101032002', '1101032', 'AMARABU', ''),
(95, '1101032003', '1101032', 'KUTA INANG', ''),
(96, '1101032004', '1101032', 'KUTA PADANG', ''),
(97, '1101032005', '1101032', 'LATAK AYAH', ''),
(98, '1101032006', '1101032', 'SIBULUH', ''),
(99, '1101032007', '1101032', 'BORENGAN', ''),
(100, '1101032008', '1101032', 'UJUNG PADANG', ''),
(101, '1101040001', '1101040', 'UJUNG SALANG', ''),
(102, '1101040002', '1101040', 'PADANG UNOI', ''),
(103, '1101040003', '1101040', 'MEUNAFA', ''),
(104, '1101040004', '1101040', 'NASREUHE', ''),
(105, '1101040005', '1101040', 'ALONG', ''),
(106, '1101040006', '1101040', 'PANTON LAWE', ''),
(107, '1101040007', '1101040', 'MUTIARA', ''),
(108, '1101040008', '1101040', 'KARYA BAKTI', ''),
(109, '1101040009', '1101040', 'TAMON JAYA', ''),
(110, '1101040010', '1101040', 'JAYA BARU', ''),
(111, '1101040011', '1101040', 'TAMENG', ''),
(112, '1101040012', '1101040', 'LALLA BAHAGIA', ''),
(113, '1101040013', '1101040', 'SUAK MANANG', ''),
(114, '1101040014', '1101040', 'BUNGA', ''),
(115, '1101040015', '1101040', 'GANANG PUSAKO', ''),
(116, '1101040016', '1101040', 'KENANGAN JAYA', ''),
(117, '1101050007', '1101050', 'SANGGIRAN', ''),
(118, '1101050008', '1101050', 'AMABAAN', ''),
(119, '1101050009', '1101050', 'MITEUM', ''),
(120, '1101050010', '1101050', 'MALASIN', ''),
(121, '1101050011', '1101050', 'LAMAMEK', ''),
(122, '1101050012', '1101050', 'SIGULAI', ''),
(123, '1101050013', '1101050', 'SEMBILAN', ''),
(124, '1101050014', '1101050', 'LAYABAUNG', ''),
(125, '1101050015', '1101050', 'LHOK MAKMUR', ''),
(126, '1101050016', '1101050', 'UJUNG HARAPAN', ''),
(127, '1101050017', '1101050', 'LHOK BIKHAO', ''),
(128, '1101050018', '1101050', 'BABUL MAKMUR', ''),
(129, '1101050019', '1101050', 'BATU RAGI', ''),
(130, '1101050020', '1101050', 'SINAR BAHAGIA', ''),
(131, '1101051001', '1101051', 'LAFAKHA', ''),
(132, '1101051002', '1101051', 'LHOK DALAM', ''),
(133, '1101051003', '1101051', 'LUBUK BAIK', ''),
(134, '1101051004', '1101051', 'LANGI', ''),
(135, '1101051005', '1101051', 'SERAFON', ''),
(136, '1101051006', '1101051', 'LHOK PAUH', ''),
(137, '1101051007', '1101051', 'LAMEREM', ''),
(138, '1101051008', '1101051', 'LEWAK', ''),
(139, '1102010003', '1102010', 'PULAU BAGUK', ''),
(140, '1102010004', '1102010', 'PULAU BALAI', ''),
(141, '1102010005', '1102010', 'TELUK NIBUNG', ''),
(142, '1102011001', '1102011', 'ASANTOLA', ''),
(143, '1102011002', '1102011', 'UJUNG SIALIT', ''),
(144, '1102011003', '1102011', 'HALOBAN', ''),
(145, '1102011004', '1102011', 'SUKA MAKMUR', ''),
(146, '1102020003', '1102020', 'PULO SAROK', ''),
(147, '1102020004', '1102020', 'PASAR SINGKIL', ''),
(148, '1102020005', '1102020', 'UJUNG', ''),
(149, '1102020006', '1102020', 'KOTA SIMBOLING', ''),
(150, '1102020007', '1102020', 'KILANGAN', ''),
(151, '1102020009', '1102020', 'TELUK AMBUN', ''),
(152, '1102020010', '1102020', 'RANTAU GEDANG', ''),
(153, '1102020011', '1102020', 'TELUK RUMBIA', ''),
(154, '1102020012', '1102020', 'TAKAL PASIR', ''),
(155, '1102020013', '1102020', 'SELOK ACEH', ''),
(156, '1102020014', '1102020', 'PEA BUMBUNG', ''),
(157, '1102020015', '1102020', 'PEMUKA', ''),
(158, '1102020019', '1102020', 'SUKA DAMAI', ''),
(159, '1102020020', '1102020', 'UJUNG BAWANG', ''),
(160, '1102020021', '1102020', 'SITI AMBIA', ''),
(161, '1102020022', '1102020', 'SUKA MAKMUR', ''),
(162, '1102021001', '1102021', 'GOSONG TELAGA UTARA', ''),
(163, '1102021002', '1102021', 'GOSONG TELAGA SELATAN', ''),
(164, '1102021003', '1102021', 'GOSONG TELAGA TIMUR', ''),
(165, '1102021004', '1102021', 'TELAGA BAKTI', ''),
(166, '1102021005', '1102021', 'KAMPUNG BARU', ''),
(167, '1102021006', '1102021', 'KETAPANG INDAH', ''),
(168, '1102021007', '1102021', 'GOSONG TELAGA BARAT', ''),
(169, '1102022001', '1102022', 'KAYU MENANG', ''),
(170, '1102022002', '1102022', 'KUALA BARU SUNGAI', ''),
(171, '1102022003', '1102022', 'KUALA BARU LAUT', ''),
(172, '1102022004', '1102022', 'SUKA JAYA', ''),
(173, '1102030017', '1102030', 'PANGI', ''),
(174, '1102030026', '1102030', 'TUGAN', ''),
(175, '1102030027', '1102030', 'CIBUBUKAN', ''),
(176, '1102030028', '1102030', 'KAIN GOLONG', ''),
(177, '1102030029', '1102030', 'SUKAREJO', ''),
(178, '1102030030', '1102030', 'TUH TUHAN', ''),
(179, '1102030031', '1102030', 'LAE GECIH', ''),
(180, '1102030032', '1102030', 'SIATAS', ''),
(181, '1102030033', '1102030', 'KUTA KERANGAN', ''),
(182, '1102030034', '1102030', 'LIPAT KAJANG', ''),
(183, '1102030035', '1102030', 'TANJUNG MAS', ''),
(184, '1102030036', '1102030', 'SERASAH', ''),
(185, '1102030038', '1102030', 'UJUNG LIMUS', ''),
(186, '1102030039', '1102030', 'SILATONG', ''),
(187, '1102030040', '1102030', 'LAE RIMAN', ''),
(188, '1102030041', '1102030', 'PERTABAS', ''),
(189, '1102030042', '1102030', 'KUTA TINGGI', ''),
(190, '1102030043', '1102030', 'LAE NIPE', ''),
(191, '1102030044', '1102030', 'PAKIRAMAN', ''),
(192, '1102030048', '1102030', 'LAE GAMBIR', ''),
(193, '1102030049', '1102030', 'KUTA BATU', ''),
(194, '1102030050', '1102030', 'GUHA', ''),
(195, '1102030051', '1102030', 'LIPAT KAJANG ATAS', ''),
(196, '1102030052', '1102030', 'SIDODADI', ''),
(197, '1102030053', '1102030', 'PANDAN SARI', ''),
(198, '1102031001', '1102031', 'PERTAMPAKAN', ''),
(199, '1102031002', '1102031', 'TANAH MERAH', ''),
(200, '1102031003', '1102031', 'SEBATANG', ''),
(201, '1102031004', '1102031', 'SEPING BARU', ''),
(202, '1102031005', '1102031', 'PERANGUSAN', ''),
(203, '1102031006', '1102031', 'GUNUNG LAGAN', ''),
(204, '1102031007', '1102031', 'TANAH BARA', ''),
(205, '1102031008', '1102031', 'SUKA MAKMUR', ''),
(206, '1102031009', '1102031', 'SIDOREJO', ''),
(207, '1102031010', '1102031', 'PANDAN SARI', ''),
(208, '1102031011', '1102031', 'BLOK 31', ''),
(209, '1102031012', '1102031', 'BLOK 18', ''),
(210, '1102031013', '1102031', 'SANGGABERU SILULUSAN', ''),
(211, '1102031014', '1102031', 'BLOK 15', ''),
(212, '1102031015', '1102031', 'TULAAN', ''),
(213, '1102031016', '1102031', 'BLOK VI BARU', ''),
(214, '1102031017', '1102031', 'TUNAS HARAPAN', ''),
(215, '1102031018', '1102031', 'LAE BUTAR', ''),
(216, '1102031019', '1102031', 'RIMO', ''),
(217, '1102031020', '1102031', 'SIANJO ANJO MERIAH', ''),
(218, '1102031021', '1102031', 'CINGKAM', ''),
(219, '1102031022', '1102031', 'BUKIT HARAPAN', ''),
(220, '1102031023', '1102031', 'PENJAHITAN', ''),
(221, '1102031024', '1102031', 'TANJUNG BETIK', ''),
(222, '1102031025', '1102031', 'LABUHAN KERA', ''),
(223, '1102032001', '1102032', 'SITUBAN MAKMUR', ''),
(224, '1102032002', '1102032', 'LAE BALNO', ''),
(225, '1102032003', '1102032', 'SIKORAN', ''),
(226, '1102032004', '1102032', 'NAPA GALUH', ''),
(227, '1102032005', '1102032', 'BISKANG', ''),
(228, '1102032006', '1102032', 'SITUBUH-TUBUH', ''),
(229, '1102032007', '1102032', 'DANAU PINANG', ''),
(230, '1102033001', '1102033', 'MANDUMPANG', ''),
(231, '1102033002', '1102033', 'ALUR LINCI', ''),
(232, '1102033003', '1102033', 'SIRIMO MUNGKUR', ''),
(233, '1102033004', '1102033', 'KERAS', ''),
(234, '1102033005', '1102033', 'KETANGKUHAN', ''),
(235, '1102033006', '1102033', 'SIOMPIN', ''),
(236, '1102033007', '1102033', 'BULU ARA', ''),
(237, '1102033008', '1102033', 'LAE BANGUN', ''),
(238, '1102033009', '1102033', 'BULU SEMA', ''),
(239, '1102033010', '1102033', 'PANGKALAN SULAMPI', ''),
(240, '1102033011', '1102033', 'SURO BARU', ''),
(241, '1102033012', '1102033', 'LAE CIKALA', ''),
(242, '1102042001', '1102042', 'SRI KAYU', ''),
(243, '1102042002', '1102042', 'PEA JAMBU', ''),
(244, '1102042003', '1102042', 'LAE PINANG', ''),
(245, '1102042004', '1102042', 'SINGKOHOR', ''),
(246, '1102042005', '1102042', 'MUKTI HARAPAN', ''),
(247, '1102042006', '1102042', 'MUKTI JAYA', ''),
(248, '1102042007', '1102042', 'LAE SIPOLA', ''),
(249, '1102043001', '1102043', 'MUARA PEA', ''),
(250, '1102043002', '1102043', 'SUMBER MUKTI', ''),
(251, '1102043003', '1102043', 'LADANG BISIK', ''),
(252, '1102043004', '1102043', 'SAMAR DUA', ''),
(253, '1102043005', '1102043', 'BUTAR', ''),
(254, '1102043006', '1102043', 'MUKTI LINCIR', ''),
(255, '1102043007', '1102043', 'LAPAHAN BUAYA', ''),
(256, '1102043008', '1102043', 'LENTONG', ''),
(257, '1102043009', '1102043', 'DANAU BUNGARA', ''),
(258, '1102043010', '1102043', 'SELAKAR UDANG', ''),
(259, '1103010001', '1103010', 'KUTA PADANG', ''),
(260, '1103010002', '1103010', 'RAKET', ''),
(261, '1103010003', '1103010', 'GAMPONG TENGAH', ''),
(262, '1103010004', '1103010', 'TEPIN TINGGI', ''),
(263, '1103010005', '1103010', 'IE MEUDAMA', ''),
(264, '1103010009', '1103010', 'UJONG TAN0H', ''),
(265, '1103010010', '1103010', 'KEUDE TRUMON', ''),
(266, '1103010011', '1103010', 'KUTA BARU', ''),
(267, '1103010012', '1103010', 'SINGLENG', ''),
(268, '1103010013', '1103010', 'PANTON BILI', ''),
(269, '1103010027', '1103010', 'UPT II PD HARAPAN', ''),
(270, '1103010030', '1103010', 'SEUNABOK JAYA (EX UPT V)', ''),
(271, '1103011001', '1103011', 'TITI POBEN', ''),
(272, '1103011002', '1103011', 'ALUR BUJOK', ''),
(273, '1103011003', '1103011', 'SEUNEUBOK PUNTHO', ''),
(274, '1103011008', '1103011', 'PINTO RIMBA', ''),
(275, '1103011009', '1103011', 'KRUNG LUAS', ''),
(276, '1103011010', '1103011', 'JAMBO DALEM', ''),
(277, '1103011011', '1103011', 'KAPAI SEUSAK', ''),
(278, '1103011012', '1103011', 'UPT I SNB PUSAKA', ''),
(279, '1103012001', '1103012', 'LHOK RAYA', ''),
(280, '1103012002', '1103012', 'IE JEUREUNEH', ''),
(281, '1103012003', '1103012', 'NACA', ''),
(282, '1103012004', '1103012', 'COT BAYU', ''),
(283, '1103012005', '1103012', 'JAMBO PAPEUN', ''),
(284, '1103012006', '1103012', 'LADANG RIMBA', ''),
(285, '1103012007', '1103012', 'PULO PAYA', ''),
(286, '1103012008', '1103012', 'KRUENG BATEE', ''),
(287, '1103012009', '1103012', 'KAMPONG TEUNGOH', ''),
(288, '1103012010', '1103012', 'GUNONG KAPHO', ''),
(289, '1103020001', '1103020', 'UJUNG MANGKI', ''),
(290, '1103020002', '1103020', 'KEUDE BAKONGAN', ''),
(291, '1103020003', '1103020', 'KAMPUNG BARU', ''),
(292, '1103020014', '1103020', 'UJUNG PADANG', ''),
(293, '1103020015', '1103020', 'KMP DRIEN', ''),
(294, '1103020023', '1103020', 'DAHRUL IHSAN', ''),
(295, '1103020024', '1103020', 'PADANG BEURAHAN', ''),
(296, '1103021002', '1103021', 'UJUNG PULO CUT', ''),
(297, '1103021003', '1103021', 'UJUNG PULO RAYEUK', ''),
(298, '1103021004', '1103021', 'PASI SEUBADEH', ''),
(299, '1103021005', '1103021', 'LADANG RIMBA', ''),
(300, '1103021006', '1103021', 'SIMPANG', ''),
(301, '1103021007', '1103021', 'SAWAH TINGKEUM', ''),
(302, '1103021008', '1103021', 'SEULEUKAT', ''),
(303, '1103022001', '1103022', 'SENEUBOK ALUR BULAH', ''),
(304, '1103022002', '1103022', 'ALURDUAMAS', ''),
(305, '1103022003', '1103022', 'JAMBO KEUPOK', ''),
(306, '1103022004', '1103022', 'UJUNG TANOH', ''),
(307, '1103022005', '1103022', 'BEUTONG', ''),
(308, '1103022006', '1103022', 'UJUNG GUNONG RAYEK', ''),
(309, '1103022007', '1103022', 'UJUNG GUNUNG CUT', ''),
(310, '1103022008', '1103022', 'RAMBONG', ''),
(311, '1103022009', '1103022', 'SEUNEUBOK KEURANJI', ''),
(312, '1103022010', '1103022', 'BUKIT GADING', ''),
(313, '1103030001', '1103030', 'PASI LEMBANG', ''),
(314, '1103030002', '1103030', 'UJUNG PADANG', ''),
(315, '1103030003', '1103030', 'INDRA DAMAI', ''),
(316, '1103030004', '1103030', 'SUAQ BAKONG', ''),
(317, '1103030005', '1103030', 'BARAT DAYA', ''),
(318, '1103030006', '1103030', 'SIALANG', ''),
(319, '1103030007', '1103030', 'KAPEH', ''),
(320, '1103030008', '1103030', 'PULO IE', ''),
(321, '1103030009', '1103030', 'JUA', ''),
(322, '1103030010', '1103030', 'PASI MERAPAT', ''),
(323, '1103030011', '1103030', 'UJUNG', ''),
(324, '1103030012', '1103030', 'LUAR', ''),
(325, '1103030013', '1103030', 'KEDAI KANDANG', ''),
(326, '1103030014', '1103030', 'RANTAU BINUANG', ''),
(327, '1103030015', '1103030', 'UJUNG PASIR', ''),
(328, '1103030016', '1103030', 'GELUMBUK', ''),
(329, '1103030017', '1103030', 'KEDAI RUNDING', ''),
(330, '1103031001', '1103031', 'SAPIK', ''),
(331, '1103031002', '1103031', 'DURIAN KAWAN', ''),
(332, '1103031003', '1103031', 'ALAI', ''),
(333, '1103031004', '1103031', 'PAYA DAPUR', ''),
(334, '1103031005', '1103031', 'PUCUK LEMBANG', ''),
(335, '1103031006', '1103031', 'LAWE BULUH DIDI', ''),
(336, '1103031007', '1103031', 'LAWE SAWAH', ''),
(337, '1103031008', '1103031', 'PAYA LABA', ''),
(338, '1103031009', '1103031', 'LAWE CIMANOK', ''),
(339, '1103040001', '1103040', 'KEDAI PADANG', ''),
(340, '1103040002', '1103040', 'PASI KUALA BAU', ''),
(341, '1103040003', '1103040', 'SUAQ GERINGGENG', ''),
(342, '1103040004', '1103040', 'SIMPANG LHEE', ''),
(343, '1103040005', '1103040', 'SIMPANG EMPAT', ''),
(344, '1103040006', '1103040', 'JAMBO MANYANG', ''),
(345, '1103040007', '1103040', 'LIMAU PURUT', ''),
(346, '1103040008', '1103040', 'PULO KAMBING', ''),
(347, '1103040009', '1103040', 'KAMPUNG PAYA', ''),
(348, '1103040010', '1103040', 'KRUENG BATU', ''),
(349, '1103040011', '1103040', 'GUNONG PULO', ''),
(350, '1103040012', '1103040', 'PULO IE I', ''),
(351, '1103040013', '1103040', 'KRUENG BATEE', ''),
(352, '1103040014', '1103040', 'PASI KUALA ASAHAN', ''),
(353, '1103040015', '1103040', 'FAJAR HARAPAN', ''),
(354, '1103040036', '1103040', 'KRUENG KLUET', ''),
(355, '1103040039', '1103040', 'ALUR MAS', ''),
(356, '1103040050', '1103040', 'KAMPUNG TINGGI', ''),
(357, '1103040051', '1103040', 'KAMPUNG RUAK', ''),
(358, '1103040052', '1103040', 'KOTA FAJAR', ''),
(359, '1103040053', '1103040', 'GUNUNG PUDUNG', ''),
(360, '1103041001', '1103041', 'UJUNG PADANG ASAHAN', ''),
(361, '1103041002', '1103041', 'PULO IE II', ''),
(362, '1103041003', '1103041', 'IE MIRAH', ''),
(363, '1103041004', '1103041', 'UJUNG PADANG RASIAN', ''),
(364, '1103041005', '1103041', 'PASI RASIAN', ''),
(365, '1103041006', '1103041', 'TEUPIN GAJAH', ''),
(366, '1103041007', '1103041', 'KAMPUNG BARO', ''),
(367, '1103041008', '1103041', 'KRUENG KELEE', ''),
(368, '1103041009', '1103041', 'LHOK SIALANG RAYEUK', ''),
(369, '1103041010', '1103041', 'LHOK SIALANG CUT', ''),
(370, '1103041011', '1103041', 'PAYATEUK', ''),
(371, '1103041012', '1103041', 'SILOLO', ''),
(372, '1103041013', '1103041', 'KAMPUNG BARU', ''),
(373, '1103041014', '1103041', 'SI NEUBOK', ''),
(374, '1103041015', '1103041', 'LADANG TUHA', ''),
(375, '1103041016', '1103041', 'PANTON BILI', ''),
(376, '1103041017', '1103041', 'LADANG TEUNGOH', ''),
(377, '1103041018', '1103041', 'PUCUK KRUENG', ''),
(378, '1103041019', '1103041', 'MATA IE', ''),
(379, '1103041020', '1103041', 'UJUNG BATU', ''),
(380, '1103041021', '1103041', 'PANTE RAJA', ''),
(381, '1103042001', '1103042', 'JAMBO PAPAN', ''),
(382, '1103042002', '1103042', 'KOTO INDARUNG', ''),
(383, '1103042003', '1103042', 'SIURAI URAI', ''),
(384, '1103042004', '1103042', 'MALAKA', ''),
(385, '1103042005', '1103042', 'LAWE MELANG', ''),
(386, '1103042006', '1103042', 'KOTO', ''),
(387, '1103042007', '1103042', 'KAMPUNG SAWAH', ''),
(388, '1103042008', '1103042', 'KAMPUNG PADANG', ''),
(389, '1103042009', '1103042', 'PULO AIR', ''),
(390, '1103042010', '1103042', 'MERSAK', ''),
(391, '1103042011', '1103042', 'SIMPANG DUA', ''),
(392, '1103042012', '1103042', 'SIMPANG TIGA', ''),
(393, '1103042013', '1103042', 'ALUR KEJRUN', ''),
(394, '1103050001', '1103050', 'GUNUNG KERAMBIL', ''),
(395, '1103050002', '1103050', 'AIR BERUDANG', ''),
(396, '1103050003', '1103050', 'LHOK KETAPANG', ''),
(397, '1103050004', '1103050', 'HILIR', ''),
(398, '1103050005', '1103050', 'PASAR', ''),
(399, '1103050006', '1103050', 'PADANG', ''),
(400, '1103050007', '1103050', 'TEPI AIR', ''),
(401, '1103050008', '1103050', 'HULU', ''),
(402, '1103050009', '1103050', 'JAMBO APHA', ''),
(403, '1103050010', '1103050', 'LHOK BENGKUANG', ''),
(404, '1103050011', '1103050', 'BATU ITAM', ''),
(405, '1103050012', '1103050', 'PANJUPIAN', ''),
(406, '1103050013', '1103050', 'LHOK RUKAM', ''),
(407, '1103050014', '1103050', 'AIR PINANG', ''),
(408, '1103050015', '1103050', 'PANTON LUAS', ''),
(409, '1103050016', '1103050', 'LHOK BENGKUANG TIMUR', ''),
(410, '1103060001', '1103060', 'UJUNG TANAH', ''),
(411, '1103060002', '1103060', 'PAYONAN GADANG', ''),
(412, '1103060003', '1103060', 'LUBUK LAYU', ''),
(413, '1103060004', '1103060', 'SUAQ HULU', ''),
(414, '1103060005', '1103060', 'LUAR', ''),
(415, '1103060006', '1103060', 'UJUNG KAMPUNG', ''),
(416, '1103060007', '1103060', 'TAMPANG', ''),
(417, '1103060008', '1103060', 'JILATANG', ''),
(418, '1103060009', '1103060', 'AIR SIALANG HULU', ''),
(419, '1103060010', '1103060', 'AIR SIALANG TENGAH', ''),
(420, '1103060011', '1103060', 'AIR SIALANG HILIR', ''),
(421, '1103060012', '1103060', 'SUBARANG', ''),
(422, '1103060013', '1103060', 'GUNUNG KETEK', ''),
(423, '1103060014', '1103060', 'KOTA BARU', ''),
(424, '1103060015', '1103060', 'MADAT', ''),
(425, '1103060016', '1103060', 'DALAM', ''),
(426, '1103060017', '1103060', 'TENGAH', ''),
(427, '1103060018', '1103060', 'BALAI', ''),
(428, '1103060019', '1103060', 'BARU', ''),
(429, '1103060020', '1103060', 'GADANG', ''),
(430, '1103060021', '1103060', 'LADANG KASIK PUTIH', ''),
(431, '1103060022', '1103060', 'LADANG PANTON LUAS', ''),
(432, '1103060023', '1103060', 'ALUR SIMERAH', ''),
(433, '1103060024', '1103060', 'ALUR PINANG', ''),
(434, '1103060025', '1103060', 'GUNUNG CUT', ''),
(435, '1103060026', '1103060', 'KUTA BLANG', ''),
(436, '1103060027', '1103060', 'BATEE TUNGGAI', ''),
(437, '1103060028', '1103060', 'ARAFAH', ''),
(438, '1103070001', '1103070', 'SAWANG BAU', ''),
(439, '1103070002', '1103070', 'UJUNG PADANG', ''),
(440, '1103070003', '1103070', 'KUTA BARO', ''),
(441, '1103070004', '1103070', 'SIMPANG III', ''),
(442, '1103070005', '1103070', 'BLANG GELINGGANG', ''),
(443, '1103070006', '1103070', 'MEULIGO', ''),
(444, '1103070007', '1103070', 'SAWANG I', ''),
(445, '1103070008', '1103070', 'SAWANG II', ''),
(446, '1103070009', '1103070', 'UJUNG KARANG', ''),
(447, '1103070010', '1103070', 'LHOK PAWOH', ''),
(448, '1103070011', '1103070', 'PANTON LUAS', ''),
(449, '1103070012', '1103070', 'TRIENG MEUDURO TUNONG', ''),
(450, '1103070013', '1103070', 'TRIENG MEUDURO BAROH', ''),
(451, '1103070014', '1103070', 'SIKULAT', ''),
(452, '1103070015', '1103070', 'MUTIARA', ''),
(453, '1103080001', '1103080', 'ALUE MEUTUAH', ''),
(454, '1103080002', '1103080', 'LHOK AMAN', ''),
(455, '1103080003', '1103080', 'LADANG BARO', ''),
(456, '1103080004', '1103080', 'LABUHAN TAROK', ''),
(457, '1103080005', '1103080', 'TANJUNG HARAPAN', ''),
(458, '1103080006', '1103080', 'KUTA BARO', ''),
(459, '1103080007', '1103080', 'KEUDE MEUKEK', ''),
(460, '1103080008', '1103080', 'ARON TUNGGAI', ''),
(461, '1103080009', '1103080', 'BLANG BLADEH', ''),
(462, '1103080010', '1103080', 'BLANG TEUNGOH', ''),
(463, '1103080011', '1103080', 'IE BUBOH', ''),
(464, '1103080012', '1103080', 'KUTA BULOH II', ''),
(465, '1103080013', '1103080', 'KUTA BULOH I', ''),
(466, '1103080014', '1103080', 'IE DINGEN', ''),
(467, '1103080015', '1103080', 'DRIEN JALO', ''),
(468, '1103080016', '1103080', 'JAMBO PAPEUN', ''),
(469, '1103080017', '1103080', 'BUKET MEUH', ''),
(470, '1103080018', '1103080', 'ALUE BARO', ''),
(471, '1103080019', '1103080', 'ROT TEUNGOH', ''),
(472, '1103080020', '1103080', 'BLANG KUALA', ''),
(473, '1103080021', '1103080', 'LADANG TUHA', ''),
(474, '1103080022', '1103080', 'LHOK MAMPLAM', ''),
(475, '1103080023', '1103080', 'LABUHAN TAROK II', ''),
(476, '1103090010', '1103090', 'PADANG BARU', ''),
(477, '1103090011', '1103090', 'LEMBAH BARU', ''),
(478, '1103090012', '1103090', 'TENGAH BARU', ''),
(479, '1103090013', '1103090', 'PAWOH', ''),
(480, '1103090014', '1103090', 'APHA', ''),
(481, '1103090015', '1103090', 'PASAR LAMA', ''),
(482, '1103090016', '1103090', 'PADANG BAKAU', ''),
(483, '1103090028', '1103090', 'BAKAU HULU', ''),
(484, '1103090029', '1103090', 'MANGGIS HARAPAN', ''),
(485, '1103090030', '1103090', 'UJUNG BATU', ''),
(486, '1103090031', '1103090', 'DALAM', ''),
(487, '1103090032', '1103090', 'KOTA PALAK', ''),
(488, '1103090033', '1103090', 'CACANG', ''),
(489, '1103090034', '1103090', 'TENGAH PISANG', ''),
(490, '1103090035', '1103090', 'PISANG', ''),
(491, '1103090036', '1103090', 'HULU PISANG', ''),
(492, '1103091001', '1103091', 'KEUMUMU HILIR', ''),
(493, '1103091002', '1103091', 'PAYA PEULUMAT', ''),
(494, '1103091003', '1103091', 'TENGAH PEULUMAT', ''),
(495, '1103091004', '1103091', 'PADANG PEULUMAT', ''),
(496, '1103091005', '1103091', 'LIMAU SARING', ''),
(497, '1103091006', '1103091', 'AUR PEULUMAT', ''),
(498, '1103091007', '1103091', 'KEUMUMU HULU', ''),
(499, '1103091008', '1103091', 'BEUTONG', ''),
(500, '1103091009', '1103091', 'PEUNALOP', ''),
(501, '1103091010', '1103091', 'GUNUNG ROTAN', ''),
(502, '1103091011', '1103091', 'KEUMUMU SEBERANG', ''),
(503, '1103091012', '1103091', 'SAWANG INDAH', ''),
(504, '1103092001', '1103092', 'PULO IE', ''),
(505, '1103092002', '1103092', 'SUAK LOKAN', ''),
(506, '1103092003', '1103092', 'IKU LHUNG', ''),
(507, '1103092004', '1103092', 'PANTE GEULIMA', ''),
(508, '1103092005', '1103092', 'BLANG BARU', ''),
(509, '1103092006', '1103092', 'BLANG POROH', ''),
(510, '1103092007', '1103092', 'KUTA IBOH', ''),
(511, '1103092008', '1103092', 'TUTONG', ''),
(512, '1103092009', '1103092', 'UJUNG PADANG', ''),
(513, '1103092010', '1103092', 'TENGAH IBOH', ''),
(514, '1103092011', '1103092', 'PEULOKAN', ''),
(515, '1103092012', '1103092', 'KUTA TRIENG', ''),
(516, '1103092013', '1103092', 'PANTON PAWOH', ''),
(517, '1103092014', '1103092', 'BATEE MEUCANANG', ''),
(518, '1103092015', '1103092', 'PANTON RUBEK', ''),
(519, '1104010021', '1104010', 'MUARA BARU', ''),
(520, '1104010022', '1104010', 'PASIR BANGUN', ''),
(521, '1104010023', '1104010', 'NGKERAN', ''),
(522, '1104010024', '1104010', 'LAWE KONGKIR', ''),
(523, '1104010025', '1104010', 'KUBU', ''),
(524, '1104010026', '1104010', 'KUTA CINGKAM II', ''),
(525, '1104010027', '1104010', 'KUTA CINGKAM I', ''),
(526, '1104010028', '1104010', 'LAWE SEMPILANG', ''),
(527, '1104010029', '1104010', 'KUTA BATU II', ''),
(528, '1104010030', '1104010', 'KUTA BATU I', ''),
(529, '1104010031', '1104010', 'PRAPAT BATU NUNGGUL', ''),
(530, '1104010032', '1104010', 'PULO SEPANG', ''),
(531, '1104010034', '1104010', 'PAYA MUNJE', ''),
(532, '1104010035', '1104010', 'DARUL AMIN', ''),
(533, '1104010036', '1104010', 'LAWE LUBANG INDAH', ''),
(534, '1104010037', '1104010', 'BATU HAMPARAN', ''),
(535, '1104010038', '1104010', 'RIH MBELANG', ''),
(536, '1104010039', '1104010', 'KUTE BATU BARU', ''),
(537, '1104010040', '1104010', 'RUMAH KAMPUNG', ''),
(538, '1104010041', '1104010', 'PASEKH PEKHMATE', ''),
(539, '1104010042', '1104010', 'PASIR NUNGGUL', ''),
(540, '1104010043', '1104010', 'LAWE KONGKIR HILIR', ''),
(541, '1104010044', '1104010', 'PULO NDADAP', ''),
(542, '1104010045', '1104010', 'PINTU KHIMBE', ''),
(543, '1104010046', '1104010', 'PULO GADUNG', ''),
(544, '1104010047', '1104010', 'CINGKAM MERANGGUN', ''),
(545, '1104010048', '1104010', 'PASIR NUNANG', ''),
(546, '1104010049', '1104010', 'DELENG KUKUSEN', ''),
(547, '1104011001', '1104011', 'PENGUHAPAN', ''),
(548, '1104011002', '1104011', 'SALIM PIPIT', ''),
(549, '1104011003', '1104011', 'LAWE SUMUR', ''),
(550, '1104011004', '1104011', 'UNING SIGUGUR', ''),
(551, '1104011005', '1104011', 'KUTA LANG LANG', ''),
(552, '1104011006', '1104011', 'LUMBAN SITIO TIO', ''),
(553, '1104011007', '1104011', 'MERANTI', ''),
(554, '1104011008', '1104011', 'PERDAMEAN', ''),
(555, '1104011009', '1104011', 'MUTIARA DAMAI', ''),
(556, '1104011010', '1104011', 'LUMBAN TUA', ''),
(557, '1104011011', '1104011', 'DOLOK NAULI', ''),
(558, '1104011012', '1104011', 'TUHI JONGKAT', ''),
(559, '1104011013', '1104011', 'TITI MAS', ''),
(560, '1104011017', '1104011', 'LAWE MALUN', ''),
(561, '1104011018', '1104011', 'ALUR BANING', ''),
(562, '1104011019', '1104011', 'SIGAI INDAH', ''),
(563, '1104011020', '1104011', 'SUMUR ALAS', ''),
(564, '1104011021', '1104011', 'TUAH MESADE', ''),
(565, '1104011022', '1104011', 'LINGGA ALAS', ''),
(566, '1104011023', '1104011', 'RAMBUNG TUBUNG', ''),
(567, '1104011024', '1104011', 'SPERINDING', ''),
(568, '1104011025', '1104011', 'TANAH SUBUR', ''),
(569, '1104011026', '1104011', 'PINGGAN MBLANG', ''),
(570, '1104011027', '1104011', 'UKIR DELENG', ''),
(571, '1104011028', '1104011', 'ALAS MESIKHAT', ''),
(572, '1104011029', '1104011', 'TITI HARAPAN', ''),
(573, '1104011030', '1104011', 'ALUR BARU', ''),
(574, '1104012001', '1104012', 'ALUR LANGSAT', ''),
(575, '1104012002', '1104012', 'LAWE TUNGKAL', ''),
(576, '1104012003', '1104012', 'RUMAH LUAR', ''),
(577, '1104012005', '1104012', 'RAMBAH SAYANG', ''),
(578, '1104012006', '1104012', 'JAMBUR DAMAR', ''),
(579, '1104012007', '1104012', 'TENEMBAK ALAS', ''),
(580, '1104012008', '1104012', 'SALIM PINIM', ''),
(581, '1104012009', '1104012', 'RUTUNG MBELANG', ''),
(582, '1104012010', '1104012', 'SETAMBUL JAYA', ''),
(583, '1104012011', '1104012', 'ALUR NANGKA', ''),
(584, '1104012012', '1104012', 'TIMANG RASA', ''),
(585, '1104012013', '1104012', 'JAMBUR PERMATA', ''),
(586, '1104012014', '1104012', 'KUTE MEJILE', ''),
(587, '1104012015', '1104012', 'SALIM PINIM II', ''),
(588, '1104020011', '1104020', 'LAWE LONING GAB', ''),
(589, '1104020012', '1104020', 'LAWE LONING AMAN', ''),
(590, '1104020013', '1104020', 'GABUNGAN PARSAORAN', ''),
(591, '1104020014', '1104020', 'KEDATARAN GAB', ''),
(592, '1104020016', '1104020', 'KUTA TENGAH', ''),
(593, '1104020017', '1104020', 'TANAH BARU', ''),
(594, '1104020018', '1104020', 'LAWE SIGALA TIMUR', ''),
(595, '1104020019', '1104020', 'LAWE SIGALA BARAT', ''),
(596, '1104020020', '1104020', 'SUKA DAMAI', ''),
(597, '1104020021', '1104020', 'LAWE SIGALA II', ''),
(598, '1104020022', '1104020', 'LAWE TUA GAB', ''),
(599, '1104020023', '1104020', 'BUKIT MERDEKA', ''),
(600, '1104020024', '1104020', 'LAWE KESUMPAT', ''),
(601, '1104020027', '1104020', 'DARUL AMAN', ''),
(602, '1104020035', '1104020', 'LAWE LONING SEPAKAT', ''),
(603, '1104020036', '1104020', 'GAYA JAYA', ''),
(604, '1104020037', '1104020', 'LAWE LONING I', ''),
(605, '1104020038', '1104020', 'LAWE RAKAT', ''),
(606, '1104020039', '1104020', 'SUKA MAJU', ''),
(607, '1104020040', '1104020', 'SUKA JAYA', ''),
(608, '1104020041', '1104020', 'LAWE SERKE', ''),
(609, '1104020042', '1104020', 'LAWE TUA PERSATUAN', ''),
(610, '1104020043', '1104020', 'LAWE TUA MAKMUR', ''),
(611, '1104020044', '1104020', 'BUKIT SEPAKAT', ''),
(612, '1104020045', '1104020', 'ENMYA BATU DUA RATUS', ''),
(613, '1104020046', '1104020', 'SEBUNGKE', ''),
(614, '1104020047', '1104020', 'LAWE LONING HAKHAPEN', ''),
(615, '1104020048', '1104020', 'NDAUH NI TENGGAU', ''),
(616, '1104020049', '1104020', 'KERTIMBANG', ''),
(617, '1104020050', '1104020', 'LAWE SIGALA BARAT JAYA', ''),
(618, '1104020051', '1104020', 'LAWE PEKHIDINAN', ''),
(619, '1104020052', '1104020', 'GELAH MUSARA', ''),
(620, '1104020053', '1104020', 'MULIE DAME', ''),
(621, '1104020054', '1104020', 'KARYA INDAH', ''),
(622, '1104020055', '1104020', 'KAYU MBELIN', ''),
(623, '1104021002', '1104021', 'MUARA SITULEN', ''),
(624, '1104021003', '1104021', 'PARDAMEAN', ''),
(625, '1104021004', '1104021', 'SEJAHTERA', ''),
(626, '1104021005', '1104021', 'KAMPUNG BHAKTI', ''),
(627, '1104021006', '1104021', 'LAWE PERBUNGA', ''),
(628, '1104021007', '1104021', 'CINTA DAMAI', ''),
(629, '1104021008', '1104021', 'PARDOMUAN II', ''),
(630, '1104021009', '1104021', 'LAWE DESKI SABAS', ''),
(631, '1104021010', '1104021', 'PARDOMUAN I', ''),
(632, '1104021011', '1104021', 'LAWE DESKI I', ''),
(633, '1104021017', '1104021', 'MUSARA SETIA', ''),
(634, '1104021018', '1104021', 'SEJAHTERA BARU', ''),
(635, '1104021019', '1104021', 'TANOH ALAS', ''),
(636, '1104021020', '1104021', 'CINTA MAKMUR', ''),
(637, '1104021021', '1104021', 'LAWE MANTIK', ''),
(638, '1104021022', '1104021', 'KUTE MAKMUR', ''),
(639, '1104021023', '1104021', 'LAWE DESKY TONGAH', ''),
(640, '1104021024', '1104021', 'LAWE TAWAKH', ''),
(641, '1104021025', '1104021', 'SABILUSSALAM', ''),
(642, '1104021026', '1104021', 'DESKI JAYA', ''),
(643, '1104021027', '1104021', 'PINTU ALAS', ''),
(644, '1104022001', '1104022', 'LAWE KINGA T TINGGI', ''),
(645, '1104022002', '1104022', 'LAWE BERINGIN HORAS', ''),
(646, '1104022003', '1104022', 'LAWE BERINGIN GAYO', ''),
(647, '1104022004', '1104022', 'SUKA MAKMUR', ''),
(648, '1104022005', '1104022', 'NGK ALUR BULUH', ''),
(649, '1104022006', '1104022', 'SIMPANG SEMADAM', ''),
(650, '1104022007', '1104022', 'SEMADAM AWAL', ''),
(651, '1104022008', '1104022', 'KEBUN SERE', ''),
(652, '1104022009', '1104022', 'SEMADAM ASAL', ''),
(653, '1104022010', '1104022', 'LAWE KINGA GAB', ''),
(654, '1104022011', '1104022', 'TITI PASIR', ''),
(655, '1104022012', '1104022', 'PASAR PUNTUNG', ''),
(656, '1104022013', '1104022', 'LAWE PETANDUK', ''),
(657, '1104022014', '1104022', 'SEPAKAT SEGENEP', ''),
(658, '1104022015', '1104022', 'KAMPUNG BARU', ''),
(659, '1104022016', '1104022', 'SELAMAT INDAH', ''),
(660, '1104022017', '1104022', 'LAWE MEJILE', ''),
(661, '1104022018', '1104022', 'LAWE KINGA LAPTER', ''),
(662, '1104022019', '1104022', 'LAWE PETANDUK I', ''),
(663, '1104023001', '1104023', 'NAGA TIMBUL', ''),
(664, '1104023002', '1104023', 'GUNUNG PAK-PAK', ''),
(665, '1104023003', '1104023', 'BUNBUN ALAS', ''),
(666, '1104023004', '1104023', 'TANJUNG SARI', ''),
(667, '1104023005', '1104023', 'BINTANG ALGA MUSARA', ''),
(668, '1104023006', '1104023', 'BUKIT BINTANG INDAH', ''),
(669, '1104023007', '1104023', 'SUKA DAMAI', ''),
(670, '1104023008', '1104023', 'SEPAKAT', ''),
(671, '1104023009', '1104023', 'PUNCE NALI', ''),
(672, '1104023010', '1104023', 'SADE ATE', ''),
(673, '1104023011', '1104023', 'ARIH MEJILAI', ''),
(674, '1104023012', '1104023', 'UKHAT PESELUK', ''),
(675, '1104023013', '1104023', 'TUNAS MUDE', ''),
(676, '1104023014', '1104023', 'GAYE SENDAH', ''),
(677, '1104023015', '1104023', 'KUTE HAKHAPEN', ''),
(678, '1104023016', '1104023', 'TUAH KERINE', ''),
(679, '1104023017', '1104023', 'LAWE SEKHAKUT', ''),
(680, '1104023018', '1104023', 'BUN BUN INDAH', ''),
(681, '1104023019', '1104023', 'LAUT TAWAR', ''),
(682, '1104023020', '1104023', 'KANE MENDE', ''),
(683, '1104023021', '1104023', 'KOMPAS', ''),
(684, '1104023022', '1104023', 'BUKIT MERIAH', ''),
(685, '1104023023', '1104023', 'PERMATA MUSARA', ''),
(686, '1104030016', '1104030', 'TUALANG SEMBILAR', ''),
(687, '1104030017', '1104030', 'TERUTUNG PAYUNG HILIR', ''),
(688, '1104030018', '1104030', 'TERUTUNG PAYUNG HULU', ''),
(689, '1104030019', '1104030', 'LIKAT', ''),
(690, '1104030020', '1104030', 'RIKIT', ''),
(691, '1104030021', '1104030', 'KUNING I', ''),
(692, '1104030022', '1104030', 'CINTA DAMAI', ''),
(693, '1104030023', '1104030', 'KUNING II', ''),
(694, '1104030024', '1104030', 'KUTA LANG LANG', ''),
(695, '1104030025', '1104030', 'PEDESI', ''),
(696, '1104030026', '1104030', 'BIAK MULI', ''),
(697, '1104030027', '1104030', 'TERUTUNG MEGARA ASLI', ''),
(698, '1104030028', '1104030', 'PINDING', ''),
(699, '1104030029', '1104030', 'LAWE HIJO', ''),
(700, '1104030034', '1104030', 'BAMBEL GABUNGAN', ''),
(701, '1104030040', '1104030', 'PULO KEDONDONG', ''),
(702, '1104030041', '1104030', 'PULO PERENGGE', ''),
(703, '1104030042', '1104030', 'KUTE ANTARA', ''),
(704, '1104030046', '1104030', 'TERUTUNG SEPERAI', ''),
(705, '1104030047', '1104030', 'LAWE KIHING', ''),
(706, '1104030048', '1104030', 'BAMBEL', ''),
(707, '1104030049', '1104030', 'KUTE SERI', ''),
(708, '1104030050', '1104030', 'KUTA BULUH', ''),
(709, '1104030051', '1104030', 'TUALANG SEMBILAR BARU', ''),
(710, '1104030052', '1104030', 'TERUTUNG PAYUNG GABUNGAN', ''),
(711, '1104030053', '1104030', 'BIAK MULI BARU', ''),
(712, '1104030054', '1104030', 'BIAK MULI PANTE RAJA', ''),
(713, '1104030055', '1104030', 'BIAK MULI SEJAHTERA', ''),
(714, '1104030056', '1104030', 'LAWE HIJO METUAH', ''),
(715, '1104030057', '1104030', 'LAWE HIJO AMPERA', ''),
(716, '1104030058', '1104030', 'LEMBAH HAJI', ''),
(717, '1104030059', '1104030', 'KUTA LANG LANG BARU', ''),
(718, '1104030060', '1104030', 'PANCAR IMAN', ''),
(719, '1104031001', '1104031', 'MAHA SINGKIL', ''),
(720, '1104031002', '1104031', 'TENEMBAK BINTANG', ''),
(721, '1104031003', '1104031', 'ALUR BULUH', ''),
(722, '1104031004', '1104031', 'TUALANG BARU', ''),
(723, '1104031005', '1104031', 'KUTA LENGAT PAGAN', ''),
(724, '1104031006', '1104031', 'KUTA LENGAT SELIAN', ''),
(725, '1104031007', '1104031', 'KUTA LINGGA', ''),
(726, '1104031008', '1104031', 'REMA', ''),
(727, '1104031009', '1104031', 'LAWE DUA GAB', ''),
(728, '1104031010', '1104031', 'KERUKUNAN', ''),
(729, '1104031012', '1104031', 'RIKIT BUR', ''),
(730, '1104031013', '1104031', 'AMALIAH', ''),
(731, '1104031014', '1104031', 'GUMPANG', ''),
(732, '1104031015', '1104031', 'PEJUANG', ''),
(733, '1104031016', '1104031', 'SEBUDI JAYA', ''),
(734, '1104031017', '1104031', 'BAMBEL BARU', ''),
(735, '1104031018', '1104031', 'DARUSSALAM', ''),
(736, '1104031019', '1104031', 'KUTE GEKHAT', ''),
(737, '1104031020', '1104031', 'MBAK SAKO', ''),
(738, '1104031021', '1104031', 'PAYE RAMBUNG', ''),
(739, '1104031022', '1104031', 'DARUL IMAMI', ''),
(740, '1104031023', '1104031', 'RIKIT BUR II', ''),
(741, '1104031024', '1104031', 'EMPAT LIMA', ''),
(742, '1104032001', '1104032', 'KUTA LESUNG', ''),
(743, '1104032002', '1104032', 'BERANDANG', ''),
(744, '1104032003', '1104032', 'LAWE SUMUR', ''),
(745, '1104032004', '1104032', 'TERUTUNG MEGARE LAWE PASARAN', ''),
(746, '1104032005', '1104032', 'KISAM GABUNGAN', ''),
(747, '1104032006', '1104032', 'PENOSAN', ''),
(748, '1104032007', '1104032', 'KISAM KUTE PASIR', ''),
(749, '1104032008', '1104032', 'BUAH PALA', ''),
(750, '1104032009', '1104032', 'KUTE BUNIN', ''),
(751, '1104032010', '1104032', 'LAWE SUMUR BARU', ''),
(752, '1104032011', '1104032', 'SETIA BARU', ''),
(753, '1104032012', '1104032', 'LAWE PERLAK', ''),
(754, '1104032013', '1104032', 'LAWE SUMUR SEPAKAT', ''),
(755, '1104032014', '1104032', 'TERUTUNG MEGARA BARU', ''),
(756, '1104032015', '1104032', 'LAWE PASARAN TENGKU MBELIN', ''),
(757, '1104032016', '1104032', 'KISAM LESTARI', ''),
(758, '1104032017', '1104032', 'KISAM KUTA RAMBE', ''),
(759, '1104032018', '1104032', 'TIGER MIKO', ''),
(760, '1104040001', '1104040', 'KUTA RIH', ''),
(761, '1104040002', '1104040', 'KUTACANE LAMA', ''),
(762, '1104040003', '1104040', 'PERAPAT HILIR', ''),
(763, '1104040004', '1104040', 'PERAPAT HULU', ''),
(764, '1104040005', '1104040', 'PULO LATONG', ''),
(765, '1104040010', '1104040', 'KOTA KUTACANE', ''),
(766, '1104040011', '1104040', 'MUARA LAWE BULAN', ''),
(767, '1104040012', '1104040', 'MBARUNG', ''),
(768, '1104040013', '1104040', 'PULONAS', ''),
(769, '1104040021', '1104040', 'BATU BULAN I', ''),
(770, '1104040022', '1104040', 'BATU BULAN II', ''),
(771, '1104040023', '1104040', 'BATU BULAN ASLI', ''),
(772, '1104040024', '1104040', 'KAMPUNG RAJA', ''),
(773, '1104040026', '1104040', 'KAMPUNG MELAYU GABUNGAN', ''),
(774, '1104040027', '1104040', 'TERUTUNG PEDI', ''),
(775, '1104040029', '1104040', 'GUMPANG JAYA', ''),
(776, '1104040030', '1104040', 'BATUMBULAN BARU', ''),
(777, '1104040031', '1104040', 'UJUNG BARAT', ''),
(778, '1104040032', '1104040', 'PULO PEDING', ''),
(779, '1104040033', '1104040', 'MEDABE', ''),
(780, '1104040034', '1104040', 'PERAPAT SEPAKAT', ''),
(781, '1104040035', '1104040', 'PERAPAT TITI PANJANG', ''),
(782, '1104040036', '1104040', 'PULO SANGGAR', ''),
(783, '1104040037', '1104040', 'MBARUNG DATUK SAUDANE', ''),
(784, '1104040038', '1104040', 'BATU BULAN SEPAKAT', ''),
(785, '1104040039', '1104040', 'KAMPUNG MELAYU I', ''),
(786, '1104040040', '1104040', 'ALAS MERANCAR', ''),
(787, '1104041001', '1104041', 'PASIR PENJENGAKAN', ''),
(788, '1104041002', '1104041', 'KUTAMBARU', ''),
(789, '1104041003', '1104041', 'PASIR GALA', ''),
(790, '1104041004', '1104041', 'LAWE RUTUNG', ''),
(791, '1104041005', '1104041', 'KUTA BANTIL', ''),
(792, '1104041006', '1104041', 'LAWE KULOK', ''),
(793, '1104041007', '1104041', 'LAWE SAGU HULU', ''),
(794, '1104041012', '1104041', 'TENEMBAK JUHAR', ''),
(795, '1104041013', '1104041', 'LAWE SAGU HILIR', ''),
(796, '1104041014', '1104041', 'KP NANGKA GAB', ''),
(797, '1104041016', '1104041', 'TELAGA MEKAR', ''),
(798, '1104041018', '1104041', 'KUTE BULUH BOTONG', ''),
(799, '1104041019', '1104041', 'KUTE MBARU BENCAWAN', ''),
(800, '1104041020', '1104041', 'PULONAS BARU', ''),
(801, '1104041021', '1104041', 'SIMPANG EMPAT', ''),
(802, '1104041022', '1104041', 'KANDANG BELANG MANDIRI', ''),
(803, '1104041023', '1104041', 'MBACANG RACUN', ''),
(804, '1104041024', '1104041', 'LAWE KINGE', ''),
(805, '1104041025', '1104041', 'PERAPAT TIMUR', ''),
(806, '1104041026', '1104041', 'BAHAGIA', ''),
(807, '1104041027', '1104041', 'KUTA GALUH', ''),
(808, '1104041028', '1104041', 'KUTE GENTING', ''),
(809, '1104041029', '1104041', 'LAWE SAGU', ''),
(810, '1104041030', '1104041', 'KUTE PANGGUH', ''),
(811, '1104050002', '1104050', 'KAMPUNG BARU', ''),
(812, '1104050003', '1104050', 'PURWODADI', ''),
(813, '1104050004', '1104050', 'LAWE BEKUNG', ''),
(814, '1104050005', '1104050', 'SALANG ALAS', ''),
(815, '1104050006', '1104050', 'KUTA TINGGI', ''),
(816, '1104050014', '1104050', 'PERANGINAN', ''),
(817, '1104050015', '1104050', 'KUTA PASIR', ''),
(818, '1104050022', '1104050', 'NATAM', ''),
(819, '1104050034', '1104050', 'KUMBANG JAYA', ''),
(820, '1104050035', '1104050', 'KUMBANG INDAH', ''),
(821, '1104050036', '1104050', 'DELENG MEGAKHE', ''),
(822, '1104050037', '1104050', 'LAWE BEKUNG TEMPAHAN', ''),
(823, '1104050038', '1104050', 'BADAR INDAH', ''),
(824, '1104050040', '1104050', 'NATAM BARU', ''),
(825, '1104050041', '1104050', 'TANAH MERAH', ''),
(826, '1104050042', '1104050', 'BATU MBERONG', ''),
(827, '1104050043', '1104050', 'LAWE SEKERAH', ''),
(828, '1104050044', '1104050', 'TANOH MEGAKHE', ''),
(829, '1104051001', '1104051', 'GULO', ''),
(830, '1104051002', '1104051', 'LAWE STUL', ''),
(831, '1104051003', '1104051', 'KITE MERANGGUN', ''),
(832, '1104051004', '1104051', 'PULO PIKU', ''),
(833, '1104051005', '1104051', 'TERUTUNG KUTE', ''),
(834, '1104051006', '1104051', 'KUTA UJUNG', ''),
(835, '1104051007', '1104051', 'MAMAS', ''),
(836, '1104051008', '1104051', 'TANJUNG LAMA', ''),
(837, '1104051009', '1104051', 'TANJUNG MUDA', ''),
(838, '1104051010', '1104051', 'TANJUNG AMAN', ''),
(839, '1104051011', '1104051', 'RAMBUNG TELDAK', ''),
(840, '1104051012', '1104051', 'SERIMUDA', ''),
(841, '1104051013', '1104051', 'DARUL MAKMUR', ''),
(842, '1104051014', '1104051', 'KUTE RAMBE', ''),
(843, '1104051015', '1104051', 'UJUNG BARU', ''),
(844, '1104051016', '1104051', 'MAMAS BARU', ''),
(845, '1104051017', '1104051', 'RAMBUNG JAYA', ''),
(846, '1104051018', '1104051', 'MAKMUR JAYA', ''),
(847, '1104051019', '1104051', 'PULO GADUNG', ''),
(848, '1104051020', '1104051', 'ISTIQOMAH', ''),
(849, '1104051021', '1104051', 'KHOTAN JAYA', ''),
(850, '1104051022', '1104051', 'LAWE MAMAS INDAH', ''),
(851, '1104051023', '1104051', 'TANJUNG BARU', ''),
(852, '1104051024', '1104051', 'SIMPANG IV TANJUNG', ''),
(853, '1104051025', '1104051', 'TANJUNG LEUSER', ''),
(854, '1104051026', '1104051', 'LAWE PINIS', ''),
(855, '1104051027', '1104051', 'KUNING ABADI', ''),
(856, '1104051028', '1104051', 'BUNTUL KENDAWI', ''),
(857, '1104052001', '1104052', 'DELENG DAMAR', ''),
(858, '1104052002', '1104052', 'SIMPANG III JONGAR', ''),
(859, '1104052003', '1104052', 'PENYEBRANGAN CINGKAM', ''),
(860, '1104052004', '1104052', 'JONGAR', ''),
(861, '1104052005', '1104052', 'LAWE PENANGGALAN', ''),
(862, '1104052006', '1104052', 'JAMBUR LAK LAK', ''),
(863, '1104052007', '1104052', 'LAWE MENGKUDU', ''),
(864, '1104052008', '1104052', 'AUNAN SEPAKAT', ''),
(865, '1104052009', '1104052', 'KETAMBE', ''),
(866, '1104052010', '1104052', 'RUMAH BUNDAR', ''),
(867, '1104052011', '1104052', 'KAYU MENTANGUR', ''),
(868, '1104052012', '1104052', 'LAWE SEMBEKAN', ''),
(869, '1104052013', '1104052', 'LAWE GEKH GEKH', ''),
(870, '1104052014', '1104052', 'LAWE BERINGIN', ''),
(871, '1104052015', '1104052', 'BENER BERPAPAH', ''),
(872, '1104052016', '1104052', 'DATUK PINDING', ''),
(873, '1104052017', '1104052', 'PENUNGKUNEN', ''),
(874, '1104052018', '1104052', 'JATI SARA', ''),
(875, '1104052019', '1104052', 'LEUSER', ''),
(876, '1104052020', '1104052', 'BUKIT BARU', ''),
(877, '1104052021', '1104052', 'KATI MAJU', ''),
(878, '1104052022', '1104052', 'LAWE AUNAN', ''),
(879, '1104052023', '1104052', 'BINTANG BENER', ''),
(880, '1104052024', '1104052', 'SUKA RIMBUN', ''),
(881, '1104052025', '1104052', 'SIMPUR JAYA', ''),
(882, '1104053001', '1104053', 'BUNGA MELUR', ''),
(883, '1104053002', '1104053', 'TERUTUNG MBELANG', ''),
(884, '1104053003', '1104053', 'TENEMBAK LANG LANG', ''),
(885, '1104053004', '1104053', 'PENAMPAAN', ''),
(886, '1104053005', '1104053', 'TUALANG LAMA', ''),
(887, '1104053006', '1104053', 'LAWE PANGKAT', ''),
(888, '1104053007', '1104053', 'GUSUNG BATU', ''),
(889, '1104053008', '1104053', 'KAYA PANGUR', ''),
(890, '1104053009', '1104053', 'RANTO DIUR', ''),
(891, '1104053010', '1104053', 'LEMBAH ALAS', ''),
(892, '1104053011', '1104053', 'KAMPUNG SEPAKAT', ''),
(893, '1104053012', '1104053', 'SALANG SIGOTOM', ''),
(894, '1104053013', '1104053', 'SALANG BARU', ''),
(895, '1104053014', '1104053', 'SALANG MUARA', ''),
(896, '1104053015', '1104053', 'MUHAJIRIN', ''),
(897, '1104053016', '1104053', 'BERINGIN NARU', ''),
(898, '1104053017', '1104053', 'TANOH KHUKAHEN', ''),
(899, '1104053018', '1104053', 'TADING NIULIHI', ''),
(900, '1104053019', '1104053', 'PESELUK PESIMBE', ''),
(901, '1104053020', '1104053', 'KATI JEROH', ''),
(902, '1104053021', '1104053', 'KANE LOT', ''),
(903, '1104053022', '1104053', 'LAWE HAKHUM', ''),
(904, '1105080001', '1105080', 'LOKOP', ''),
(905, '1105080002', '1105080', 'TUALANG', ''),
(906, '1105080003', '1105080', 'GAMPONG TERUJAK', ''),
(907, '1105080004', '1105080', 'LELES', ''),
(908, '1105080013', '1105080', 'UJUNG KARANG', ''),
(909, '1105080014', '1105080', 'UJUNG TARING', ''),
(910, '1105080015', '1105080', 'SUNTI', ''),
(911, '1105080016', '1105080', 'SEKUALAN', ''),
(912, '1105080017', '1105080', 'LOOT', ''),
(913, '1105080018', '1105080', 'NALON', ''),
(914, '1105080019', '1105080', 'JERING', ''),
(915, '1105080020', '1105080', 'RAMPAH', ''),
(916, '1105080021', '1105080', 'MESIR', ''),
(917, '1105080022', '1105080', 'SELEMAK', ''),
(918, '1105080023', '1105080', 'SEMBUANG', ''),
(919, '1105080028', '1105080', 'BUNIN', ''),
(920, '1105080029', '1105080', 'ALUR DRIEN', ''),
(921, '1105080030', '1105080', 'UPT I KUALA PANGOH', ''),
(922, '1105081001', '1105081', 'HTI RANTO NARO', ''),
(923, '1105081002', '1105081', 'TAMPUR BOOR', ''),
(924, '1105081003', '1105081', 'TAMPOR PALOH', ''),
(925, '1105081004', '1105081', 'MELIDI', ''),
(926, '1105081005', '1105081', 'BATU SUMBANG', ''),
(927, '1105081006', '1105081', 'SIMPANG JERNIH', ''),
(928, '1105081007', '1105081', 'PANTE KERA', ''),
(929, '1105081008', '1105081', 'RANTAU PANJANG', ''),
(930, '1105082001', '1105082', 'ARUL PINANG', ''),
(931, '1105082002', '1105082', 'PEUNARON BARU', ''),
(932, '1105082003', '1105082', 'PEUNARON LAMA', ''),
(933, '1105082004', '1105082', 'BUKIT TIGA', ''),
(934, '1105082006', '1105082', 'SRI MULYA', ''),
(935, '1105090001', '1105090', 'BUKET TIGA', ''),
(936, '1105090002', '1105090', 'BENTENG', ''),
(937, '1105090003', '1105090', 'AFD.II BUKET', ''),
(938, '1105090004', '1105090', 'ALUE DRIEN', ''),
(939, '1105090005', '1105090', 'ALUE CANANG', ''),
(940, '1105090006', '1105090', 'JAMBUR LABU', ''),
(941, '1105090007', '1105090', 'ALUE BULOH', ''),
(942, '1105090008', '1105090', 'PEUTOW', ''),
(943, '1105090009', '1105090', 'KEMUNING HULU', ''),
(944, '1105090010', '1105090', 'ALUE TEH', ''),
(945, '1105090011', '1105090', 'PAYA TAMPAH', ''),
(946, '1105090012', '1105090', 'PAYA BILI II', ''),
(947, '1105090013', '1105090', 'PAYA RAMBONG', ''),
(948, '1105090014', '1105090', 'ALUE GADENG SATU', ''),
(949, '1105090015', '1105090', 'BIREM RAYEUK', ''),
(950, '1105090016', '1105090', 'KEUDE BIREM', ''),
(951, '1105090017', '1105090', 'ARAMIYAH', ''),
(952, '1105090018', '1105090', 'PAYA BILI I', ''),
(953, '1105090019', '1105090', 'MERBAU II', ''),
(954, '1105090020', '1105090', 'PAYA PEULAWI', ''),
(955, '1105090021', '1105090', 'BAYEUN', ''),
(956, '1105090022', '1105090', 'ALUE GADENG', ''),
(957, '1105090023', '1105090', 'PERK. ALUE GADENG DUA', ''),
(958, '1105090024', '1105090', 'BUKIT SEULEMAK', ''),
(959, '1105090025', '1105090', 'BLANG TUALANG', ''),
(960, '1105090026', '1105090', 'ALUE SENTANG', ''),
(961, '1105090027', '1105090', 'ALUE NYAMUK', ''),
(962, '1105100001', '1105100', 'ALUE TUWI', ''),
(963, '1105100002', '1105100', 'ALUE KAOL', ''),
(964, '1105100003', '1105100', 'ALUE PUNTI', ''),
(965, '1105100004', '1105100', 'DAMAR SIPUT', ''),
(966, '1105100005', '1105100', 'SIMPANG PEUT', ''),
(967, '1105100006', '1105100', 'SARAH KAYEE', ''),
(968, '1105100007', '1105100', 'ALUR SEULEUMAK', ''),
(969, '1105100008', '1105100', 'SIMPANG ANEUH', ''),
(970, '1105100009', '1105100', 'GAMPONG BAYEUN', ''),
(971, '1105100010', '1105100', 'SARAH TEUBEE', ''),
(972, '1105100011', '1105100', 'RANTAU PANJANG', ''),
(973, '1105100012', '1105100', 'ALUE RAYA', ''),
(974, '1105100013', '1105100', 'SEUNEUBOK DALAM', ''),
(975, '1105100014', '1105100', 'ALUE KUMBA', ''),
(976, '1105101001', '1105101', 'GAJAH MENTAH', ''),
(977, '1105101002', '1105101', 'SEUNEUBOK ACEH', ''),
(978, '1105101003', '1105101', 'SEUNEUBOK PASE', ''),
(979, '1105101004', '1105101', 'SUNGAI SIMPANG', ''),
(980, '1105101005', '1105101', 'PAYA KEUTAPANG', ''),
(981, '1105101006', '1105101', 'ALUE ITAM', ''),
(982, '1105101007', '1105101', 'BUKIT DRIEN', ''),
(983, '1105101008', '1105101', 'BUKIT SELAMAT', ''),
(984, '1105101009', '1105101', 'KUALA PAREK', ''),
(985, '1105101010', '1105101', 'LABUHAN KEUDE', ''),
(986, '1105101011', '1105101', 'KRUENG LINGKA', ''),
(987, '1105101012', '1105101', 'GEULUMPANG PAYONG', ''),
(988, '1105101013', '1105101', 'ALUE RANGAN', ''),
(989, '1105110008', '1105110', 'CEK MBON', ''),
(990, '1105110018', '1105110', 'SEUNEUBOK PIDIE', ''),
(991, '1105110019', '1105110', 'KUALA LEUGE', ''),
(992, '1105110020', '1105110', 'SEUNEUBOK PEUSANGAN', ''),
(993, '1105110023', '1105110', 'LEUBUK PEMPENG', ''),
(994, '1105110024', '1105110', 'DAMA TUTONG', ''),
(995, '1105110025', '1105110', 'BALE BUYA', ''),
(996, '1105110026', '1105110', 'MATANG GLEUM', ''),
(997, '1105110027', '1105110', 'ALUE NIBONG', ''),
(998, '1105110028', '1105110', 'BUKET PALA', ''),
(999, '1105110029', '1105110', 'BLANG SIMPO', ''),
(1000, '1105110030', '1105110', 'PAYA KALUT', ''),
(1001, '1105110031', '1105110', 'ALUE DUA PAYA GAJAH', ''),
(1002, '1105110032', '1105110', 'SEUNEUBOK ACEH', ''),
(1003, '1105110033', '1105110', 'UTEUN DAMA', ''),
(1004, '1105110034', '1105110', 'PAYA MEULIGO', ''),
(1005, '1105110035', '1105110', 'PUNTI', ''),
(1006, '1105110036', '1105110', 'KEUMUNENG', ''),
(1007, '1105110037', '1105110', 'BANGKA RIMUENG', ''),
(1008, '1105110038', '1105110', 'LEUGE', ''),
(1009, '1105110039', '1105110', 'LHOK DALAM', ''),
(1010, '1105110040', '1105110', 'BANDRONG', ''),
(1011, '1105110042', '1105110', 'TANAH RATA', ''),
(1012, '1105110043', '1105110', 'TUALANG', ''),
(1013, '1105110044', '1105110', 'KEUDE PEUREULAK', ''),
(1014, '1105110045', '1105110', 'COT MUDA ITAM', ''),
(1015, '1105110046', '1105110', 'PASIR PUTIH', ''),
(1016, '1105110047', '1105110', 'BLANG BETRA', '');
INSERT INTO `Village` (`idVillage`, `VillageCode`, `DistrictCode`, `VillageNameID`, `VillageNameEN`) VALUES
(1017, '1105110055', '1105110', 'BEUSA MEURANOU', ''),
(1018, '1105110056', '1105110', 'SEUMATANG MUDA ITAM', ''),
(1019, '1105110057', '1105110', 'BLANG BALOK', ''),
(1020, '1105110058', '1105110', 'KUALA BUGAK', ''),
(1021, '1105110059', '1105110', 'PAYA LIPAH', ''),
(1022, '1105110060', '1105110', 'COT GEULUMPANG', ''),
(1023, '1105110062', '1105110', 'COT KEH', ''),
(1024, '1105110063', '1105110', 'BLANG BATEE', ''),
(1025, '1105110064', '1105110', 'ALUE RAMBONG', ''),
(1026, '1105110065', '1105110', 'MATANG PEULAWI', ''),
(1027, '1105111001', '1105111', 'BUKIT MEURIAM', ''),
(1028, '1105111002', '1105111', 'SEUNEUBOK PUNTI', ''),
(1029, '1105111003', '1105111', 'ALUE BUGENG', ''),
(1030, '1105111004', '1105111', 'SEUNEUBOK TEUNGOH', ''),
(1031, '1105111005', '1105111', 'SEUNEUBOK TEUPIN', ''),
(1032, '1105111006', '1105111', 'ALUE BU/ALUE LHOK', ''),
(1033, '1105111007', '1105111', 'ALUE GUREP', ''),
(1034, '1105111008', '1105111', 'ALUE BU ALUE NIREH', ''),
(1035, '1105111009', '1105111', 'SEUNEUBOK PAYA', ''),
(1036, '1105111010', '1105111', 'SEUNEUBOK RAWANG', ''),
(1037, '1105111011', '1105111', 'ALUE THO', ''),
(1038, '1105111012', '1105111', 'SEUNEUBOK LAPANG', ''),
(1039, '1105111013', '1105111', 'SEUNEUBOK JALAN', ''),
(1040, '1105111014', '1105111', 'GEULANGGANG MERAK', ''),
(1041, '1105111015', '1105111', 'SEUMATANG KEUDE', ''),
(1042, '1105111016', '1105111', 'BABAH KRUENG', ''),
(1043, '1105111017', '1105111', 'KRUT LINTANG', ''),
(1044, '1105111018', '1105111', 'JEUNGKI', ''),
(1045, '1105111019', '1105111', 'SEUNEUBOK DALAM', ''),
(1046, '1105111020', '1105111', 'TUALANG PATENG', ''),
(1047, '1105112001', '1105112', 'KABU', ''),
(1048, '1105112002', '1105112', 'BEURINGIN', ''),
(1049, '1105112003', '1105112', 'TEUMPEUN', ''),
(1050, '1105112004', '1105112', 'KEBUN TEUMPEUN', ''),
(1051, '1105112005', '1105112', 'PAYA SEUNGAT', ''),
(1052, '1105112006', '1105112', 'TANJUNG TUALANG', ''),
(1053, '1105112007', '1105112', 'BEUSA SEBERANG', ''),
(1054, '1105112008', '1105112', 'PAYA GAJAH', ''),
(1055, '1105112009', '1105112', 'MON GEUDONG', ''),
(1056, '1105112010', '1105112', 'ALUE BU TUHA', ''),
(1057, '1105112011', '1105112', 'ALUE BU JALAN', ''),
(1058, '1105112012', '1105112', 'PAYA BIEK', ''),
(1059, '1105112013', '1105112', 'BEUSA BAROH', ''),
(1060, '1105112014', '1105112', 'ALUE BU TUNONG', ''),
(1061, '1105112015', '1105112', 'ALUE BU JALAN BAROH', ''),
(1062, '1105120001', '1105120', 'BEURANDANG', ''),
(1063, '1105120002', '1105120', 'ALUE GEUNTENG', ''),
(1064, '1105120003', '1105120', 'KLIET', ''),
(1065, '1105120004', '1105120', 'GAMPONG TAMPAK', ''),
(1066, '1105120005', '1105120', 'PAYA PALAS', ''),
(1067, '1105120006', '1105120', 'ALUE BATEE', ''),
(1068, '1105120007', '1105120', 'BHOM LAMA', ''),
(1069, '1105120008', '1105120', 'PASIR PUTIH', ''),
(1070, '1105120009', '1105120', 'ALUE DUA', ''),
(1071, '1105120010', '1105120', 'BUKET PALA BSP', ''),
(1072, '1105120011', '1105120', 'PUNTI PAYONG', ''),
(1073, '1105120012', '1105120', 'SEUMALY', ''),
(1074, '1105120013', '1105120', 'KP. PERTAMINA', ''),
(1075, '1105120014', '1105120', 'BLANG BAROM', ''),
(1076, '1105120015', '1105120', 'PULO BLANG', ''),
(1077, '1105120016', '1105120', 'SNB JOHAN', ''),
(1078, '1105120017', '1105120', 'PAYA UNOU', ''),
(1079, '1105120018', '1105120', 'SNB BARO', ''),
(1080, '1105120019', '1105120', 'SNB DALAM', ''),
(1081, '1105120020', '1105120', 'SEULEMAK MUDA', ''),
(1082, '1105120021', '1105120', 'MATA IE', ''),
(1083, '1105120022', '1105120', 'ALUE UDEP', ''),
(1084, '1105120023', '1105120', 'SEUMANAH JAYA', ''),
(1085, '1105130042', '1105130', 'DAMA PULO', ''),
(1086, '1105130043', '1105130', 'GUREB BLANG', ''),
(1087, '1105130044', '1105130', 'SEUNEUBOK TUTONG', ''),
(1088, '1105130045', '1105130', 'SAM PAI MAH', ''),
(1089, '1105130046', '1105130', 'SEUNEUBOK TUHA', ''),
(1090, '1105130047', '1105130', 'BUKET LANGA', ''),
(1091, '1105130048', '1105130', 'BUKET JUARA', ''),
(1092, '1105130049', '1105130', 'BUKET PALA', ''),
(1093, '1105130050', '1105130', 'MEUNASAH PUUK', ''),
(1094, '1105130051', '1105130', 'KEUDE BLANG', ''),
(1095, '1105130078', '1105130', 'BANTAYAN TIMUR', ''),
(1096, '1105130079', '1105130', 'GAMPONG ACEH', ''),
(1097, '1105130080', '1105130', 'KEUDE ACEH', ''),
(1098, '1105130081', '1105130', 'KUTA BLANG', ''),
(1099, '1105130083', '1105130', 'SEUNEUBOK BACEE', ''),
(1100, '1105130084', '1105130', 'TITI BARO', ''),
(1101, '1105130103', '1105130', 'SEUNEUBOK TEUNGOH (PR)', ''),
(1102, '1105130104', '1105130', 'SEUNEUBOK RAMBONG', ''),
(1103, '1105130105', '1105130', 'TANOH ANOU', ''),
(1104, '1105130106', '1105130', 'KAMPUNG TANJONG', ''),
(1105, '1105130107', '1105130', 'KUALA PD PUNTONG', ''),
(1106, '1105130108', '1105130', 'KAMPUNG JAWA', ''),
(1107, '1105130109', '1105130', 'BLANG GEULUMPANG', ''),
(1108, '1105130111', '1105130', 'GAMPONG JALAN', ''),
(1109, '1105130112', '1105130', 'BUKET MEULINTEUNG', ''),
(1110, '1105130113', '1105130', 'BUKET JOK', ''),
(1111, '1105130114', '1105130', 'TEUPIN BATEE', ''),
(1112, '1105130115', '1105130', 'ALUE DUA MUKA S', ''),
(1113, '1105130116', '1105130', 'TANJONG KAPAI', ''),
(1114, '1105130117', '1105130', 'GAMPONG BARO', ''),
(1115, '1105130118', '1105130', 'KUALA IDI', ''),
(1116, '1105130119', '1105130', 'KEUTAPANG MAMEH', ''),
(1117, '1105130120', '1105130', 'ULEE BLANG', ''),
(1118, '1105130121', '1105130', 'ALUE DUA MUKA 0', ''),
(1119, '1105130122', '1105130', 'KUTA LAWAH', ''),
(1120, '1105131001', '1105131', 'ASAN RAMPAK', ''),
(1121, '1105131002', '1105131', 'BUKET KUTA', ''),
(1122, '1105131003', '1105131', 'BLANG KUTA', ''),
(1123, '1105131004', '1105131', 'ALUE BATEE', ''),
(1124, '1105131005', '1105131', 'PAYA BILI I', ''),
(1125, '1105131006', '1105131', 'BLANG BUKET', ''),
(1126, '1105131007', '1105131', 'KUTA BARO', ''),
(1127, '1105131008', '1105131', 'SEUNEUBOK TEUNGOH', ''),
(1128, '1105131009', '1105131', 'SEUNEUBOK PUNTEUT', ''),
(1129, '1105131010', '1105131', 'SAMA DUA', ''),
(1130, '1105131011', '1105131', 'KAMPUNG KEUDE', ''),
(1131, '1105131012', '1105131', 'MEUNASAH KRUENG', ''),
(1132, '1105131013', '1105131', 'PAYA BILI DUA', ''),
(1133, '1105131014', '1105131', 'PAYA DUA', ''),
(1134, '1105131015', '1105131', 'KAMPUNG KUALA', ''),
(1135, '1105131016', '1105131', 'ALUE IE ITAM', ''),
(1136, '1105131017', '1105131', 'MATANG RAYEUK', ''),
(1137, '1105132001', '1105132', 'SEUNEUBOK BAYU', ''),
(1138, '1105132002', '1105132', 'JAMBO REUHAT', ''),
(1139, '1105132003', '1105132', 'BLANG RAMBONG', ''),
(1140, '1105132004', '1105132', 'ULEE JALAN', ''),
(1141, '1105132005', '1105132', 'SEUNEUBOK KANDANG', ''),
(1142, '1105132006', '1105132', 'SEUNEUBOK BENTENG', ''),
(1143, '1105132007', '1105132', 'SEUNEUBOK PANGOU', ''),
(1144, '1105132008', '1105132', 'URAM JALAN', ''),
(1145, '1105132009', '1105132', 'JALAN DUA', ''),
(1146, '1105132010', '1105132', 'PANTON RAYEUK T', ''),
(1147, '1105132011', '1105132', 'PANTON RAYEUK A', ''),
(1148, '1105132012', '1105132', 'PANTON RAYEUK B', ''),
(1149, '1105132013', '1105132', 'PANTON RAYEUK M', ''),
(1150, '1105132014', '1105132', 'BUKET DRIEN', ''),
(1151, '1105132015', '1105132', 'PAYA LAMAN', ''),
(1152, '1105132016', '1105132', 'SEUNEUBOK SIMPANG', ''),
(1153, '1105133001', '1105133', 'ALUE LHOK', ''),
(1154, '1105133002', '1105133', 'PADANG KASAH', ''),
(1155, '1105133003', '1105133', 'SEUNEUBOK BUYA', ''),
(1156, '1105133004', '1105133', 'PAYA AWE', ''),
(1157, '1105133005', '1105133', 'PAYA GABOH', ''),
(1158, '1105133006', '1105133', 'SEUNEUBOK DRIEN', ''),
(1159, '1105133007', '1105133', 'KEUDE KEUMUNENG', ''),
(1160, '1105133008', '1105133', 'GAMPONG KEUMUNING', ''),
(1161, '1105133009', '1105133', 'SEUNEUBOK MEURUDU', ''),
(1162, '1105133010', '1105133', 'SEUNEUBOK PUNTI', ''),
(1163, '1105133011', '1105133', 'SEUNEUBOK DALAM', ''),
(1164, '1105133012', '1105133', 'SEUNEUBOK JALAN', ''),
(1165, '1105133013', '1105133', 'BUKET TEUKUH', ''),
(1166, '1105133014', '1105133', 'KEUMUNING LHOK', ''),
(1167, '1105133015', '1105133', 'BUKET RUMIYA', ''),
(1168, '1105133016', '1105133', 'ALUE KUMBANG M', ''),
(1169, '1105133017', '1105133', 'ALUE KUMBANG A', ''),
(1170, '1105133018', '1105133', 'SEUNEUBOK BARO', ''),
(1171, '1105133019', '1105133', 'BUKET PUUK', ''),
(1172, '1105133020', '1105133', 'SEUNEUBOK BULOH', ''),
(1173, '1105133021', '1105133', 'BLANG MINJEI', ''),
(1174, '1105133022', '1105133', 'BLANG SEGUCI', ''),
(1175, '1105133023', '1105133', 'BANTAYAN BARAT', ''),
(1176, '1105133024', '1105133', 'SEUNEUBOK TEUPIN PANAH', ''),
(1177, '1105133025', '1105133', 'TEUPIN PANAH', ''),
(1178, '1105134001', '1105134', 'SEUNEUBOK ACEH BARO', ''),
(1179, '1105134002', '1105134', 'LHOK LEUMAK', ''),
(1180, '1105134003', '1105134', 'SEUNEUBOK TEUNGOH (KD II)', ''),
(1181, '1105134004', '1105134', 'MEUNASAH ARON', ''),
(1182, '1105134005', '1105134', 'LHOK DALAM', ''),
(1183, '1105134006', '1105134', 'LHOK MEUREU', ''),
(1184, '1105134007', '1105134', 'PT. MEUREUBO', ''),
(1185, '1105134008', '1105134', 'KHOK PANJOU', ''),
(1186, '1105134009', '1105134', 'ALUE JANGAT', ''),
(1187, '1105134010', '1105134', 'MEDANG ARA', ''),
(1188, '1105134011', '1105134', 'SEUNEUBOK KULAM', ''),
(1189, '1105134012', '1105134', 'GUNONG PUTOH', ''),
(1190, '1105134013', '1105134', 'SEUNEUBOK LAPANG', ''),
(1191, '1105134014', '1105134', 'KEUDE DUA', ''),
(1192, '1105134015', '1105134', 'BUKET PEULAWI', ''),
(1193, '1105134016', '1105134', 'PULO BLANG', ''),
(1194, '1105135001', '1105135', 'KETAPANG DUA', ''),
(1195, '1105135002', '1105135', 'MATANG RAYEUK (SMK)', ''),
(1196, '1105135003', '1105135', 'MENUNASAH JEUMPA', ''),
(1197, '1105135004', '1105135', 'LHOK ASAHAN', ''),
(1198, '1105135005', '1105135', 'TUALANG DALAM', ''),
(1199, '1105135006', '1105135', 'SEUNEUBOK KUYUN', ''),
(1200, '1105135007', '1105135', 'ULEE GLE', ''),
(1201, '1105135008', '1105135', 'SEUNEUBOK BARAT', ''),
(1202, '1105135009', '1105135', 'SEUNEUBOK TEUNGOH (SMK)', ''),
(1203, '1105135010', '1105135', 'SEUNEUBOK TIMUR', ''),
(1204, '1105135011', '1105135', 'MATANG BUNGONG', ''),
(1205, '1105135012', '1105135', 'MATANG RAYEUK (PR)', ''),
(1206, '1105135013', '1105135', 'SEUNEUBOK DALAM (SMK)', ''),
(1207, '1105140001', '1105140', 'SEUNEUBOK SIMPANG', ''),
(1208, '1105140002', '1105140', 'ALUR LHOK', ''),
(1209, '1105140003', '1105140', 'ALUR MERBO', ''),
(1210, '1105140004', '1105140', 'MEUNASAH KEUTAPANG', ''),
(1211, '1105140005', '1105140', 'ALUE DALAM', ''),
(1212, '1105140006', '1105140', 'DAMA POLO II', ''),
(1213, '1105140007', '1105140', 'ALUR LUDIN II', ''),
(1214, '1105140008', '1105140', 'JUNGKA GAJAH', ''),
(1215, '1105140009', '1105140', 'BUKET RUMIYA', ''),
(1216, '1105140010', '1105140', 'BUKET RAYA', ''),
(1217, '1105140011', '1105140', 'GASEH SAYANG', ''),
(1218, '1105140012', '1105140', 'SEUNEUBOK BULOH', ''),
(1219, '1105140013', '1105140', 'KAPAI BARO', ''),
(1220, '1105140014', '1105140', 'KEMUNING I', ''),
(1221, '1105140015', '1105140', 'SEUNEUBOK TUHA I', ''),
(1222, '1105140016', '1105140', 'ALUE GADENG', ''),
(1223, '1105140017', '1105140', 'TRIENG GADENG', ''),
(1224, '1105140018', '1105140', 'BUKET KULAM', ''),
(1225, '1105140019', '1105140', 'SEUNEUBOK TEUNGOH', ''),
(1226, '1105140020', '1105140', 'DAMA PULO I', ''),
(1227, '1105140021', '1105140', 'KAMPUNG BEUNOT', ''),
(1228, '1105140022', '1105140', 'TEUPIN DRUM', ''),
(1229, '1105140023', '1105140', 'KUALA IDI CUT', ''),
(1230, '1105140024', '1105140', 'KAMPUNG BARO', ''),
(1231, '1105140025', '1105140', 'ALUR LUDIN I', ''),
(1232, '1105140026', '1105140', 'LHOK GEULUMPANG', ''),
(1233, '1105140027', '1105140', 'BLANG BUKET', ''),
(1234, '1105140028', '1105140', 'SEUNEUBOK TUHA II', ''),
(1235, '1105140029', '1105140', 'KEMUNING II', ''),
(1236, '1105140030', '1105140', 'BUKET TUALANG', ''),
(1237, '1105140031', '1105140', 'BAGOK PANAH IV', ''),
(1238, '1105140032', '1105140', 'BAGOK PANAH III', ''),
(1239, '1105140033', '1105140', 'KEMUNING  V', ''),
(1240, '1105140034', '1105140', 'KEMUNING III', ''),
(1241, '1105140035', '1105140', 'KEMUNING IV', ''),
(1242, '1105140036', '1105140', 'GRONG-GRONG', ''),
(1243, '1105140037', '1105140', 'KAMPUNG KEUDE', ''),
(1244, '1105140038', '1105140', 'KEUDE IDI CUT', ''),
(1245, '1105140039', '1105140', 'SEUNEUBOK BAROH', ''),
(1246, '1105140040', '1105140', 'MEUNASAH BLANG', ''),
(1247, '1105140041', '1105140', 'SEUNEUBOK ACEH', ''),
(1248, '1105140042', '1105140', 'MATANG GEUTOU', ''),
(1249, '1105140043', '1105140', 'MATANG PINEUNG', ''),
(1250, '1105140044', '1105140', 'BAGOK PANAH I', ''),
(1251, '1105140045', '1105140', 'BAGOK PANAH II', ''),
(1252, '1105150001', '1105150', 'ALUE SIWAH SERDANG', ''),
(1253, '1105150002', '1105150', 'GAMPONG LHEE', ''),
(1254, '1105150003', '1105150', 'BEURANDANG', ''),
(1255, '1105150005', '1105150', 'SEUNEUBOK RAMBONG', ''),
(1256, '1105150006', '1105150', 'GAMPUNG JALAN', ''),
(1257, '1105150008', '1105150', 'BUKET MEURAK', ''),
(1258, '1105150009', '1105150', 'SEUNEUBOK DALAM', ''),
(1259, '1105150010', '1105150', 'KAMPUNG MESJID', ''),
(1260, '1105150011', '1105150', 'PAYA ENJEE', ''),
(1261, '1105150012', '1105150', 'SEULEUMAK MUDA', ''),
(1262, '1105150013', '1105150', 'COT ASAN', ''),
(1263, '1105150014', '1105150', 'BUKET PANYANG', ''),
(1264, '1105150023', '1105150', 'BUKET PANJOU', ''),
(1265, '1105150024', '1105150', 'MATANG PANYANG', ''),
(1266, '1105150025', '1105150', 'MEUNASAH HAGU', ''),
(1267, '1105150026', '1105150', 'MATANG KUNYET', ''),
(1268, '1105150027', '1105150', 'MATANG NEUHEUN', ''),
(1269, '1105150028', '1105150', 'TEUPIN PUKAT', ''),
(1270, '1105150029', '1105150', 'PULO-U', ''),
(1271, '1105150030', '1105150', 'MATANG SEULEUMAK', ''),
(1272, '1105150031', '1105150', 'BANTAYAN', ''),
(1273, '1105150032', '1105150', 'BLANG PANJOU', ''),
(1274, '1105150034', '1105150', 'SEUMATANG ARON', ''),
(1275, '1105150035', '1105150', 'MEUDANG ARA', ''),
(1276, '1105150036', '1105150', 'MEUNASAH TEUNGOH', ''),
(1277, '1105150037', '1105150', 'KAMPUNG KEUDE BAGOK', ''),
(1278, '1105150038', '1105150', 'KEUDE BAGOK', ''),
(1279, '1105150039', '1105150', 'KUALA BAGOK', ''),
(1280, '1105150040', '1105150', 'ASAN TANJUNG', ''),
(1281, '1105150041', '1105150', 'BAROH BUGENG', ''),
(1282, '1105150042', '1105150', 'PEULAWI', ''),
(1283, '1105151001', '1105151', 'TUNONG BUGENG', ''),
(1284, '1105151002', '1105151', 'GAMPONG CEMPEUDAK', ''),
(1285, '1105151003', '1105151', 'BUKET TUFAH', ''),
(1286, '1105151004', '1105151', 'TUNONG ULEE GAJAH', ''),
(1287, '1105151005', '1105151', 'KEUDONDONG', ''),
(1288, '1105151006', '1105151', 'SEUNEUBOK PANTON', ''),
(1289, '1105151007', '1105151', 'BUKET TEUMPEN', ''),
(1290, '1105151008', '1105151', 'KEUDE BLANG', ''),
(1291, '1105151009', '1105151', 'PAYA KREUB', ''),
(1292, '1105151010', '1105151', 'TUNONG PAYA KREUB', ''),
(1293, '1105151011', '1105151', 'ALUE SIWAH DUA', ''),
(1294, '1105160006', '1105160', 'KEUMUNENG', ''),
(1295, '1105160007', '1105160', 'LADANG BARO', ''),
(1296, '1105160008', '1105160', 'SEUNEUBOK BARO', ''),
(1297, '1105160009', '1105160', 'SEUNEUBOK RAMBONG', ''),
(1298, '1105160010', '1105160', 'TEUPIN RAYA', ''),
(1299, '1105160011', '1105160', 'BUKET PANYANG', ''),
(1300, '1105160012', '1105160', 'BLANG KEUMUHANG', ''),
(1301, '1105160013', '1105160', 'BUKIT MAKMUR', ''),
(1302, '1105160014', '1105160', 'BUKET DINDENG', ''),
(1303, '1105160015', '1105160', 'LHOK RAMBONG', ''),
(1304, '1105160016', '1105160', 'BLANG MIDEUN', ''),
(1305, '1105160017', '1105160', 'BLANG JAMBEE', ''),
(1306, '1105160018', '1105160', 'PAYA BAKONG', ''),
(1307, '1105160019', '1105160', 'BUKET SERAJA', ''),
(1308, '1105160020', '1105160', 'BLANG PAOH SATU', ''),
(1309, '1105160021', '1105160', 'ULEE ATEUNG', ''),
(1310, '1105160022', '1105160', 'MANE RAMPAK', ''),
(1311, '1105160023', '1105160', 'UJONG TUNONG', ''),
(1312, '1105160024', '1105160', 'PAYA PASI', ''),
(1313, '1105160025', '1105160', 'BLANG GLEUM', ''),
(1314, '1105160026', '1105160', 'ALUE CEK DOY', ''),
(1315, '1105160027', '1105160', 'TUMPOK TEUNGOH', ''),
(1316, '1105160028', '1105160', 'MATANG', ''),
(1317, '1105160029', '1105160', 'JULOK TUNONG', ''),
(1318, '1105160030', '1105160', 'BLANG PAOH DUA', ''),
(1319, '1105160031', '1105160', 'KEUDE KUTA BINJAI', ''),
(1320, '1105160032', '1105160', 'ULEE TANOH', ''),
(1321, '1105160033', '1105160', 'KUALA GEULUMPANG', ''),
(1322, '1105160034', '1105160', 'BLANG UYOK', ''),
(1323, '1105160035', '1105160', 'ULEE BLANG', ''),
(1324, '1105160036', '1105160', 'NALEUNG', ''),
(1325, '1105160037', '1105160', 'LABOHAN', ''),
(1326, '1105160038', '1105160', 'GAMPONG BARO', ''),
(1327, '1105160039', '1105160', 'SEUMATANG', ''),
(1328, '1105160040', '1105160', 'TANJONG TOK BLANG', ''),
(1329, '1105160041', '1105160', 'SIMPANG LHEE', ''),
(1330, '1105160042', '1105160', 'LHOK SEUNTANG', ''),
(1331, '1105161001', '1105161', 'ALUE IE ITAM', ''),
(1332, '1105161002', '1105161', 'SEUNEUBOK BAYU', ''),
(1333, '1105161003', '1105161', 'BLANG NISAM', ''),
(1334, '1105161004', '1105161', 'BANDAR BARO', ''),
(1335, '1105161005', '1105161', 'ALUE PATONG', ''),
(1336, '1105161006', '1105161', 'SEUNEUBOK CINA', ''),
(1337, '1105161007', '1105161', 'PELITA SAGUP JAYA', ''),
(1338, '1105161008', '1105161', 'PERK JULOK RAYEUK UTARA', ''),
(1339, '1105161009', '1105161', 'PERK JULOK RAYEUK SELATAN', ''),
(1340, '1105161010', '1105161', 'JAMBO BALEE', ''),
(1341, '1105161011', '1105161', 'ALUE IE MIRAH', ''),
(1342, '1105161012', '1105161', 'JAMBO LUBOK', ''),
(1343, '1105161013', '1105161', 'SUKA MAKMUR', ''),
(1344, '1105170001', '1105170', 'BLANG SEUNONG', ''),
(1345, '1105170002', '1105170', 'PANTE LABU', ''),
(1346, '1105170003', '1105170', 'PANTE RAMBONG', ''),
(1347, '1105170004', '1105170', 'ALUE IE MIRAH', ''),
(1348, '1105170005', '1105170', 'SEUNEUBOK TUHA', ''),
(1349, '1105170006', '1105170', 'SEUNEUBOK SABOH', ''),
(1350, '1105170007', '1105170', 'BUKET KARENG', ''),
(1351, '1105170008', '1105170', 'BUKET BATA', ''),
(1352, '1105170009', '1105170', 'GRONG GRONG', ''),
(1353, '1105170010', '1105170', 'MEUNASAH TUNONG', ''),
(1354, '1105170011', '1105170', 'MATANG PEUREULAK', ''),
(1355, '1105170012', '1105170', 'MEUNASAH LEUBOK', ''),
(1356, '1105170013', '1105170', 'MEUNASAH TEUNGOH', ''),
(1357, '1105170014', '1105170', 'KEUDE BARO', ''),
(1358, '1105170015', '1105170', 'PANTE PANAH', ''),
(1359, '1105170016', '1105170', 'MATANG PUDENG', ''),
(1360, '1105170017', '1105170', 'GAMPONG PUTOH DUA', ''),
(1361, '1105170018', '1105170', 'MATANG KRUET', ''),
(1362, '1105170019', '1105170', 'PAYA DEUMAM SATU', ''),
(1363, '1105170020', '1105170', 'PAYA DEUMAM LHEE', ''),
(1364, '1105170021', '1105170', 'PAYA DEUMAM DUA', ''),
(1365, '1105170022', '1105170', 'PUTOH SATU', ''),
(1366, '1105170023', '1105170', 'SUKA DAMAI', ''),
(1367, '1105170024', '1105170', 'SAH RAJA', ''),
(1368, '1105170025', '1105170', 'SIJUDO', ''),
(1369, '1105180003', '1105180', 'MATANG WENG', ''),
(1370, '1105180005', '1105180', 'ALUE MULIENG', ''),
(1371, '1105180009', '1105180', 'PUCOK ALUE BARAT', ''),
(1372, '1105180010', '1105180', 'PUCOK ALUE SATU', ''),
(1373, '1105180011', '1105180', 'MATANG KUMBANG', ''),
(1374, '1105180012', '1105180', 'TITI BAROEH', ''),
(1375, '1105180013', '1105180', 'ARA KUNDO', ''),
(1376, '1105180014', '1105180', 'ALUE BULOH DUA', ''),
(1377, '1105180015', '1105180', 'MATANG RAYEUK', ''),
(1378, '1105180016', '1105180', 'TEUPIN BREUH', ''),
(1379, '1105180017', '1105180', 'BLANG ME', ''),
(1380, '1105180018', '1105180', 'PUCOK ALUE DUA', ''),
(1381, '1105180019', '1105180', 'PEULALU', ''),
(1382, '1105180023', '1105180', 'ALUE BULOH SATU', ''),
(1383, '1105180024', '1105180', 'KUALA SIMPANG ULIM', ''),
(1384, '1105180025', '1105180', 'KAMPONG BARO', ''),
(1385, '1105180026', '1105180', 'NICAH AWE', ''),
(1386, '1105180027', '1105180', 'BANTAYAN', ''),
(1387, '1105180028', '1105180', 'KEUDE TUHA', ''),
(1388, '1105180030', '1105180', 'GAMPONG BLANG', ''),
(1389, '1105180031', '1105180', 'LAMPUH RAYEUK', ''),
(1390, '1105180033', '1105180', 'TEUPIN MAMPLAM', ''),
(1391, '1105180034', '1105180', 'MATANG SEUPENG', ''),
(1392, '1105181001', '1105181', 'PAYA DEUMAM PEUT', ''),
(1393, '1105181002', '1105181', 'PAYA NADEN', ''),
(1394, '1105181003', '1105181', 'TANJUNG ARA', ''),
(1395, '1105181004', '1105181', 'TANJUNG MINJEI', ''),
(1396, '1105181005', '1105181', 'SEUNEUBOK PIDIE', ''),
(1397, '1105181006', '1105181', 'RAMBONG LOP', ''),
(1398, '1105181007', '1105181', 'MATANG JROK', ''),
(1399, '1105181008', '1105181', 'MATANG NIBONG', ''),
(1400, '1105181009', '1105181', 'MADAT', ''),
(1401, '1105181010', '1105181', 'ABEUK GEULANTEU', ''),
(1402, '1105181011', '1105181', 'MATANG KEUPULA SATU', ''),
(1403, '1105181012', '1105181', 'ULEE ATEUNG', ''),
(1404, '1105181013', '1105181', 'BLANG ANDAM', ''),
(1405, '1105181014', '1105181', 'BINTAH', ''),
(1406, '1105181015', '1105181', 'BLANG AWE', ''),
(1407, '1105181016', '1105181', 'PANTE MEUREUBO', ''),
(1408, '1105181017', '1105181', 'LUENG SATU', ''),
(1409, '1105181018', '1105181', 'MATANG KEUPULA LHEE', ''),
(1410, '1105181019', '1105181', 'MATANG KEUPULA DUA', ''),
(1411, '1105181020', '1105181', 'BLANG UBIT', ''),
(1412, '1105181021', '1105181', 'LUENG PEUT', ''),
(1413, '1105181022', '1105181', 'LUENG DUA', ''),
(1414, '1105181023', '1105181', 'MATANG GURU', ''),
(1415, '1105181024', '1105181', 'PANTE BAYAM', ''),
(1416, '1105181025', '1105181', 'MEUNASAH TINGKEUM', ''),
(1417, '1105181026', '1105181', 'MEUNASAH ASAN', ''),
(1418, '1106010007', '1106010', 'LUMUT', ''),
(1419, '1106010008', '1106010', 'DELUNG SEKINEL', ''),
(1420, '1106010009', '1106010', 'JAMAT', ''),
(1421, '1106010010', '1106010', 'LINGE', ''),
(1422, '1106010011', '1106010', 'OWAQ', ''),
(1423, '1106010012', '1106010', 'PENARUN', ''),
(1424, '1106010013', '1106010', 'UMANG', ''),
(1425, '1106010014', '1106010', 'SIMPANG TIGA UNING', ''),
(1426, '1106010015', '1106010', 'PANTAN NANGKA', ''),
(1427, '1106010016', '1106010', 'MUNGKUR', ''),
(1428, '1106010017', '1106010', 'GEWAT', ''),
(1429, '1106010018', '1106010', 'KEMERLENG', ''),
(1430, '1106010019', '1106010', 'KUTE RAYANG', ''),
(1431, '1106010020', '1106010', 'KUTE KERAMIL', ''),
(1432, '1106010021', '1106010', 'KUTE RIYEM', ''),
(1433, '1106010022', '1106010', 'KUTE BARU', ''),
(1434, '1106010023', '1106010', 'KUTE ROBEL', ''),
(1435, '1106010024', '1106010', 'GELAMPANG GADING', ''),
(1436, '1106010030', '1106010', 'GEMBOYAH', ''),
(1437, '1106010031', '1106010', 'DISPOT LINGE', ''),
(1438, '1106010036', '1106010', 'ISE-ISE', ''),
(1439, '1106010037', '1106010', 'KUTE REJE', ''),
(1440, '1106010038', '1106010', 'REJE PAYUNG', ''),
(1441, '1106010039', '1106010', 'ARUL ITEM', ''),
(1442, '1106010040', '1106010', 'ANTARA', ''),
(1443, '1106010041', '1106010', 'PANTAN REDUK', ''),
(1444, '1106011001', '1106011', 'ATU LINTANG', ''),
(1445, '1106011002', '1106011', 'MERAH MEGE', ''),
(1446, '1106011003', '1106011', 'TANOH ABU', ''),
(1447, '1106011004', '1106011', 'MERAH MUYANG', ''),
(1448, '1106011005', '1106011', 'MERAH PUPUK', ''),
(1449, '1106011006', '1106011', 'BINTANG KEKELIP', ''),
(1450, '1106011007', '1106011', 'MERAH JERNANG', ''),
(1451, '1106011008', '1106011', 'KEPALA AKAL', ''),
(1452, '1106011009', '1106011', 'GAYO MURNI', ''),
(1453, '1106011010', '1106011', 'PANTAN DAMAR', ''),
(1454, '1106011011', '1106011', 'DAMAR MULYO', ''),
(1455, '1106012001', '1106012', 'GEGARANG', ''),
(1456, '1106012002', '1106012', 'BERAWANG DEWAL', ''),
(1457, '1106012003', '1106012', 'JAGONG', ''),
(1458, '1106012004', '1106012', 'MERAH SAID', ''),
(1459, '1106012005', '1106012', 'JEGET AYU', ''),
(1460, '1106012006', '1106012', 'PAYA TUNGEL', ''),
(1461, '1106012007', '1106012', 'TELEGE SARI', ''),
(1462, '1106012008', '1106012', 'PAYA DEDEP', ''),
(1463, '1106012009', '1106012', 'BUKIT KEMUNING', ''),
(1464, '1106012010', '1106012', 'BUKIT SARI', ''),
(1465, '1106020001', '1106020', 'BAMIL NOSAR', ''),
(1466, '1106020002', '1106020', 'MUDE NOSAR', ''),
(1467, '1106020003', '1106020', 'BALE NOSAR', ''),
(1468, '1106020004', '1106020', 'MENGAYA', ''),
(1469, '1106020005', '1106020', 'BEWANG', ''),
(1470, '1106020006', '1106020', 'LINUNG BULEN I', ''),
(1471, '1106020007', '1106020', 'LINUNG BULEN II', ''),
(1472, '1106020008', '1106020', 'DEDAMAR', ''),
(1473, '1106020009', '1106020', 'SERULE', ''),
(1474, '1106020010', '1106020', 'KUALA II', ''),
(1475, '1106020011', '1106020', 'KUALA I', ''),
(1476, '1106020012', '1106020', 'KALA SEGI', ''),
(1477, '1106020013', '1106020', 'KELITU', ''),
(1478, '1106020014', '1106020', 'KEJURUN SYIAH UTAMA', ''),
(1479, '1106020015', '1106020', 'WIHLAH SETIE', ''),
(1480, '1106020016', '1106020', 'ATU PAYUNG', ''),
(1481, '1106020017', '1106020', 'WAKIL JALIL', ''),
(1482, '1106020018', '1106020', 'GENUREN', ''),
(1483, '1106020019', '1106020', 'KALA BINTANG', ''),
(1484, '1106020020', '1106020', 'JAMUR KONYEL', ''),
(1485, '1106020021', '1106020', 'MERODOT', ''),
(1486, '1106020022', '1106020', 'GEGARANG', ''),
(1487, '1106020023', '1106020', 'SINTEP', ''),
(1488, '1106020024', '1106020', 'GELEPULO', ''),
(1489, '1106031001', '1106031', 'ASIR ASIR', ''),
(1490, '1106031002', '1106031', 'ASIR ASIR ASIA', ''),
(1491, '1106031003', '1106031', 'BUJANG', ''),
(1492, '1106031004', '1106031', 'HAKIM BALE BUJANG', ''),
(1493, '1106031005', '1106031', 'KENAWAT', ''),
(1494, '1106031006', '1106031', 'PEDEMUN ONE ONE', ''),
(1495, '1106031007', '1106031', 'TOWEREN TOA', ''),
(1496, '1106031008', '1106031', 'TOWEREN ANTARA', ''),
(1497, '1106031009', '1106031', 'TOWEREN UKEN', ''),
(1498, '1106031010', '1106031', 'GUNUNG SUKU', ''),
(1499, '1106031011', '1106031', 'RAWE', ''),
(1500, '1106031012', '1106031', 'TAKENGON TIMUR', ''),
(1501, '1106031013', '1106031', 'BALE ATU', ''),
(1502, '1106031014', '1106031', 'TAKENGON BARAT', ''),
(1503, '1106031015', '1106031', 'KUTENI REJE', ''),
(1504, '1106031016', '1106031', 'MERAH MERSA', ''),
(1505, '1106031017', '1106031', 'ONE-ONE', ''),
(1506, '1106031018', '1106031', 'TOWEREN MUSARA', ''),
(1507, '1106032001', '1106032', 'GUNUNG BUKIT', ''),
(1508, '1106032002', '1106032', 'LOT KALA', ''),
(1509, '1106032003', '1106032', 'MENDALE', ''),
(1510, '1106032004', '1106032', 'JONGOK MELUEM', ''),
(1511, '1106032005', '1106032', 'PAYA REJE TAMI DELEM', ''),
(1512, '1106032006', '1106032', 'PINANGAN', ''),
(1513, '1106032007', '1106032', 'PAYA TUMPI', ''),
(1514, '1106032008', '1106032', 'BUKIT SAMA', ''),
(1515, '1106032009', '1106032', 'KELUPAK MATA', ''),
(1516, '1106032010', '1106032', 'GUNUNG BALOHEN', ''),
(1517, '1106032011', '1106032', 'BUKIT', ''),
(1518, '1106032013', '1106032', 'KALA LENGKIO', ''),
(1519, '1106032014', '1106032', 'JONGOK BATHIN', ''),
(1520, '1106032015', '1106032', 'BUKIT EWIH TAMI DELEM', ''),
(1521, '1106032016', '1106032', 'GUNUNG BAHGIE', ''),
(1522, '1106032017', '1106032', 'TIMANGAN GADING', ''),
(1523, '1106032018', '1106032', 'PAYA TUMPI I', ''),
(1524, '1106032019', '1106032', 'PAYA TUMPI BARU', ''),
(1525, '1106032030', '1106032', 'KUTE LOT', ''),
(1526, '1106032031', '1106032', 'TELEGE ATU', ''),
(1527, '1106040001', '1106040', 'WIH ILANG', ''),
(1528, '1106040002', '1106040', 'WIH LAH', ''),
(1529, '1106040003', '1106040', 'PEDEKOK', ''),
(1530, '1106040004', '1106040', 'URING', ''),
(1531, '1106040005', '1106040', 'IERELOP', ''),
(1532, '1106040006', '1106040', 'TERANG ULEN', ''),
(1533, '1106040007', '1106040', 'GELE LUNGI', ''),
(1534, '1106040008', '1106040', 'KEDELAH', ''),
(1535, '1106040009', '1106040', 'WIH NAREH', ''),
(1536, '1106040010', '1106040', 'KUNG', ''),
(1537, '1106040011', '1106040', 'SIMPANG KELAPING', ''),
(1538, '1106040012', '1106040', 'KUTE LINTANG', ''),
(1539, '1106040013', '1106040', 'KAYU KUL', ''),
(1540, '1106040019', '1106040', 'UNING', ''),
(1541, '1106040022', '1106040', 'ARUL BADAK', ''),
(1542, '1106040023', '1106040', 'BERAWANG BARO', ''),
(1543, '1106040024', '1106040', 'LELUMU', ''),
(1544, '1106040025', '1106040', 'TEBUK', ''),
(1545, '1106040026', '1106040', 'PAYA JEGET', ''),
(1546, '1106040027', '1106040', 'UJUNG GELE', ''),
(1547, '1106040028', '1106040', 'PEPALANG', ''),
(1548, '1106040029', '1106040', 'PEGASING', ''),
(1549, '1106040032', '1106040', 'WIH TERJUN', ''),
(1550, '1106040033', '1106040', 'PANTAN MUSARA', ''),
(1551, '1106040034', '1106040', 'PANANGEN MATA', ''),
(1552, '1106040035', '1106040', 'LINUNG AYU', ''),
(1553, '1106040036', '1106040', 'KALA PEGASING', ''),
(1554, '1106040038', '1106040', 'BELANG BEBANGKA', ''),
(1555, '1106040039', '1106040', 'JURUSEN', ''),
(1556, '1106040041', '1106040', 'JEJEM', ''),
(1557, '1106040042', '1106040', 'SUKA DAMAI', ''),
(1558, '1106041001', '1106041', 'ATANG JUNGKET', ''),
(1559, '1106041002', '1106041', 'LENGA', ''),
(1560, '1106041003', '1106041', 'PUCUK DEKU', ''),
(1561, '1106041004', '1106041', 'ARUL LATONG', ''),
(1562, '1106041005', '1106041', 'TEBES LUES', ''),
(1563, '1106041006', '1106041', 'BIES BARU', ''),
(1564, '1106041007', '1106041', 'BIES PENENTANAN', ''),
(1565, '1106041008', '1106041', 'SP UNING NIKEN', ''),
(1566, '1106041009', '1106041', 'BIES MULIE', ''),
(1567, '1106041010', '1106041', 'SIMPANG LUKUP BADAK', ''),
(1568, '1106041011', '1106041', 'UNING PEGANTUNGEN', ''),
(1569, '1106041012', '1106041', 'KARANG BAYUR', ''),
(1570, '1106050001', '1106050', 'BLANG GELE', ''),
(1571, '1106050002', '1106050', 'TANSARIL', ''),
(1572, '1106050003', '1106050', 'BLANG KOLAK II', ''),
(1573, '1106050004', '1106050', 'BLANG KOLAK I', ''),
(1574, '1106050005', '1106050', 'KEMILI', ''),
(1575, '1106050006', '1106050', 'SIMPANG EMPAT', ''),
(1576, '1106050007', '1106050', 'BEBESEN', ''),
(1577, '1106050008', '1106050', 'MONGAL', ''),
(1578, '1106050009', '1106050', 'DALING', ''),
(1579, '1106050010', '1106050', 'TENSAREN', ''),
(1580, '1106050011', '1106050', 'LELABU', ''),
(1581, '1106050012', '1106050', 'UMANG', ''),
(1582, '1106050019', '1106050', 'ATU TULU', ''),
(1583, '1106050020', '1106050', 'GELE LAH', ''),
(1584, '1106050021', '1106050', 'ATU GAJAH REJE GURU', ''),
(1585, '1106050022', '1106050', 'PENDERE SARIL', ''),
(1586, '1106050023', '1106050', 'SADONG JURU MUDI', ''),
(1587, '1106050024', '1106050', 'KERAMAT MUPAKAT', ''),
(1588, '1106050025', '1106050', 'NUNANG ANTARA', ''),
(1589, '1106050026', '1106050', 'KEBET', ''),
(1590, '1106050027', '1106050', 'EMPUS TALU', ''),
(1591, '1106050028', '1106050', 'LEMAH BURBANA', ''),
(1592, '1106050029', '1106050', 'BAHGIE', ''),
(1593, '1106050030', '1106050', 'BUR BIAH', ''),
(1594, '1106050031', '1106050', 'ULU NUIH', ''),
(1595, '1106050032', '1106050', 'MAH BENGI', ''),
(1596, '1106050033', '1106050', 'CALO BLANG GELE', ''),
(1597, '1106050034', '1106050', 'KALA KEMILI', ''),
(1598, '1106051001', '1106051', 'TAPAK MOGE', ''),
(1599, '1106051002', '1106051', 'KUTE PANANG', ''),
(1600, '1106051003', '1106051', 'PANTAN SILE', ''),
(1601, '1106051004', '1106051', 'RATAWALI', ''),
(1602, '1106051005', '1106051', 'TIMANG RASA', ''),
(1603, '1106051006', '1106051', 'TAWAR MIKO', ''),
(1604, '1106051007', '1106051', 'TAWARDI', ''),
(1605, '1106051008', '1106051', 'WIH NONGKAL', ''),
(1606, '1106051009', '1106051', 'DEDINGIN', ''),
(1607, '1106051010', '1106051', 'SEGENE BALIK', ''),
(1608, '1106051011', '1106051', 'BUTER BALIK', ''),
(1609, '1106051012', '1106051', 'BALIK', ''),
(1610, '1106051013', '1106051', 'ATU GOGOP', ''),
(1611, '1106051014', '1106051', 'LUKUP SABUN', ''),
(1612, '1106051015', '1106051', 'LUKUP SABUN TENGAH', ''),
(1613, '1106051016', '1106051', 'LUKUP SABUN TIMUR', ''),
(1614, '1106051017', '1106051', 'LUKUP SABUN BARAT', ''),
(1615, '1106051018', '1106051', 'BUKIT  RATA', ''),
(1616, '1106051019', '1106051', 'KALA NONGKAL', ''),
(1617, '1106051020', '1106051', 'EMPU BALIK', ''),
(1618, '1106051021', '1106051', 'BLANG BALIK', ''),
(1619, '1106051022', '1106051', 'WIH NONGKAL TOA', ''),
(1620, '1106051023', '1106051', 'TAPAK MOGE TIMUR', ''),
(1621, '1106051024', '1106051', 'PANTAN JERIK', ''),
(1622, '1106060009', '1106060', 'RUTIH', ''),
(1623, '1106060011', '1106060', 'GENTING GERBANG', ''),
(1624, '1106060012', '1106060', 'PEPAYUNGEN ANGKUP', ''),
(1625, '1106060013', '1106060', 'REMESEN', ''),
(1626, '1106060014', '1106060', 'BURNI BIUS', ''),
(1627, '1106060015', '1106060', 'WIHNI  BAKONG', ''),
(1628, '1106060016', '1106060', 'WIH PORAK', ''),
(1629, '1106060017', '1106060', 'ARULGELE', ''),
(1630, '1106060018', '1106060', 'GUNUNG SINGIT', ''),
(1631, '1106060019', '1106060', 'SEMELIT MUTIARA', ''),
(1632, '1106060020', '1106060', 'ARUL KUMER', ''),
(1633, '1106060021', '1106060', 'WIHNI DURIN', ''),
(1634, '1106060049', '1106060', 'PAYA BEKE', ''),
(1635, '1106060051', '1106060', 'JERATA', ''),
(1636, '1106060052', '1106060', 'TERANG ENGON', ''),
(1637, '1106060053', '1106060', 'SIMPANG KEMILI', ''),
(1638, '1106060054', '1106060', 'BURNI BIUS BARU', ''),
(1639, '1106060055', '1106060', 'REBEGEDUNG', ''),
(1640, '1106060056', '1106060', 'SANEHEN', ''),
(1641, '1106060057', '1106060', 'WIH PESAM', ''),
(1642, '1106060058', '1106060', 'PAYA PELU', ''),
(1643, '1106060059', '1106060', 'ARUL PUTIH', ''),
(1644, '1106060060', '1106060', 'ARUL RELEM', ''),
(1645, '1106060061', '1106060', 'TENEBUK KP. BARU', ''),
(1646, '1106060062', '1106060', 'REREMAL', ''),
(1647, '1106060065', '1106060', 'MULIE JADI', ''),
(1648, '1106060066', '1106060', 'BIUS UTAMA', ''),
(1649, '1106060067', '1106060', 'WIH SAGI INDAH', ''),
(1650, '1106060068', '1106060', 'MEKAR INDAH', ''),
(1651, '1106060069', '1106060', 'WIH BERSIH', ''),
(1652, '1106060070', '1106060', 'ARUL KUMER TIMUR', ''),
(1653, '1106060071', '1106060', 'ARUL KUMER BARAT', ''),
(1654, '1106060072', '1106060', 'ARUL KUMER SELATAN', ''),
(1655, '1106061001', '1106061', 'PANTAN PENYO', ''),
(1656, '1106061002', '1106061', 'BAH', ''),
(1657, '1106061003', '1106061', 'CANG DURI', ''),
(1658, '1106061004', '1106061', 'JALUK', ''),
(1659, '1106061005', '1106061', 'GELUMPANG PAYUNG', ''),
(1660, '1106061006', '1106061', 'BLANG MANCUNG', ''),
(1661, '1106061007', '1106061', 'KUTE GELIME', ''),
(1662, '1106061008', '1106061', 'KALAKETOL', ''),
(1663, '1106061009', '1106061', 'SEREMPAH', ''),
(1664, '1106061010', '1106061', 'BURLAH', ''),
(1665, '1106061011', '1106061', 'REJEWALI', ''),
(1666, '1106061012', '1106061', 'PONDOK BALIK', ''),
(1667, '1106061013', '1106061', 'BUTER', ''),
(1668, '1106061014', '1106061', 'KEKUYANG', ''),
(1669, '1106061015', '1106061', 'BINTANG PEPARA', ''),
(1670, '1106061016', '1106061', 'KARANG AMPAR', ''),
(1671, '1106061017', '1106061', 'PANTAN REDUK', ''),
(1672, '1106061018', '1106061', 'JERATA', ''),
(1673, '1106061019', '1106061', 'SIMPANG JULI', ''),
(1674, '1106061020', '1106061', 'JALAN TENGAH', ''),
(1675, '1106061021', '1106061', 'BLANG MANCUNG BAWAH', ''),
(1676, '1106061022', '1106061', 'GENTING BULEN', ''),
(1677, '1106061023', '1106061', 'SELON', ''),
(1678, '1106061024', '1106061', 'BUGE ARA', ''),
(1679, '1106061025', '1106061', 'BERGANG', ''),
(1680, '1106062001', '1106062', 'PAYA KOLAK', ''),
(1681, '1106062002', '1106062', 'ARUL GADING', ''),
(1682, '1106062003', '1106062', 'TANOH DEPET', ''),
(1683, '1106062004', '1106062', 'KUYUN UKEN', ''),
(1684, '1106062005', '1106062', 'KUYUN TOA', ''),
(1685, '1106062006', '1106062', 'UNING BERAWANG RAMUNG', ''),
(1686, '1106062007', '1106062', 'CIBRO', ''),
(1687, '1106062008', '1106062', 'BERAWANG GADING', ''),
(1688, '1106062009', '1106062', 'MELALA', ''),
(1689, '1106062010', '1106062', 'BLANG KEKUMUR', ''),
(1690, '1106062011', '1106062', 'MAKMUR', ''),
(1691, '1106062012', '1106062', 'CELALA', ''),
(1692, '1106062013', '1106062', 'RAMUNG ARA', ''),
(1693, '1106062014', '1106062', 'SEPAKAT', ''),
(1694, '1106062015', '1106062', 'KUYUN', ''),
(1695, '1106062016', '1106062', 'BLANG DELEM', ''),
(1696, '1106062017', '1106062', 'DEPET INDAH', ''),
(1697, '1106063001', '1106063', 'MERANDEH PAYA', ''),
(1698, '1106063002', '1106063', 'TANJUNG', ''),
(1699, '1106063003', '1106063', 'RUSIP', ''),
(1700, '1106063004', '1106063', 'PAYA TAMPU', ''),
(1701, '1106063005', '1106063', 'KUALA RAWA', ''),
(1702, '1106063006', '1106063', 'PANTAN TENGAH', ''),
(1703, '1106063007', '1106063', 'PILAR', ''),
(1704, '1106063008', '1106063', 'ARUL PERTIK', ''),
(1705, '1106063009', '1106063', 'ATU SINGKIH', ''),
(1706, '1106063010', '1106063', 'PANTAN BENER', ''),
(1707, '1106063011', '1106063', 'KERAWANG', ''),
(1708, '1106063012', '1106063', 'PILAR JAYA', ''),
(1709, '1106063013', '1106063', 'TIRMI ARA', ''),
(1710, '1106063014', '1106063', 'MEKAR MAJU', ''),
(1711, '1106063015', '1106063', 'PILAR WIH KIRI', ''),
(1712, '1106063016', '1106063', 'LAUT JAYA', ''),
(1713, '1107050001', '1107050', 'SUWAK INDRAPURI', ''),
(1714, '1107050002', '1107050', 'PASAR ACEH', ''),
(1715, '1107050003', '1107050', 'PADANG SEURAHET', ''),
(1716, '1107050004', '1107050', 'PANGGONG', ''),
(1717, '1107050005', '1107050', 'KAMPUNG BELAKANG', ''),
(1718, '1107050006', '1107050', 'KAMPUNG PASIR', ''),
(1719, '1107050007', '1107050', 'UJUNG KALAK', ''),
(1720, '1107050008', '1107050', 'UJONG BAROH', ''),
(1721, '1107050009', '1107050', 'RUNDENG', ''),
(1722, '1107050010', '1107050', 'KUTA PADANG', ''),
(1723, '1107050011', '1107050', 'DRIEN RAMPAK', ''),
(1724, '1107050012', '1107050', 'KAMPUNG DARAT', ''),
(1725, '1107050013', '1107050', 'GAMPA', ''),
(1726, '1107050014', '1107050', 'SEUNEUBOK', ''),
(1727, '1107050015', '1107050', 'SUAK RIBEE', ''),
(1728, '1107050016', '1107050', 'SUAK RAYA', ''),
(1729, '1107050017', '1107050', 'SUAK NIE', ''),
(1730, '1107050018', '1107050', 'LAPANG', ''),
(1731, '1107050019', '1107050', 'LEUHAN', ''),
(1732, '1107050020', '1107050', 'BLANG BERANDANG', ''),
(1733, '1107050021', '1107050', 'SUAK SIGADENG', ''),
(1734, '1107060007', '1107060', 'SUAK SEUMASEH', ''),
(1735, '1107060008', '1107060', 'SUAK GEUDUBANG', ''),
(1736, '1107060009', '1107060', 'SUAK PANTE BREUH', ''),
(1737, '1107060010', '1107060', 'SUAK SEUKEE', ''),
(1738, '1107060011', '1107060', 'SUAK PANDAN', ''),
(1739, '1107060012', '1107060', 'LHOK BUBON', ''),
(1740, '1107060013', '1107060', 'GAMPONG COT', ''),
(1741, '1107060014', '1107060', 'GAMPONG TEUNGOH', ''),
(1742, '1107060015', '1107060', 'KUALA BUBON', ''),
(1743, '1107060016', '1107060', 'SUAK TIMAH', ''),
(1744, '1107060017', '1107060', 'COT DARAT', ''),
(1745, '1107060018', '1107060', 'PUCOK LUENG', ''),
(1746, '1107060019', '1107060', 'ALUE RAYA', ''),
(1747, '1107060020', '1107060', 'COT PLUH', ''),
(1748, '1107060021', '1107060', 'COT MESJID', ''),
(1749, '1107060022', '1107060', 'COT SEULAMAT', ''),
(1750, '1107060023', '1107060', 'COT SEUMEURENG', ''),
(1751, '1107060024', '1107060', 'PAYA LUMPAT', ''),
(1752, '1107060025', '1107060', 'UJONG NGA', ''),
(1753, '1107060026', '1107060', 'GAMPONG LADANG', ''),
(1754, '1107060027', '1107060', 'COT LAMPISE', ''),
(1755, '1107060028', '1107060', 'PINEM', ''),
(1756, '1107060029', '1107060', 'RANGKILEH', ''),
(1757, '1107060030', '1107060', 'COT AMUN', ''),
(1758, '1107060031', '1107060', 'REUSAK', ''),
(1759, '1107060032', '1107060', 'DEUAH', ''),
(1760, '1107060033', '1107060', 'MESJID BARO', ''),
(1761, '1107060034', '1107060', 'LEUKEUN', ''),
(1762, '1107060035', '1107060', 'LUBOK', ''),
(1763, '1107060036', '1107060', 'KRUENG TINGGAI', ''),
(1764, '1107060037', '1107060', 'PANGE', ''),
(1765, '1107060038', '1107060', 'KEUREUSENG', ''),
(1766, '1107061001', '1107061', 'RAMBONG', ''),
(1767, '1107061002', '1107061', 'BEURAWANG', ''),
(1768, '1107061003', '1107061', 'KUTA PADANG', ''),
(1769, '1107061004', '1107061', 'LAYUNG', ''),
(1770, '1107061005', '1107061', 'ALUE BAKONG', ''),
(1771, '1107061006', '1107061', 'ALUE LHOK', ''),
(1772, '1107061007', '1107061', 'GUNONG PANAH', ''),
(1773, '1107061008', '1107061', 'SEUMULENG', ''),
(1774, '1107061009', '1107061', 'KUALA PLING', ''),
(1775, '1107061010', '1107061', 'ULEE BLANG', ''),
(1776, '1107061011', '1107061', 'SEUNEUBOK TRAP', ''),
(1777, '1107061012', '1107061', 'LICEH', ''),
(1778, '1107061013', '1107061', 'COT KEUMUNENG', ''),
(1779, '1107061014', '1107061', 'SUAK PANGKAT', ''),
(1780, '1107061015', '1107061', 'PEULANTEU SP', ''),
(1781, '1107061016', '1107061', 'COT LADA', ''),
(1782, '1107061017', '1107061', 'BLANG SIBEUTONG', ''),
(1783, '1107062001', '1107062', 'PANTE MEUTIA', ''),
(1784, '1107062002', '1107062', 'SUAK BIDOK', ''),
(1785, '1107062003', '1107062', 'SUAK IE BEUSOU', ''),
(1786, '1107062004', '1107062', 'SUAK KEUMUDEE', ''),
(1787, '1107062005', '1107062', 'ARONGAN', ''),
(1788, '1107062006', '1107062', 'COT KUMBANG', ''),
(1789, '1107062007', '1107062', 'KEUB', ''),
(1790, '1107062008', '1107062', 'PEURIBU', ''),
(1791, '1107062009', '1107062', 'TEUPIN PEURAHO', ''),
(1792, '1107062010', '1107062', 'UJONG BEUSA', ''),
(1793, '1107062011', '1107062', 'KUBU', ''),
(1794, '1107062012', '1107062', 'SEUNEUBOK LUENG', ''),
(1795, '1107062013', '1107062', 'DRIEN RAMPAK', ''),
(1796, '1107062014', '1107062', 'COT BULOH', ''),
(1797, '1107062015', '1107062', 'SIMPANG PEUT', ''),
(1798, '1107062016', '1107062', 'RIMBA LANGGEH', ''),
(1799, '1107062017', '1107062', 'SEUNEUBOK TEUNGOH', ''),
(1800, '1107062018', '1107062', 'GUNONG PULO', ''),
(1801, '1107062019', '1107062', 'KARANG HAMPA', ''),
(1802, '1107062020', '1107062', 'PEULANTEU LB', ''),
(1803, '1107062021', '1107062', 'UJONG SIMPANG', ''),
(1804, '1107062022', '1107062', 'PANTON MAKMUR', ''),
(1805, '1107062023', '1107062', 'PANTON BAHAGIA', ''),
(1806, '1107062024', '1107062', 'COT JURUMUDI', ''),
(1807, '1107062025', '1107062', 'ALUE SUNDAK', ''),
(1808, '1107062026', '1107062', 'ALUE BAGOK', ''),
(1809, '1107062027', '1107062', 'ALUE BATEE', ''),
(1810, '1107070015', '1107070', 'IE ITAM BAROH', ''),
(1811, '1107070016', '1107070', 'IE ITAM TUNONG', ''),
(1812, '1107070017', '1107070', 'COT MURONG', ''),
(1813, '1107070018', '1107070', 'PADANG JAWA', ''),
(1814, '1107070023', '1107070', 'RANTO PANYANG', ''),
(1815, '1107070024', '1107070', 'GEMPA RAYA', ''),
(1816, '1107070025', '1107070', 'COT LAGAN CM', ''),
(1817, '1107070026', '1107070', 'ARON BAROH', ''),
(1818, '1107070027', '1107070', 'PASI PANDAN', ''),
(1819, '1107070033', '1107070', 'ARON TUNONG', ''),
(1820, '1107070034', '1107070', 'PASI ACEH', ''),
(1821, '1107070035', '1107070', 'LHUNG TGK YAH', ''),
(1822, '1107070036', '1107070', 'PAYA DUA', ''),
(1823, '1107070037', '1107070', 'SUAK TRING', ''),
(1824, '1107070038', '1107070', 'GLEE SIBLAH', ''),
(1825, '1107070039', '1107070', 'DARUL HUDA', ''),
(1826, '1107070040', '1107070', 'PAYA LUAH', ''),
(1827, '1107070041', '1107070', 'GUNONG RAMBONG', ''),
(1828, '1107070042', '1107070', 'LUENG BULOH', ''),
(1829, '1107070043', '1107070', 'LUENG TANOH THO', ''),
(1830, '1107070044', '1107070', 'LUENG JAWA', ''),
(1831, '1107070045', '1107070', 'TINGKEUM PANYANG', ''),
(1832, '1107070046', '1107070', 'KUALA BHEE', ''),
(1833, '1107070047', '1107070', 'PASI LUNAK', ''),
(1834, '1107070048', '1107070', 'BAKAT', ''),
(1835, '1107070049', '1107070', 'COT KEUMUDEE', ''),
(1836, '1107070050', '1107070', 'ALUE BLANG', ''),
(1837, '1107070051', '1107070', 'BLANG MEE', ''),
(1838, '1107070052', '1107070', 'KEULEUMBAH', ''),
(1839, '1107070053', '1107070', 'JAWA', ''),
(1840, '1107070054', '1107070', 'ALUE PANYANG', ''),
(1841, '1107070055', '1107070', 'PULO IE', ''),
(1842, '1107070056', '1107070', 'PASI ARA KB', ''),
(1843, '1107070057', '1107070', 'GUNUNG HAMPA', ''),
(1844, '1107070058', '1107070', 'ALUE SIKAYA', ''),
(1845, '1107070059', '1107070', 'DRIN MANGKO', ''),
(1846, '1107070060', '1107070', 'SEUMANTOK', ''),
(1847, '1107070062', '1107070', 'COT SITUAH', ''),
(1848, '1107070063', '1107070', 'PASI BIRAH', ''),
(1849, '1107070070', '1107070', 'PANTON', ''),
(1850, '1107070071', '1107070', 'ALUE SUNDAK', ''),
(1851, '1107070079', '1107070', 'TEUMAROM', ''),
(1852, '1107070080', '1107070', 'JAWI', ''),
(1853, '1107071001', '1107071', 'ALUE LEUHOB', ''),
(1854, '1107071002', '1107071', 'BLANG LUAH LM', ''),
(1855, '1107071003', '1107071', 'PASI MALE', ''),
(1856, '1107071004', '1107071', 'NAPAI', ''),
(1857, '1107071005', '1107071', 'BLANG COT MAMEH', ''),
(1858, '1107071006', '1107071', 'KULAM KAJU', ''),
(1859, '1107071007', '1107071', 'LHOK MALE', ''),
(1860, '1107071008', '1107071', 'COT RAMBONG', ''),
(1861, '1107071009', '1107071', 'LUBUK PASI ARA', ''),
(1862, '1107071010', '1107071', 'ULEE PASI ARA', ''),
(1863, '1107071011', '1107071', 'COT LAGAN LM', ''),
(1864, '1107071012', '1107071', 'LUENG BARO', ''),
(1865, '1107071013', '1107071', 'ALUE PERMAN', ''),
(1866, '1107071014', '1107071', 'BLANG COT RUBEK', ''),
(1867, '1107071015', '1107071', 'PEULUEKUNG', ''),
(1868, '1107071016', '1107071', 'PASI JEUT', ''),
(1869, '1107071017', '1107071', 'MON PASONG', ''),
(1870, '1107071018', '1107071', 'PASI MALI', ''),
(1871, '1107071019', '1107071', 'KARAK', ''),
(1872, '1107071020', '1107071', 'ALUE KEUMUNENG', ''),
(1873, '1107071021', '1107071', 'IE SAYANG', ''),
(1874, '1107071022', '1107071', 'ULEE PULO', ''),
(1875, '1107071023', '1107071', 'PASI PANYANG', ''),
(1876, '1107071024', '1107071', 'SIMPANG TEUMAROM', ''),
(1877, '1107072001', '1107072', 'COT PUNTI', ''),
(1878, '1107072002', '1107072', 'PASI JANENG', ''),
(1879, '1107072003', '1107072', 'TANGKEH', ''),
(1880, '1107072004', '1107072', 'PAYA MEUGEUNDRANG', ''),
(1881, '1107072005', '1107072', 'GUNONG PANYANG', ''),
(1882, '1107072006', '1107072', 'SEUNEUBOK DALAM', ''),
(1883, '1107072007', '1107072', 'BLANG LUAH KB', ''),
(1884, '1107072008', '1107072', 'RAMBONG PINTO', ''),
(1885, '1107072009', '1107072', 'ALUE SEURALEN', ''),
(1886, '1107072010', '1107072', 'ALUE EMPEUK', ''),
(1887, '1107072011', '1107072', 'RAMBONG', ''),
(1888, '1107072012', '1107072', 'GAMPONG BARO WT', ''),
(1889, '1107072013', '1107072', 'PASI ARA WT', ''),
(1890, '1107072014', '1107072', 'KEUBEU CAPANG', ''),
(1891, '1107072015', '1107072', 'PAYA BARO', ''),
(1892, '1107072016', '1107072', 'ALUE BILIE', ''),
(1893, '1107072017', '1107072', 'TUWI EMPEUK', ''),
(1894, '1107072018', '1107072', 'ALUE MEUGANDA', ''),
(1895, '1107072019', '1107072', 'GAMPONG BARO KB', ''),
(1896, '1107072020', '1107072', 'LUBOK PANYANG', ''),
(1897, '1107072021', '1107072', 'SEURADEUK', ''),
(1898, '1107072022', '1107072', 'BLANG MAKMUR', ''),
(1899, '1107072023', '1107072', 'BUKIT MEGAJAH', ''),
(1900, '1107072024', '1107072', 'BLANG DALAM', ''),
(1901, '1107072025', '1107072', 'TEUMIKET RANOM', ''),
(1902, '1107072026', '1107072', 'ALUE KUYUEN', ''),
(1903, '1107080023', '1107080', 'MAREK', ''),
(1904, '1107080025', '1107080', 'PASI TEUNGOH', ''),
(1905, '1107080026', '1107080', 'PASI JAMBU', ''),
(1906, '1107080027', '1107080', 'ALUE TAMPAK', ''),
(1907, '1107080028', '1107080', 'TUMPOK LADANG', ''),
(1908, '1107080032', '1107080', 'MEUNASAH ARA', ''),
(1909, '1107080033', '1107080', 'MEUNASAH RAYEUK', ''),
(1910, '1107080034', '1107080', 'MEUNASAH BULOH', ''),
(1911, '1107080035', '1107080', 'PADANG MANCANG', ''),
(1912, '1107080036', '1107080', 'MESJID', ''),
(1913, '1107080037', '1107080', 'KEUDE ARON', ''),
(1914, '1107080038', '1107080', 'PEUNIA', ''),
(1915, '1107080039', '1107080', 'SIMPANG', ''),
(1916, '1107080040', '1107080', 'BEUREUGANG', ''),
(1917, '1107080041', '1107080', 'BATU JAYA', ''),
(1918, '1107080042', '1107080', 'BLANG GEUNANG', ''),
(1919, '1107080043', '1107080', 'MUKO', ''),
(1920, '1107080044', '1107080', 'TANJONG BUNGA', ''),
(1921, '1107080045', '1107080', 'PUTIM', ''),
(1922, '1107080046', '1107080', 'MEUNASAH RAMBOT', ''),
(1923, '1107080047', '1107080', 'ALUE ON', ''),
(1924, '1107080048', '1107080', 'PASI JEUMPA', ''),
(1925, '1107080049', '1107080', 'PALIMBUNGAN', ''),
(1926, '1107080050', '1107080', 'PASI MEUGAT', ''),
(1927, '1107080051', '1107080', 'PUUK', ''),
(1928, '1107080052', '1107080', 'MEUNASAH GANTUNG', ''),
(1929, '1107080053', '1107080', 'PUNGKIE', ''),
(1930, '1107080054', '1107080', 'BABAH MEULABOH', ''),
(1931, '1107080055', '1107080', 'MENUANG TANJONG', ''),
(1932, '1107080056', '1107080', 'TANJONG MEULABOH', ''),
(1933, '1107080057', '1107080', 'BLANG DALAM', ''),
(1934, '1107080058', '1107080', 'ALUE PEUDEUNG', ''),
(1935, '1107080059', '1107080', 'PASI ARA', ''),
(1936, '1107080060', '1107080', 'KEUDE TANJONG', ''),
(1937, '1107080061', '1107080', 'PUCOK PUNGKIE', ''),
(1938, '1107080062', '1107080', 'PASI KUMBANG', ''),
(1939, '1107080063', '1107080', 'TEUPIN PANAH', ''),
(1940, '1107080064', '1107080', 'DRIEN CALEE', ''),
(1941, '1107080065', '1107080', 'ALUE LHEE', ''),
(1942, '1107080067', '1107080', 'TEULADAN', ''),
(1943, '1107080068', '1107080', 'SAWANG TEUBEE', ''),
(1944, '1107080069', '1107080', 'ALUE LHOK', ''),
(1945, '1107080070', '1107080', 'PADANG SIKABU', ''),
(1946, '1107080071', '1107080', 'KEURAMAT', ''),
(1947, '1107081001', '1107081', 'PEUNAGA CUT UJONG', ''),
(1948, '1107081002', '1107081', 'GUNONG KLENG', ''),
(1949, '1107081003', '1107081', 'PEUNAGA PASI', ''),
(1950, '1107081004', '1107081', 'PEUNAGA RAYEUK', ''),
(1951, '1107081005', '1107081', 'PAYA PEUNAGA', ''),
(1952, '1107081006', '1107081', 'LANGUNG', ''),
(1953, '1107081007', '1107081', 'MEUREUBO', ''),
(1954, '1107081008', '1107081', 'UJONG DRIEN', ''),
(1955, '1107081009', '1107081', 'PASI PINANG', ''),
(1956, '1107081010', '1107081', 'UJONG TANJONG', ''),
(1957, '1107081011', '1107081', 'BUKIT JAYA', ''),
(1958, '1107081012', '1107081', 'BULOH', ''),
(1959, '1107081013', '1107081', 'RANTO PANYANG TIMUR', ''),
(1960, '1107081014', '1107081', 'RANTO PANYANG BARAT', ''),
(1961, '1107081015', '1107081', 'MESJID TUHA', ''),
(1962, '1107081016', '1107081', 'UJONG TANOH DARAT', ''),
(1963, '1107081017', '1107081', 'RANUB DONG', ''),
(1964, '1107081018', '1107081', 'PASI MESJID', ''),
(1965, '1107081019', '1107081', 'PULO TEUNGOH RANTO', ''),
(1966, '1107081020', '1107081', 'BALEE', ''),
(1967, '1107081021', '1107081', 'SUMBER BATU', ''),
(1968, '1107081022', '1107081', 'PASI ACEH BAROH', ''),
(1969, '1107081023', '1107081', 'PASI ACEH TUNONG', ''),
(1970, '1107081024', '1107081', 'REUDEUP', ''),
(1971, '1107081025', '1107081', 'PUCOK REUDEUP', ''),
(1972, '1107081026', '1107081', 'PAYA BARO RANTO PANJANG', ''),
(1973, '1107082001', '1107082', 'TEGAL SARI', ''),
(1974, '1107082002', '1107082', 'KRUENG BEUKAH', ''),
(1975, '1107082003', '1107082', 'BERDIKARI', ''),
(1976, '1107082004', '1107082', 'SUWAK AWE', ''),
(1977, '1107082005', '1107082', 'GUNONG TAROK', ''),
(1978, '1107082006', '1107082', 'BABAH KRUENG TEKLEP', ''),
(1979, '1107082007', '1107082', 'LHOK SARI', ''),
(1980, '1107082008', '1107082', 'LHOK GUCI', ''),
(1981, '1107082009', '1107082', 'KEUDE SUWAK AWE', ''),
(1982, '1107082010', '1107082', 'SAWANG RAMBOT', ''),
(1983, '1107082011', '1107082', 'MENUANG KINCO', ''),
(1984, '1107082012', '1107082', 'SEUMARA', ''),
(1985, '1107082013', '1107082', 'SEUMANTOK', ''),
(1986, '1107082014', '1107082', 'MANJENG', ''),
(1987, '1107082015', '1107082', 'PANTE CEUREUMEN', ''),
(1988, '1107082016', '1107082', 'PULO TEUNGOH MANYENG', ''),
(1989, '1107082017', '1107082', 'KEUTAMBANG', ''),
(1990, '1107082018', '1107082', 'CANGGAI', ''),
(1991, '1107082019', '1107082', 'LAWET', ''),
(1992, '1107082020', '1107082', 'LANGO', ''),
(1993, '1107082021', '1107082', 'BABAH LUENG', ''),
(1994, '1107082022', '1107082', 'BABAH ISEUNG', ''),
(1995, '1107082023', '1107082', 'ALUE KEUMANG', ''),
(1996, '1107082024', '1107082', 'JAMBAK', ''),
(1997, '1107082025', '1107082', 'SIKUNDO', ''),
(1998, '1107083001', '1107083', 'PAYA BARO MEUKO', ''),
(1999, '1107083002', '1107083', 'GUNUNG MATA IE', ''),
(2000, '1107083003', '1107083', 'BABAH KRUENG MANGGIE', ''),
(2001, '1107083004', '1107083', 'BLANG BALEE', ''),
(2002, '1107083005', '1107083', 'LEK LEK', ''),
(2003, '1107083006', '1107083', 'GAMPONG BARO', ''),
(2004, '1107083007', '1107083', 'MEUTULANG', '');
INSERT INTO `Village` (`idVillage`, `VillageCode`, `DistrictCode`, `VillageNameID`, `VillageNameEN`) VALUES
(2005, '1107083008', '1107083', 'MANGGIE', ''),
(2006, '1107083009', '1107083', 'TAMPING', ''),
(2007, '1107083010', '1107083', 'COT MANGGIE', ''),
(2008, '1107083011', '1107083', 'KUALA MANYE', ''),
(2009, '1107083012', '1107083', 'TUWI BUYA', ''),
(2010, '1107083013', '1107083', 'UJONG RAJA', ''),
(2011, '1107083014', '1107083', 'MUGO CUT', ''),
(2012, '1107083015', '1107083', 'MUGO RAYEUK', ''),
(2013, '1107083016', '1107083', 'BARO PAYA', ''),
(2014, '1107083017', '1107083', 'SIBINTANG', ''),
(2015, '1107083018', '1107083', 'BLANG TEUNGOH', ''),
(2016, '1107083019', '1107083', 'ANTONG', ''),
(2017, '1107090001', '1107090', 'TUWI SAYA', ''),
(2018, '1107090002', '1107090', 'LUENG BARO', ''),
(2019, '1107090003', '1107090', 'SIPOT', ''),
(2020, '1107090004', '1107090', 'GASEU', ''),
(2021, '1107090005', '1107090', 'LEUBOK BEUTONG', ''),
(2022, '1107090006', '1107090', 'PUNGKIE', ''),
(2023, '1107090007', '1107090', 'GUNONG BULOH', ''),
(2024, '1107090008', '1107090', 'RAMITIE', ''),
(2025, '1107090009', '1107090', 'GLEUNG', ''),
(2026, '1107090010', '1107090', 'TANOH MIRAH', ''),
(2027, '1107090011', '1107090', 'DRIEN SIBAK', ''),
(2028, '1107090012', '1107090', 'SAKUY', ''),
(2029, '1107090013', '1107090', 'KAJEUNG', ''),
(2030, '1107090014', '1107090', 'GEUDONG', ''),
(2031, '1107090015', '1107090', 'TUNGKOP', ''),
(2032, '1107090016', '1107090', 'SARAH PERLAK', ''),
(2033, '1107090017', '1107090', 'LANCONG', ''),
(2034, '1107090018', '1107090', 'TUTUT', ''),
(2035, '1108010001', '1108010', 'MEUNASAH LHOK', ''),
(2036, '1108010002', '1108010', 'PUDENG', ''),
(2037, '1108010003', '1108010', 'PASI', ''),
(2038, '1108010004', '1108010', 'GLEE BRUEK', ''),
(2039, '1108010005', '1108010', 'MEUNASAH COT', ''),
(2040, '1108010006', '1108010', 'CUNDIEN', ''),
(2041, '1108010007', '1108010', 'GAPUY', ''),
(2042, '1108010008', '1108010', 'MON MATA', ''),
(2043, '1108010009', '1108010', 'KEUTAPANG', ''),
(2044, '1108010010', '1108010', 'LAMSUJEN', ''),
(2045, '1108010011', '1108010', 'LAMJUHANG', ''),
(2046, '1108010012', '1108010', 'UTAMONG', ''),
(2047, '1108010013', '1108010', 'SANEY', ''),
(2048, '1108010014', '1108010', 'LAMGEURIHEU', ''),
(2049, '1108010015', '1108010', 'UMONG SEURIBEE', ''),
(2050, '1108010016', '1108010', 'LAMKUTA BLANG MEE', ''),
(2051, '1108010017', '1108010', 'TEUNGOH BLANG MEE', ''),
(2052, '1108010018', '1108010', 'TEUNGOH GEUNTEUT', ''),
(2053, '1108010019', '1108010', 'BAROH GEUNTEUT', ''),
(2054, '1108010020', '1108010', 'BAROH BLANG MEE', ''),
(2055, '1108010021', '1108010', 'JANTANG', ''),
(2056, '1108010022', '1108010', 'MEUNASAH KRUENG KALA', ''),
(2057, '1108010023', '1108010', 'KAREUNG', ''),
(2058, '1108010024', '1108010', 'BIREK', ''),
(2059, '1108010025', '1108010', 'SEUNGKO MULAT', ''),
(2060, '1108010026', '1108010', 'BAROH KRUENG KALA', ''),
(2061, '1108010027', '1108010', 'TUNONG KRUENG KALA', ''),
(2062, '1108010028', '1108010', 'PAROY', ''),
(2063, '1108020007', '1108020', 'MON IKEUN', ''),
(2064, '1108020008', '1108020', 'NAGA UMBANG', ''),
(2065, '1108020009', '1108020', 'LAMBARO KUEH', ''),
(2066, '1108020010', '1108020', 'LAM ATEUK', ''),
(2067, '1108020011', '1108020', 'ANEUK PAYA', ''),
(2068, '1108020012', '1108020', 'LAMPAYA', ''),
(2069, '1108020013', '1108020', 'LAMKRUET', ''),
(2070, '1108020014', '1108020', 'WEURAYA', ''),
(2071, '1108020015', '1108020', 'MEUNASAH LAMBARO', ''),
(2072, '1108020016', '1108020', 'MON CUT', ''),
(2073, '1108020017', '1108020', 'MEUNASAH MANYANG', ''),
(2074, '1108020018', '1108020', 'MEUNASAH KARIENG', ''),
(2075, '1108020019', '1108020', 'LAMGABOH', ''),
(2076, '1108020020', '1108020', 'TANJONG', ''),
(2077, '1108020021', '1108020', 'KUEH', ''),
(2078, '1108020022', '1108020', 'NUSA', ''),
(2079, '1108020023', '1108020', 'SEUBUN KEUTAPANG', ''),
(2080, '1108020024', '1108020', 'SEUBUN AYON', ''),
(2081, '1108020025', '1108020', 'LAMBARO SEUBUN', ''),
(2082, '1108020026', '1108020', 'MEUNASAH MESJID LAMLHOM', ''),
(2083, '1108020027', '1108020', 'MEUNASAH BARO', ''),
(2084, '1108020028', '1108020', 'MEUNASAH MESJID LAMPUUK', ''),
(2085, '1108020029', '1108020', 'MEUNASAH BALEE', ''),
(2086, '1108020030', '1108020', 'LAMGIREK', ''),
(2087, '1108020031', '1108020', 'MEUNASAH BEUTONG', ''),
(2088, '1108020032', '1108020', 'LAMCOK', ''),
(2089, '1108020033', '1108020', 'MEUNASAH BLANG', ''),
(2090, '1108020034', '1108020', 'MEUNASAH CUT', ''),
(2091, '1108021001', '1108021', 'LAYEUN', ''),
(2092, '1108021002', '1108021', 'PULOT', ''),
(2093, '1108021003', '1108021', 'LAMSEUNIA', ''),
(2094, '1108021004', '1108021', 'MEUNASAH MESJID', ''),
(2095, '1108021005', '1108021', 'MEUNASAH BAK U', ''),
(2096, '1108021006', '1108021', 'DAYAH MAMPLAM', ''),
(2097, '1108030001', '1108030', 'ANEUK GLEE', ''),
(2098, '1108030002', '1108030', 'LAM ILIE GANTO', ''),
(2099, '1108030003', '1108030', 'LAM ILIE TEUNGOH', ''),
(2100, '1108030004', '1108030', 'REUKIH DAYAH', ''),
(2101, '1108030005', '1108030', 'KRUENG LAMKAREUNG', ''),
(2102, '1108030006', '1108030', 'RITING', ''),
(2103, '1108030028', '1108030', 'LAMPANAH TUNONG', ''),
(2104, '1108030029', '1108030', 'LAMPANAH BARO', ''),
(2105, '1108030030', '1108030', 'LAMPANAH TEUNGOH', ''),
(2106, '1108030031', '1108030', 'LAMPANAH DAYAH', ''),
(2107, '1108030032', '1108030', 'LAMPANAH RANJO', ''),
(2108, '1108030033', '1108030', 'SEUOT TUNONG', ''),
(2109, '1108030034', '1108030', 'SIHOM COT', ''),
(2110, '1108030035', '1108030', 'SIHOM LHOK', ''),
(2111, '1108030036', '1108030', 'SINYEU', ''),
(2112, '1108030037', '1108030', 'SEUOT BAROH', ''),
(2113, '1108030038', '1108030', 'PASAR INDRAPURI', ''),
(2114, '1108030039', '1108030', 'INDRA PURI', ''),
(2115, '1108030040', '1108030', 'REUKIH KEUPULA', ''),
(2116, '1108030041', '1108030', 'LAMLEUBOK', ''),
(2117, '1108030042', '1108030', 'LAM ILIE MESJID', ''),
(2118, '1108030043', '1108030', 'EMPE ARA', ''),
(2119, '1108030044', '1108030', 'ULEE KAREUNG', ''),
(2120, '1108030045', '1108030', 'SEUREMO', ''),
(2121, '1108030046', '1108030', 'MEUNARA', ''),
(2122, '1108030047', '1108030', 'LINGOM', ''),
(2123, '1108030048', '1108030', 'LAMBUNOT', ''),
(2124, '1108030049', '1108030', 'LAMSIOT', ''),
(2125, '1108030050', '1108030', 'ULEE UE', ''),
(2126, '1108030051', '1108030', 'JRUEK BAK KREH', ''),
(2127, '1108030052', '1108030', 'JRUEK BALEE', ''),
(2128, '1108030053', '1108030', 'GROT MANYANG', ''),
(2129, '1108030054', '1108030', 'GROT BARO', ''),
(2130, '1108030055', '1108030', 'MON ALUE', ''),
(2131, '1108030056', '1108030', 'GROT BLANG', ''),
(2132, '1108030057', '1108030', 'SEULANGAI', ''),
(2133, '1108030058', '1108030', 'LAMPUPOK BARO', ''),
(2134, '1108030059', '1108030', 'LAMPUPOK RAYA', ''),
(2135, '1108030060', '1108030', 'LAMBEUTONG', ''),
(2136, '1108030061', '1108030', 'LIMO LAMLUWEUNG', ''),
(2137, '1108030062', '1108030', 'LIMO MESJID', ''),
(2138, '1108030063', '1108030', 'LIMO BLANG', ''),
(2139, '1108030064', '1108030', 'COT KAREUNG', ''),
(2140, '1108030065', '1108030', 'CUREH', ''),
(2141, '1108030066', '1108030', 'LHEUE', ''),
(2142, '1108030067', '1108030', 'MESALEE', ''),
(2143, '1108030068', '1108030', 'LAMLUNG', ''),
(2144, '1108030069', '1108030', 'MUREU ULE TITIE', ''),
(2145, '1108030070', '1108030', 'MUREU BUNG U', ''),
(2146, '1108030071', '1108030', 'MUREU BARO', ''),
(2147, '1108030072', '1108030', 'MUREU LAMGLUMPANG', ''),
(2148, '1108030073', '1108030', 'MANGGRA', ''),
(2149, '1108031001', '1108031', 'BAK SUKON', ''),
(2150, '1108031002', '1108031', 'SIRON KRUENG', ''),
(2151, '1108031003', '1108031', 'SIRON BLANG', ''),
(2152, '1108031004', '1108031', 'BUENG SIMEK', ''),
(2153, '1108031005', '1108031', 'BITHAK', ''),
(2154, '1108031006', '1108031', 'TUTUI', ''),
(2155, '1108031007', '1108031', 'PAKUK', ''),
(2156, '1108031008', '1108031', 'PASAR LAMPAKU', ''),
(2157, '1108031009', '1108031', 'SIGAPANG', ''),
(2158, '1108031010', '1108031', 'KEUREUWEUNG KRUENG', ''),
(2159, '1108031011', '1108031', 'KEUREUWEUNG BLANG', ''),
(2160, '1108031012', '1108031', 'GLEE JAI', ''),
(2161, '1108031013', '1108031', 'LAMPAKUK', ''),
(2162, '1108031014', '1108031', 'BANDA SAFA', ''),
(2163, '1108031015', '1108031', 'LAMTUI', ''),
(2164, '1108031016', '1108031', 'LAMBEUGAK', ''),
(2165, '1108031017', '1108031', 'LAMLEUPUNG', ''),
(2166, '1108031018', '1108031', 'COT BAYU', ''),
(2167, '1108031019', '1108031', 'KEUMIREU', ''),
(2168, '1108031020', '1108031', 'LAMLEUOT', ''),
(2169, '1108031021', '1108031', 'LEUPUNG BALEU', ''),
(2170, '1108031022', '1108031', 'IE ALANG LAMKEUREUMEUH', ''),
(2171, '1108031023', '1108031', 'IE ALANG MESJID', ''),
(2172, '1108031024', '1108031', 'IE ALANG DAYAH', ''),
(2173, '1108031025', '1108031', 'IE ALANG LAMGHUI', ''),
(2174, '1108031026', '1108031', 'MAHENG', ''),
(2175, '1108031027', '1108031', 'LEUPUNG BRUEK', ''),
(2176, '1108031028', '1108031', 'LAM ALING', ''),
(2177, '1108031029', '1108031', 'LAMSIE', ''),
(2178, '1108031030', '1108031', 'LAMPOH RAJA', ''),
(2179, '1108031031', '1108031', 'BARIH LHOK', ''),
(2180, '1108031032', '1108031', 'LAMKLENG', ''),
(2181, '1108040016', '1108040', 'ALUE GINTONG', ''),
(2182, '1108040017', '1108040', 'LHIEB', ''),
(2183, '1108040019', '1108040', 'DATA GASEU', ''),
(2184, '1108040020', '1108040', 'KEUNALOI', ''),
(2185, '1108040021', '1108040', 'JAWIE', ''),
(2186, '1108040022', '1108040', 'BUGA', ''),
(2187, '1108040023', '1108040', 'PASAR SEULIMEUM', ''),
(2188, '1108040024', '1108040', 'RABO', ''),
(2189, '1108040025', '1108040', 'LAMPISANG TUNONG', ''),
(2190, '1108040026', '1108040', 'LAMPISANG TEUNGOH', ''),
(2191, '1108040027', '1108040', 'LAMPISANG DAYAH', ''),
(2192, '1108040028', '1108040', 'CAPEUNG BAROH', ''),
(2193, '1108040029', '1108040', 'CAPEUNG DAYAH', ''),
(2194, '1108040030', '1108040', 'BAK AGHU', ''),
(2195, '1108040031', '1108040', 'MEUNASAH JEUMPA', ''),
(2196, '1108040032', '1108040', 'PINTO KHOP', ''),
(2197, '1108040033', '1108040', 'KAYEE ADANG', ''),
(2198, '1108040034', '1108040', 'SEUNEUBOK', ''),
(2199, '1108040035', '1108040', 'SEULIMEUM', ''),
(2200, '1108040036', '1108040', 'GAMPONG RAYA', ''),
(2201, '1108040037', '1108040', 'LAMJRUEN', ''),
(2202, '1108040038', '1108040', 'IBOH TANJONG', ''),
(2203, '1108040039', '1108040', 'IBOH TUNONG', ''),
(2204, '1108040040', '1108040', 'ALUE RINDANG', ''),
(2205, '1108040041', '1108040', 'MEUNASAH BARO', ''),
(2206, '1108040047', '1108040', 'AYON', ''),
(2207, '1108040048', '1108040', 'BAYU', ''),
(2208, '1108040049', '1108040', 'BATEE LHEE', ''),
(2209, '1108040050', '1108040', 'MEUNASAH TUNONG', ''),
(2210, '1108040051', '1108040', 'MANGEU', ''),
(2211, '1108040052', '1108040', 'BAK SEUTUI', ''),
(2212, '1108040053', '1108040', 'UJONG MESJID TANOH ABEE', ''),
(2213, '1108040054', '1108040', 'LAMKUK', ''),
(2214, '1108040055', '1108040', 'LAMCARAK', ''),
(2215, '1108040056', '1108040', 'LAMPANTEE', ''),
(2216, '1108040057', '1108040', 'LAMTEUBA DROE', ''),
(2217, '1108040058', '1108040', 'PULO', ''),
(2218, '1108040059', '1108040', 'MEURAH', ''),
(2219, '1108040060', '1108040', 'LAMBADA', ''),
(2220, '1108040061', '1108040', 'BLANG TINGKEUM', ''),
(2221, '1108040062', '1108040', 'LAM APENG', ''),
(2222, '1108040063', '1108040', 'ATEUK', ''),
(2223, '1108040064', '1108040', 'BEUREUNUT', ''),
(2224, '1108040065', '1108040', 'UJONG KEUPULA', ''),
(2225, '1108040066', '1108040', 'LAMPANAH', ''),
(2226, '1108040067', '1108040', 'UJONG MESJID LAMPANAH', ''),
(2227, '1108040068', '1108040', 'LEUNGAH', ''),
(2228, '1108041001', '1108041', 'JANTHO BARU', ''),
(2229, '1108041002', '1108041', 'WEU', ''),
(2230, '1108041003', '1108041', 'AWEEK', ''),
(2231, '1108041004', '1108041', 'BUENG', ''),
(2232, '1108041005', '1108041', 'JALIN', ''),
(2233, '1108041006', '1108041', 'SUKA TANI', ''),
(2234, '1108041007', '1108041', 'DATA CUT', ''),
(2235, '1108041008', '1108041', 'JANTHO', ''),
(2236, '1108041009', '1108041', 'BARUEH', ''),
(2237, '1108041010', '1108041', 'JANTHO MAKMUR', ''),
(2238, '1108041011', '1108041', 'BUKIT MEUSARA', ''),
(2239, '1108041012', '1108041', 'TEUREUBEH', ''),
(2240, '1108041013', '1108041', 'CUCUM', ''),
(2241, '1108042001', '1108042', 'PANCA', ''),
(2242, '1108042002', '1108042', 'PANCA KUBU', ''),
(2243, '1108042003', '1108042', 'LAM KUBU', ''),
(2244, '1108042004', '1108042', 'LON ASAN', ''),
(2245, '1108042005', '1108042', 'LON BAROH', ''),
(2246, '1108042006', '1108042', 'PAYA KEUREULEH', ''),
(2247, '1108042007', '1108042', 'LAMBARO TUNONG', ''),
(2248, '1108042008', '1108042', 'TEULADAN', ''),
(2249, '1108042009', '1108042', 'LAMTAMOT', ''),
(2250, '1108042010', '1108042', 'SUKA DAMAI', ''),
(2251, '1108042011', '1108042', 'SUKA MULIA', ''),
(2252, '1108042012', '1108042', 'SAREE ACEH', ''),
(2253, '1108050001', '1108050', 'LAMNGA', ''),
(2254, '1108050002', '1108050', 'BARO', ''),
(2255, '1108050003', '1108050', 'NEUHEUN', ''),
(2256, '1108050004', '1108050', 'DURUNG', ''),
(2257, '1108050005', '1108050', 'LADONG', ''),
(2258, '1108050006', '1108050', 'RUYUNG', ''),
(2259, '1108050007', '1108050', 'PAYA KAMENG', ''),
(2260, '1108050008', '1108050', 'BEURANDEH', ''),
(2261, '1108050009', '1108050', 'MEUNASAH KULAM', ''),
(2262, '1108050010', '1108050', 'MEUNASAH KEUDEE', ''),
(2263, '1108050011', '1108050', 'MEUNASAH MON', ''),
(2264, '1108050012', '1108050', 'IE SEUM', ''),
(2265, '1108050013', '1108050', 'LAMREH', ''),
(2266, '1108060001', '1108060', 'LAMPUJA', ''),
(2267, '1108060002', '1108060', 'LAM UJONG', ''),
(2268, '1108060003', '1108060', 'LAM GAWEE', ''),
(2269, '1108060004', '1108060', 'LAM ASAN', ''),
(2270, '1108060005', '1108060', 'LAM REH', ''),
(2271, '1108060006', '1108060', 'SIEM', ''),
(2272, '1108060007', '1108060', 'KRUENG KALEE', ''),
(2273, '1108060008', '1108060', 'LAMBARO SUKON', ''),
(2274, '1108060009', '1108060', 'LAMBIHEU LAMBARO ANGAN', ''),
(2275, '1108060010', '1108060', 'LAMBIHEU SIEM', ''),
(2276, '1108060011', '1108060', 'LAM KLAT', ''),
(2277, '1108060012', '1108060', 'LAMKEUNEUNG', ''),
(2278, '1108060013', '1108060', 'LAMPUUK', ''),
(2279, '1108060014', '1108060', 'LAMTIMPEUNG', ''),
(2280, '1108060015', '1108060', 'LIMPOK', ''),
(2281, '1108060016', '1108060', 'BARABUNG', ''),
(2282, '1108060017', '1108060', 'TUNGKOB', ''),
(2283, '1108060018', '1108060', 'LAM DURO', ''),
(2284, '1108060019', '1108060', 'LAMBITRA', ''),
(2285, '1108060020', '1108060', 'LIEUE', ''),
(2286, '1108060021', '1108060', 'LAMBADA PEUKAN', ''),
(2287, '1108060022', '1108060', 'BLANG', ''),
(2288, '1108060023', '1108060', 'COT', ''),
(2289, '1108060024', '1108060', 'ANGAN', ''),
(2290, '1108060026', '1108060', 'MIRUEK TAMAN', ''),
(2291, '1108060027', '1108060', 'LAMPEUDAYA', ''),
(2292, '1108060028', '1108060', 'SULEUE', ''),
(2293, '1108060029', '1108060', 'TANJONG DEAH', ''),
(2294, '1108060030', '1108060', 'TANJUNG SELAMAT', ''),
(2295, '1108061001', '1108061', 'BLANG KRUENG', ''),
(2296, '1108061002', '1108061', 'BAET', ''),
(2297, '1108061003', '1108061', 'CADEK', ''),
(2298, '1108061004', '1108061', 'KAJHU', ''),
(2299, '1108061005', '1108061', 'COT PAYA', ''),
(2300, '1108061006', '1108061', 'LAMBADA LHOK', ''),
(2301, '1108061007', '1108061', 'KLIENG COT ARON', ''),
(2302, '1108061008', '1108061', 'MIRUEK LAMREUDEUP', ''),
(2303, '1108061009', '1108061', 'KLIENG MEURIA', ''),
(2304, '1108061010', '1108061', 'LAMPINEUNG', ''),
(2305, '1108061011', '1108061', 'LAM ASAN', ''),
(2306, '1108061012', '1108061', 'LABUY', ''),
(2307, '1108061013', '1108061', 'LAM UJONG', ''),
(2308, '1108070005', '1108070', 'GUE', ''),
(2309, '1108070009', '1108070', 'BABAH JURONG', ''),
(2310, '1108070010', '1108070', 'LAMBRO DEYAH', ''),
(2311, '1108070011', '1108070', 'LAM BAED', ''),
(2312, '1108070012', '1108070', 'KRUENG ANOI', ''),
(2313, '1108070013', '1108070', 'COT MASAM', ''),
(2314, '1108070014', '1108070', 'COT MANCANG', ''),
(2315, '1108070015', '1108070', 'BUENG BAKJOK', ''),
(2316, '1108070016', '1108070', 'COT BEUT', ''),
(2317, '1108070017', '1108070', 'UJONG BLANG', ''),
(2318, '1108070018', '1108070', 'SEUPEU', ''),
(2319, '1108070019', '1108070', 'LAM NEUHEUN', ''),
(2320, '1108070020', '1108070', 'LAM PUUK', ''),
(2321, '1108070021', '1108070', 'LAMBRO BILEU', ''),
(2322, '1108070022', '1108070', 'LAMPOH KEUDE', ''),
(2323, '1108070023', '1108070', 'COT PEUTANO', ''),
(2324, '1108070024', '1108070', 'COT CUT', ''),
(2325, '1108070025', '1108070', 'LAM GLUMPANG', ''),
(2326, '1108070026', '1108070', 'MEUNASAH BAK TRIENG', ''),
(2327, '1108070027', '1108070', 'LAM ASAN', ''),
(2328, '1108070028', '1108070', 'LAMCEU', ''),
(2329, '1108070029', '1108070', 'COT PREH', ''),
(2330, '1108070030', '1108070', 'PUUK', ''),
(2331, '1108070031', '1108070', 'LAM SEUNONG', ''),
(2332, '1108070032', '1108070', 'LAM TRIENG', ''),
(2333, '1108070033', '1108070', 'BEURANGONG', ''),
(2334, '1108070034', '1108070', 'RABEU', ''),
(2335, '1108070035', '1108070', 'DEYAH', ''),
(2336, '1108070036', '1108070', 'CUCUM', ''),
(2337, '1108070037', '1108070', 'COT YANG', ''),
(2338, '1108070038', '1108070', 'COT RAYA', ''),
(2339, '1108070039', '1108070', 'LAMPOH TAROM', ''),
(2340, '1108070040', '1108070', 'ARON', ''),
(2341, '1108070041', '1108070', 'LAM ROH', ''),
(2342, '1108070042', '1108070', 'BAK BULOH', ''),
(2343, '1108070043', '1108070', 'LAM RAYA', ''),
(2344, '1108070044', '1108070', 'TUMPOK LAMPOH', ''),
(2345, '1108070045', '1108070', 'LAMBUNOT TANOH', ''),
(2346, '1108070046', '1108070', 'LAMBUNOT PAYA', ''),
(2347, '1108070047', '1108070', 'LAMTEUBE MON ARA', ''),
(2348, '1108070048', '1108070', 'LAMTEUBEE GEUPULA', ''),
(2349, '1108070049', '1108070', 'LAM ALU CUT', ''),
(2350, '1108070050', '1108070', 'LAM SABANG', ''),
(2351, '1108070051', '1108070', 'LAM ALU RAYA', ''),
(2352, '1108070052', '1108070', 'LEUPUNG ULEE ALUE', ''),
(2353, '1108070053', '1108070', 'LEUPUNG MESJID', ''),
(2354, '1108070054', '1108070', 'COT LAMME', ''),
(2355, '1108080001', '1108080', 'WEU BADA', ''),
(2356, '1108080002', '1108080', 'PIYEUNG LHANG', ''),
(2357, '1108080003', '1108080', 'PIYEUNG DATU', ''),
(2358, '1108080004', '1108080', 'PIYEUNG MANE', ''),
(2359, '1108080005', '1108080', 'KUWEU', ''),
(2360, '1108080006', '1108080', 'BUENG DAROH', ''),
(2361, '1108080007', '1108080', 'COT LAMPOH SOH', ''),
(2362, '1108080008', '1108080', 'MON ARA', ''),
(2363, '1108080009', '1108080', 'COT LHOK', ''),
(2364, '1108080010', '1108080', 'BUENG RAYA', ''),
(2365, '1108080011', '1108080', 'ATONG', ''),
(2366, '1108080012', '1108080', 'TEUBANG PHUI MESJID', ''),
(2367, '1108080013', '1108080', 'LAMME GAROT', ''),
(2368, '1108080014', '1108080', 'REUDEUP', ''),
(2369, '1108080015', '1108080', 'BAKCIRIH', ''),
(2370, '1108080016', '1108080', 'MEUNASAH TUTONG', ''),
(2371, '1108080017', '1108080', 'EMPEE TANONG', ''),
(2372, '1108080018', '1108080', 'DAYAH DABOH', ''),
(2373, '1108080019', '1108080', 'LAMPASEH KRUENG', ''),
(2374, '1108080020', '1108080', 'LAMNGA', ''),
(2375, '1108080021', '1108080', 'LAMPASEH LHOK', ''),
(2376, '1108080022', '1108080', 'BAROH', ''),
(2377, '1108080023', '1108080', 'MATA IE', ''),
(2378, '1108080024', '1108080', 'WEU KRUENG', ''),
(2379, '1108080025', '1108080', 'ALUE', ''),
(2380, '1108080026', '1108080', 'WEU LHOK', ''),
(2381, '1108080027', '1108080', 'WARABO', ''),
(2382, '1108080028', '1108080', 'TEUBANG PHUI BARO', ''),
(2383, '1108080029', '1108080', 'BUENG TUJOH', ''),
(2384, '1108080030', '1108080', 'BIRA LHOK', ''),
(2385, '1108080031', '1108080', 'BIRA COT', ''),
(2386, '1108080032', '1108080', 'PEURUMPING', ''),
(2387, '1108080035', '1108080', 'BAK DILIP', ''),
(2388, '1108080036', '1108080', 'ULEE LHAT', ''),
(2389, '1108080037', '1108080', 'SEUBAM LHOK', ''),
(2390, '1108080038', '1108080', 'LAM RAYA', ''),
(2391, '1108080039', '1108080', 'COT SEUNONG', ''),
(2392, '1108080042', '1108080', 'SEUBAM COT', ''),
(2393, '1108080043', '1108080', 'SEUMET', ''),
(2394, '1108081001', '1108081', 'COT MON RAYA', ''),
(2395, '1108081002', '1108081', 'COT GEUNDREUT', ''),
(2396, '1108081003', '1108081', 'PAYA-UE', ''),
(2397, '1108081004', '1108081', 'LAMME', ''),
(2398, '1108081005', '1108081', 'MEULAYO', ''),
(2399, '1108081006', '1108081', 'LAM SIEM', ''),
(2400, '1108081007', '1108081', 'COT PUKLAT', ''),
(2401, '1108081008', '1108081', 'DATA MAKMUR', ''),
(2402, '1108081009', '1108081', 'KAYEE KUNYET', ''),
(2403, '1108081010', '1108081', 'COT MEULANGEN', ''),
(2404, '1108081011', '1108081', 'COT NAMBAK', ''),
(2405, '1108081012', '1108081', 'COT MANCANG', ''),
(2406, '1108081013', '1108081', 'EMPEE BATA', ''),
(2407, '1108081014', '1108081', 'COT BAGI', ''),
(2408, '1108081015', '1108081', 'TEUPIN BATEE', ''),
(2409, '1108081016', '1108081', 'COT LEUOT', ''),
(2410, '1108081017', '1108081', 'COT HOHO', ''),
(2411, '1108081018', '1108081', 'COT JAMBO', ''),
(2412, '1108081019', '1108081', 'COT RUMPUN', ''),
(2413, '1108081020', '1108081', 'BUNG PAGEU', ''),
(2414, '1108081021', '1108081', 'COT SAYUN', ''),
(2415, '1108081022', '1108081', 'COT KARIENG', ''),
(2416, '1108081023', '1108081', 'COT MALEM', ''),
(2417, '1108081024', '1108081', 'KAMPUNG BLANG', ''),
(2418, '1108081025', '1108081', 'BUNG SIDOM', ''),
(2419, '1108081026', '1108081', 'COT MADHI', ''),
(2420, '1108090001', '1108090', 'KAYEE LEE', ''),
(2421, '1108090002', '1108090', 'LAM TEUNGOH', ''),
(2422, '1108090003', '1108090', 'LUBOK SUKON', ''),
(2423, '1108090004', '1108090', 'LUBOK GAPUY', ''),
(2424, '1108090005', '1108090', 'LAMDAYA', ''),
(2425, '1108090006', '1108090', 'LAM UE', ''),
(2426, '1108090007', '1108090', 'PALEUH BLANG', ''),
(2427, '1108090008', '1108090', 'PALEUH PULO', ''),
(2428, '1108090009', '1108090', 'LAMBADA', ''),
(2429, '1108090010', '1108090', 'LAMCOT', ''),
(2430, '1108090011', '1108090', 'LAMPREH LAMJAMPOK', ''),
(2431, '1108090012', '1108090', 'LAM SINYEU', ''),
(2432, '1108090013', '1108090', 'COT MENTIWAN', ''),
(2433, '1108090014', '1108090', 'COT ALUE', ''),
(2434, '1108090015', '1108090', 'COT GUD', ''),
(2435, '1108090016', '1108090', 'COT BADA', ''),
(2436, '1108090017', '1108090', 'COT SURUY', ''),
(2437, '1108090018', '1108090', 'AJEE CUT', ''),
(2438, '1108090019', '1108090', 'AJEE RAYEUK', ''),
(2439, '1108090020', '1108090', 'DHAM PULO', ''),
(2440, '1108090021', '1108090', 'PASIE LUBUK', ''),
(2441, '1108090022', '1108090', 'UJONG XII', ''),
(2442, '1108090023', '1108090', 'LAMPREH LAMTEUNGOH', ''),
(2443, '1108090024', '1108090', 'BADA', ''),
(2444, '1108090025', '1108090', 'LAMBARO', ''),
(2445, '1108090026', '1108090', 'KALUT', ''),
(2446, '1108090027', '1108090', 'MEUNASAH MANYET', ''),
(2447, '1108090028', '1108090', 'AJEE PAGAR AIR', ''),
(2448, '1108090029', '1108090', 'LUBOK BATEE', ''),
(2449, '1108090030', '1108090', 'SIRON', ''),
(2450, '1108090031', '1108090', 'MEUNASAH BARO', ''),
(2451, '1108090032', '1108090', 'PASIE LAMGAROT', ''),
(2452, '1108090033', '1108090', 'DHAM CEUKOK', ''),
(2453, '1108090034', '1108090', 'GANI', ''),
(2454, '1108090035', '1108090', 'BUENG CEUKOK', ''),
(2455, '1108090036', '1108090', 'TEUBANG PHUI', ''),
(2456, '1108090037', '1108090', 'ATEUK LUENG IE', ''),
(2457, '1108090038', '1108090', 'ATEUK ANGGOK', ''),
(2458, '1108090039', '1108090', 'BAKOY', ''),
(2459, '1108090040', '1108090', 'MEUNASAH MANYANG LAMGAROT', ''),
(2460, '1108090041', '1108090', 'MEUNASAH TUTONG', ''),
(2461, '1108090042', '1108090', 'MEUNASAH DEYAH', ''),
(2462, '1108090043', '1108090', 'JURONG PEUJEURA', ''),
(2463, '1108090044', '1108090', 'PANTEE', ''),
(2464, '1108090045', '1108090', 'BINEH BLANG', ''),
(2465, '1108090046', '1108090', 'REULOH', ''),
(2466, '1108090047', '1108090', 'TANJONG', ''),
(2467, '1108090048', '1108090', 'MEUNASAH MANYANG PAGAR AIR', ''),
(2468, '1108090049', '1108090', 'SANTAN', ''),
(2469, '1108090050', '1108090', 'MNS KRUENG', ''),
(2470, '1108091001', '1108091', 'LAMPERMAI', ''),
(2471, '1108091002', '1108091', 'MIRUK', ''),
(2472, '1108091003', '1108091', 'GLA DEYAH', ''),
(2473, '1108091004', '1108091', 'GLA MEUNASAH BARO', ''),
(2474, '1108091005', '1108091', 'MEUNASAH INTAN', ''),
(2475, '1108091006', '1108091', 'MEUNASAH BAET', ''),
(2476, '1108091007', '1108091', 'MEUNASAH MANYANG', ''),
(2477, '1108091008', '1108091', 'LAMGAPANG', ''),
(2478, '1108091009', '1108091', 'RUMPET', ''),
(2479, '1108091010', '1108091', 'BAK TRIENG', ''),
(2480, '1108091011', '1108091', 'LUENG IE', ''),
(2481, '1108091012', '1108091', 'MEUNASAH PAPEUN', ''),
(2482, '1108100001', '1108100', 'LUTHU LAMWEU', ''),
(2483, '1108100002', '1108100', 'BAET MASJID', ''),
(2484, '1108100003', '1108100', 'BAET LAMPHUOT', ''),
(2485, '1108100004', '1108100', 'BAET MEESAGO', ''),
(2486, '1108100005', '1108100', 'PANTEE RAWA', ''),
(2487, '1108100021', '1108100', 'SIBREH KEUMUDEE', ''),
(2488, '1108100022', '1108100', 'DILIP LAMTEUNGOH', ''),
(2489, '1108100023', '1108100', 'DILIP BUKTI', ''),
(2490, '1108100024', '1108100', 'REUHAT TUHA', ''),
(2491, '1108100025', '1108100', 'SEUMEUREUNG', ''),
(2492, '1108100026', '1108100', 'LUTHU DAYAH KRUENG', ''),
(2493, '1108100027', '1108100', 'LAMTANJONG', ''),
(2494, '1108100028', '1108100', 'LAMBIRAH', ''),
(2495, '1108100029', '1108100', 'KAYEE ADANG', ''),
(2496, '1108100031', '1108100', 'TAMPOK BLANG', ''),
(2497, '1108100049', '1108100', 'LAMGEU BARO', ''),
(2498, '1108100050', '1108100', 'LAMGEU TUHA', ''),
(2499, '1108100051', '1108100', 'LAMLHEU', ''),
(2500, '1108100052', '1108100', 'LAMTEH DAYAH', ''),
(2501, '1108100053', '1108100', 'TAMPOK JEURAT RAYA', ''),
(2502, '1108100054', '1108100', 'LAMPANAH INEU', ''),
(2503, '1108100055', '1108100', 'KLING MANYANG', ''),
(2504, '1108100056', '1108100', 'LAMPISANG', ''),
(2505, '1108100057', '1108100', 'LAMBARO SIBREH', ''),
(2506, '1108100058', '1108100', 'WEUSITEH', ''),
(2507, '1108100059', '1108100', 'ANEUK GALONG TITI', ''),
(2508, '1108100060', '1108100', 'ANEUK GALONG BARO', ''),
(2509, '1108100061', '1108100', 'MEUNASAH BAKTHU', ''),
(2510, '1108100062', '1108100', 'BLANG CUT', ''),
(2511, '1108100063', '1108100', 'MEUNASAH TUHA', ''),
(2512, '1108100064', '1108100', 'ANEUK BATEE', ''),
(2513, '1108100065', '1108100', 'NIRON', ''),
(2514, '1108100066', '1108100', 'BUKLOH', ''),
(2515, '1108100067', '1108100', 'LAMBARIH JURONG RAYA', ''),
(2516, '1108100068', '1108100', 'LAMBARIH BAKMEE', ''),
(2517, '1108101001', '1108101', 'LEUBOK BATEE', ''),
(2518, '1108101002', '1108101', 'LEUBOK BUNI', ''),
(2519, '1108101003', '1108101', 'BUGHU', ''),
(2520, '1108101004', '1108101', 'TEU DAYAH', ''),
(2521, '1108101005', '1108101', 'LAM ARA TUNONG', ''),
(2522, '1108101006', '1108101', 'LAM ARA EUNGKIT', ''),
(2523, '1108101007', '1108101', 'LAM ARA CUT', ''),
(2524, '1108101008', '1108101', 'LEUPUNG CUT', ''),
(2525, '1108101009', '1108101', 'TUMBO BARO', ''),
(2526, '1108101010', '1108101', 'LAMBARO SAMAHANI', ''),
(2527, '1108101011', '1108101', 'LEUPUNG RIWAT', ''),
(2528, '1108101012', '1108101', 'LEUPUNG RAYEUK', ''),
(2529, '1108101013', '1108101', 'REULEUNG GLUMPANG', ''),
(2530, '1108101014', '1108101', 'REULEUNG KARIENG', ''),
(2531, '1108101015', '1108101', 'LAMSITEH COT', ''),
(2532, '1108102001', '1108102', 'TAN TUHA', ''),
(2533, '1108102002', '1108102', 'BLANG PREH', ''),
(2534, '1108102003', '1108102', 'BLANG MIRO', ''),
(2535, '1108102004', '1108102', 'BHA ULEE TUTU', ''),
(2536, '1108102005', '1108102', 'LAMBUNOT', ''),
(2537, '1108102006', '1108102', 'LAMBATEE', ''),
(2538, '1108102007', '1108102', 'NYA', ''),
(2539, '1108102008', '1108102', 'KRUENG MAK', ''),
(2540, '1108102009', '1108102', 'BATEE LINTEUNG', ''),
(2541, '1108102010', '1108102', 'ATEUK LAMPHANG', ''),
(2542, '1108102011', '1108102', 'ATEUK CUT', ''),
(2543, '1108102012', '1108102', 'ATEUK BLANG ASAN', ''),
(2544, '1108102013', '1108102', 'ATEUK MON PANAH', ''),
(2545, '1108102014', '1108102', 'ATEUK LAM URA', ''),
(2546, '1108102015', '1108102', 'ATEUK LAMPEUOT', ''),
(2547, '1108102016', '1108102', 'LAMJAMEE DAYAH', ''),
(2548, '1108102017', '1108102', 'LAMJAMEE LAMKRAK', ''),
(2549, '1108102018', '1108102', 'LAM URIT', ''),
(2550, '1108110014', '1108110', 'DEUNONG', ''),
(2551, '1108110015', '1108110', 'LEU GEU', ''),
(2552, '1108110017', '1108110', 'LAMSITEH', ''),
(2553, '1108110018', '1108110', 'LAMPEUNEUEN', ''),
(2554, '1108110019', '1108110', 'ULEE TUY', ''),
(2555, '1108110020', '1108110', 'PUNIE', ''),
(2556, '1108110021', '1108110', 'LEU UE', ''),
(2557, '1108110022', '1108110', 'GEUNDRING', ''),
(2558, '1108110023', '1108110', 'PASHEU BEUTONG', ''),
(2559, '1108110024', '1108110', 'LAMPASI ENGKING', ''),
(2560, '1108110025', '1108110', 'JEUMPET AJUN', ''),
(2561, '1108110026', '1108110', 'GAROT', ''),
(2562, '1108110027', '1108110', 'GUE GAJAH', ''),
(2563, '1108110028', '1108110', 'ULEE LUENG', ''),
(2564, '1108110029', '1108110', 'LAM BHEU', ''),
(2565, '1108110030', '1108110', 'KANDANG', ''),
(2566, '1108110031', '1108110', 'DAROY KAMEU', ''),
(2567, '1108110032', '1108110', 'TINGKEUM', ''),
(2568, '1108110033', '1108110', 'LAMTHEUN', ''),
(2569, '1108110034', '1108110', 'LAMSIDAYA', ''),
(2570, '1108110035', '1108110', 'KUTA KARANG', ''),
(2571, '1108110036', '1108110', 'LAMKAWEE', ''),
(2572, '1108110037', '1108110', 'LHEU BLANG', ''),
(2573, '1108110038', '1108110', 'LAGANG', ''),
(2574, '1108110039', '1108110', 'LAMBLANG MANYANG', ''),
(2575, '1108110040', '1108110', 'LAMBLANG TRIENG', ''),
(2576, '1108110041', '1108110', 'PAYAROH', ''),
(2577, '1108110042', '1108110', 'LAMPEUNEURUT UJONG BLANG', ''),
(2578, '1108110043', '1108110', 'LAMPEUNEURUT GAMPONG', ''),
(2579, '1108110044', '1108110', 'LAMCOT', ''),
(2580, '1108110045', '1108110', 'LAMREUNG', ''),
(2581, '1108110046', '1108110', 'BAYU', ''),
(2582, '1108111001', '1108111', 'LAMBARO BILUY', ''),
(2583, '1108111002', '1108111', 'EMPETRING', ''),
(2584, '1108111003', '1108111', 'BILUY', ''),
(2585, '1108111004', '1108111', 'LAMSOD', ''),
(2586, '1108111005', '1108111', 'MANEE DAYAH', ''),
(2587, '1108111006', '1108111', 'LAMTADOK', ''),
(2588, '1108111007', '1108111', 'LAMKUNYET', ''),
(2589, '1108111008', '1108111', 'LHANG', ''),
(2590, '1108111009', '1108111', 'LAMBATEE', ''),
(2591, '1108111010', '1108111', 'TURAM', ''),
(2592, '1108111011', '1108111', 'BLANG KIREE', ''),
(2593, '1108111012', '1108111', 'TEUBALUI', ''),
(2594, '1108111013', '1108111', 'NEUSOK', ''),
(2595, '1108111014', '1108111', 'LAM BLEUT', ''),
(2596, '1108120001', '1108120', 'BERADEUN', ''),
(2597, '1108120002', '1108120', 'KEUNEUEU', ''),
(2598, '1108120003', '1108120', 'LAMPISANG', ''),
(2599, '1108120004', '1108120', 'RIMA JEUNE', ''),
(2600, '1108120005', '1108120', 'RIMA KEUNERUM', ''),
(2601, '1108120006', '1108120', 'AJUEN', ''),
(2602, '1108120007', '1108120', 'LAM HASAN', ''),
(2603, '1108120008', '1108120', 'PAYATIENG', ''),
(2604, '1108120009', '1108120', 'LAMGEU-EU', ''),
(2605, '1108120010', '1108120', 'LAM RUKAM', ''),
(2606, '1108120011', '1108120', 'GURAH', ''),
(2607, '1108120012', '1108120', 'LAM ISEK', ''),
(2608, '1108120013', '1108120', 'LAM KEUMOK', ''),
(2609, '1108120014', '1108120', 'LAMLUMPU', ''),
(2610, '1108120015', '1108120', 'LAM TEEH', ''),
(2611, '1108120016', '1108120', 'BARO', ''),
(2612, '1108120017', '1108120', 'LAM MANYANG', ''),
(2613, '1108120018', '1108120', 'LAM AWEE', ''),
(2614, '1108120019', '1108120', 'MEUNASAH TUHA', ''),
(2615, '1108120020', '1108120', 'LAM TEUNGOH', ''),
(2616, '1108120021', '1108120', 'LAM TUTUI', ''),
(2617, '1108120022', '1108120', 'LAM GURON', ''),
(2618, '1108120023', '1108120', 'LAM BADEUK', ''),
(2619, '1108120024', '1108120', 'LAMBARO NEUJID', ''),
(2620, '1108120025', '1108120', 'LAM PAGEU', ''),
(2621, '1108120026', '1108120', 'PULO BUNTA', ''),
(2622, '1108130001', '1108130', 'TEUNOM', ''),
(2623, '1108130002', '1108130', 'PASI JANENG', ''),
(2624, '1108130003', '1108130', 'ALUE RIYEUNG', ''),
(2625, '1108130004', '1108130', 'DEUDAP', ''),
(2626, '1108130005', '1108130', 'RABO', ''),
(2627, '1108130006', '1108130', 'LAMTENG', ''),
(2628, '1108130007', '1108130', 'LHOH', ''),
(2629, '1108130008', '1108130', 'LAMPUYANG', ''),
(2630, '1108130009', '1108130', 'LAPENG', ''),
(2631, '1108130010', '1108130', 'PALOH', ''),
(2632, '1108130011', '1108130', 'BLANG SITUNGKOH', ''),
(2633, '1108130012', '1108130', 'ULEE PAYA', ''),
(2634, '1108130013', '1108130', 'SEURAPONG', ''),
(2635, '1108130014', '1108130', 'GUGOB', ''),
(2636, '1108130015', '1108130', 'ALUE RAYA', ''),
(2637, '1108130016', '1108130', 'RINON', ''),
(2638, '1108130017', '1108130', 'MELINGGE', ''),
(2639, '1109010003', '1109010', 'KEUNE', ''),
(2640, '1109010004', '1109010', 'BANGKEH', ''),
(2641, '1109010005', '1109010', 'PULO LOIH', ''),
(2642, '1109010006', '1109010', 'PUCOK', ''),
(2643, '1109010007', '1109010', 'LEUPU', ''),
(2644, '1109010008', '1109010', 'UPT V GEUMPANG', ''),
(2645, '1109011001', '1109011', 'MANE', ''),
(2646, '1109011002', '1109011', 'TURUE CUT', ''),
(2647, '1109011003', '1109011', 'LUTUENG', ''),
(2648, '1109011004', '1109011', 'BLANG DALAM', ''),
(2649, '1109070001', '1109070', 'KUMBANG KEUPULA', ''),
(2650, '1109070002', '1109070', 'TUFAH JEULATANG', ''),
(2651, '1109070003', '1109070', 'KEUTAPANG MESJID', ''),
(2652, '1109070004', '1109070', 'AMUD MESJID', ''),
(2653, '1109070005', '1109070', 'COT TUNONG', ''),
(2654, '1109070006', '1109070', 'COT BAROH', ''),
(2655, '1109070007', '1109070', 'KRUENG NYONG', ''),
(2656, '1109070008', '1109070', 'KRUENG JANGKO', ''),
(2657, '1109070009', '1109070', 'REUDEUP MEULAYU', ''),
(2658, '1109070010', '1109070', 'PANJOE', ''),
(2659, '1109070011', '1109070', 'PULO GAJAH MATEE', ''),
(2660, '1109070012', '1109070', 'MENJE', ''),
(2661, '1109070013', '1109070', 'JURONG PANDEE', ''),
(2662, '1109070014', '1109070', 'PULO LON/P.DAYAH', ''),
(2663, '1109070015', '1109070', 'KAMPUNG JUMPA', ''),
(2664, '1109070016', '1109070', 'BILI', ''),
(2665, '1109070017', '1109070', 'DAYAH TANOH', ''),
(2666, '1109070018', '1109070', 'SIMPANG', ''),
(2667, '1109070019', '1109070', 'KAYEE JATOE', ''),
(2668, '1109070020', '1109070', 'KRUET TEUMPEUN', ''),
(2669, '1109070021', '1109070', 'SUKON BAROH', ''),
(2670, '1109070022', '1109070', 'BLANG DRANG', ''),
(2671, '1109070023', '1109070', 'MAMPLAM', ''),
(2672, '1109070024', '1109070', 'SUKON MESJID', ''),
(2673, '1109070025', '1109070', 'PULO BATEE', ''),
(2674, '1109070026', '1109070', 'NEUROK', ''),
(2675, '1109070027', '1109070', 'LAMBARO', ''),
(2676, '1109070028', '1109070', 'BLANG PUEB', ''),
(2677, '1109070029', '1109070', 'BLANG TUNONG', ''),
(2678, '1109070030', '1109070', 'DAYAH KP. PISANG', ''),
(2679, '1109070031', '1109070', 'BALEE', ''),
(2680, '1109070032', '1109070', 'UDE GAMPONG', ''),
(2681, '1109070033', '1109070', 'KUPULA', ''),
(2682, '1109070039', '1109070', 'PULO LEUNG TEUGA', ''),
(2683, '1109071001', '1109071', 'MANYANG', ''),
(2684, '1109071002', '1109071', 'MEUNASAH SAGOE', ''),
(2685, '1109071003', '1109071', 'PULO IBOIH', ''),
(2686, '1109071004', '1109071', 'JURONG BARO', ''),
(2687, '1109071005', '1109071', 'GEUNTENG', ''),
(2688, '1109071006', '1109071', 'SUKON PAKU', ''),
(2689, '1109071007', '1109071', 'BLANG BAROH', ''),
(2690, '1109071008', '1109071', 'MEUNASAH SANGGET', ''),
(2691, '1109071009', '1109071', 'MEUNASAH BUNGONG', ''),
(2692, '1109071010', '1109071', 'MEUNASAH SEUKEE', ''),
(2693, '1109071011', '1109071', 'PULO PANJOU', ''),
(2694, '1109071012', '1109071', 'SEUREUKUI/CEBREK', ''),
(2695, '1109071013', '1109071', 'MEUNASAH DABOIH', ''),
(2696, '1109071014', '1109071', 'BALE GANTUNG', ''),
(2697, '1109071015', '1109071', 'ME TEUMPEUN', ''),
(2698, '1109071016', '1109071', 'U BUNGKOK', ''),
(2699, '1109071017', '1109071', 'KUMBANG UNOE', ''),
(2700, '1109071018', '1109071', 'GLUMPANG BUNGKOK', ''),
(2701, '1109071019', '1109071', 'MEUNASAH KUMPANG', ''),
(2702, '1109071020', '1109071', 'MEUNASAH UKEE', ''),
(2703, '1109071021', '1109071', 'PALONG', ''),
(2704, '1109080032', '1109080', 'PAYA TIBA', ''),
(2705, '1109080033', '1109080', 'RAPANA', ''),
(2706, '1109080034', '1109080', 'BARO YAMAN', ''),
(2707, '1109080044', '1109080', 'SENTOSA', ''),
(2708, '1109080045', '1109080', 'MESJID YAMAN', ''),
(2709, '1109080046', '1109080', 'BAROH BARAT YAMAN', ''),
(2710, '1109080047', '1109080', 'MEE TEUNGOH', ''),
(2711, '1109080048', '1109080', 'BALE', ''),
(2712, '1109080049', '1109080', 'LINGKOK', ''),
(2713, '1109080050', '1109080', 'REULUI', ''),
(2714, '1109080051', '1109080', 'DAYAH SYARIF', ''),
(2715, '1109080052', '1109080', 'RIBEUN', ''),
(2716, '1109080053', '1109080', 'PEUREULAK', ''),
(2717, '1109080054', '1109080', 'KUMBANG', ''),
(2718, '1109080055', '1109080', 'MEE PANYANG', ''),
(2719, '1109080056', '1109080', 'BLANG LILEUE', ''),
(2720, '1109080057', '1109080', 'BALE BARO KEUMANGAN', ''),
(2721, '1109080058', '1109080', 'MESJID KEUMANGAN', ''),
(2722, '1109080059', '1109080', 'LUENG SAGOE', ''),
(2723, '1109080060', '1109080', 'BLANG BEUREUEH', ''),
(2724, '1109080069', '1109080', 'LAMPOH SIRONG', ''),
(2725, '1109080070', '1109080', 'PANTE BEUREUEH', ''),
(2726, '1109080071', '1109080', 'PALOH KAMBUEK', ''),
(2727, '1109080072', '1109080', 'DAYAH BEUREUEH', ''),
(2728, '1109080073', '1109080', 'BLANG TIDIEK', ''),
(2729, '1109080074', '1109080', 'JADAN', ''),
(2730, '1109080075', '1109080', 'TUHA GAMPONG GAJAH', ''),
(2731, '1109080076', '1109080', 'DAYAH TIDIEK', ''),
(2732, '1109080077', '1109080', 'KEUMANGAN CUT', ''),
(2733, '1109081001', '1109081', 'TONG PERIA', ''),
(2734, '1109081002', '1109081', 'TONG WENG', ''),
(2735, '1109081003', '1109081', 'BARIEH', ''),
(2736, '1109081004', '1109081', 'BLANGONG BASAH', ''),
(2737, '1109081005', '1109081', 'KULAM ARA', ''),
(2738, '1109081006', '1109081', 'DIDOH', ''),
(2739, '1109081007', '1109081', 'RINTI', ''),
(2740, '1109081008', '1109081', 'BALEE UJONG RIMBA', ''),
(2741, '1109081009', '1109081', 'MEUGIT', ''),
(2742, '1109081010', '1109081', 'EMPEH', ''),
(2743, '1109081011', '1109081', 'MESJID GUMPUENG', ''),
(2744, '1109081012', '1109081', 'PULO DRIEN', ''),
(2745, '1109081013', '1109081', 'SIMBE', ''),
(2746, '1109081014', '1109081', 'ULEE GAMPONG', ''),
(2747, '1109081015', '1109081', 'MON ARA', ''),
(2748, '1109081016', '1109081', 'BAROH', ''),
(2749, '1109081017', '1109081', 'BARO UJONG RIMBA', ''),
(2750, '1109081018', '1109081', 'BLANG RIEK', ''),
(2751, '1109081019', '1109081', 'PALOH RAYA', ''),
(2752, '1109081020', '1109081', 'NIBONG', ''),
(2753, '1109081021', '1109081', 'PALOH LHOK USI', ''),
(2754, '1109081022', '1109081', 'CAMPLI USI', ''),
(2755, '1109081023', '1109081', 'DAYAH USI', ''),
(2756, '1109081024', '1109081', 'PALOH TINGGI', ''),
(2757, '1109081025', '1109081', 'RAMBONG', ''),
(2758, '1109081026', '1109081', 'MEE TANJONG USI', ''),
(2759, '1109081027', '1109081', 'MESJID USI', ''),
(2760, '1109081028', '1109081', 'GAMPONG COT USI', ''),
(2761, '1109081029', '1109081', 'REUBAT', ''),
(2762, '1109081030', '1109081', 'TIBA RAYA', ''),
(2763, '1109081031', '1109081', 'MESJID TIBA', ''),
(2764, '1109081032', '1109081', 'JOJO', ''),
(2765, '1109081033', '1109081', 'GAMPONG LADA', ''),
(2766, '1109081034', '1109081', 'DAYAH KUMBA', ''),
(2767, '1109081035', '1109081', 'COT KUTHANG', ''),
(2768, '1109081036', '1109081', 'MESJID JEURAT MANYANG', ''),
(2769, '1109081037', '1109081', 'SAGOE TEUMPEUN', ''),
(2770, '1109081038', '1109081', 'DAYAH TANOH', ''),
(2771, '1109081039', '1109081', 'BEUREU EH II', ''),
(2772, '1109081040', '1109081', 'JIEM', ''),
(2773, '1109081041', '1109081', 'ULEE TUTUE', ''),
(2774, '1109081042', '1109081', 'MECAT ADAN', ''),
(2775, '1109081043', '1109081', 'KARIENG', ''),
(2776, '1109081044', '1109081', 'RAMBOT ADAN', ''),
(2777, '1109081045', '1109081', 'ALUE ADAN', ''),
(2778, '1109081046', '1109081', 'DAYAH ADAN', ''),
(2779, '1109081047', '1109081', 'MEE ADAN', ''),
(2780, '1109081048', '1109081', 'JUMPHOIH ADAN', ''),
(2781, '1109090001', '1109090', 'BLANG RIKUI', ''),
(2782, '1109090002', '1109090', 'PANTON BEUNOT', ''),
(2783, '1109090003', '1109090', 'DAYA COT', ''),
(2784, '1109090004', '1109090', 'DAYA KAMPONG BARO', ''),
(2785, '1109090005', '1109090', 'DAYA BAROH', ''),
(2786, '1109090006', '1109090', 'DAYA TEUNGOH', ''),
(2787, '1109090007', '1109090', 'PULO KEUNARI', ''),
(2788, '1109090008', '1109090', 'PULO GLUMPANG', ''),
(2789, '1109090009', '1109090', 'PEUNADOK', ''),
(2790, '1109090010', '1109090', 'PULO TAMBO', ''),
(2791, '1109090011', '1109090', 'MNS. MANCANG', ''),
(2792, '1109090012', '1109090', 'MNS. PANAH', ''),
(2793, '1109090013', '1109090', 'PULO MESJID', ''),
(2794, '1109090014', '1109090', 'TRIENG CUDO TUNONG', ''),
(2795, '1109090015', '1109090', 'MAMPREE', ''),
(2796, '1109090016', '1109090', 'TRIENG CUDO BAROH', ''),
(2797, '1109090017', '1109090', 'RABO', ''),
(2798, '1109090018', '1109090', 'PULO SIBLAH', ''),
(2799, '1109090019', '1109090', 'LHOK IGEUH', ''),
(2800, '1109100001', '1109100', 'PULO SEJAHTRA', ''),
(2801, '1109100002', '1109100', 'KRUENG MEURIAM', ''),
(2802, '1109100003', '1109100', 'PEUNALOM II', ''),
(2803, '1109100004', '1109100', 'PEUNALOM I', ''),
(2804, '1109100005', '1109100', 'PULO BARO', ''),
(2805, '1109100006', '1109100', 'KEUDE TANGSE', ''),
(2806, '1109100007', '1109100', 'PULO MESJID I', ''),
(2807, '1109100008', '1109100', 'PULO MESJID II', ''),
(2808, '1109100009', '1109100', 'BLANG JEURAT', ''),
(2809, '1109100010', '1109100', 'LAYAN', ''),
(2810, '1109100011', '1109100', 'BLANG DALAM', ''),
(2811, '1109100012', '1109100', 'RANTO PANYANG', ''),
(2812, '1109100013', '1109100', 'BLANG TEUNGOH', ''),
(2813, '1109100014', '1109100', 'BLANG BUNGONG', ''),
(2814, '1109100015', '1109100', 'BLANG DHOD', ''),
(2815, '1109100016', '1109100', 'PAYA GUCI', ''),
(2816, '1109100017', '1109100', 'ULEE GUNONG', ''),
(2817, '1109100018', '1109100', 'KEUBON NILAM', ''),
(2818, '1109100019', '1109100', 'PULO SEUNONG', ''),
(2819, '1109100020', '1109100', 'PULO KAWA', ''),
(2820, '1109100021', '1109100', 'NEUBOK BADEUK', ''),
(2821, '1109100022', '1109100', 'BLANG MALO', ''),
(2822, '1109100023', '1109100', 'KRUENG SEUKEUK', ''),
(2823, '1109100024', '1109100', 'BEUNGGA', ''),
(2824, '1109100025', '1109100', 'PULO IEE', ''),
(2825, '1109100026', '1109100', 'ALUE CALONG', ''),
(2826, '1109100027', '1109100', 'LHOK KEUTAPANG', ''),
(2827, '1109100029', '1109100', 'BLANG PANDAK', ''),
(2828, '1109111001', '1109111', 'PAKO', ''),
(2829, '1109111002', '1109111', 'TUNONG', ''),
(2830, '1109111003', '1109111', 'PULO CAHI', ''),
(2831, '1109111004', '1109111', 'PULO SEUPENG', ''),
(2832, '1109111005', '1109111', 'PAPEUEN NICAH', ''),
(2833, '1109111006', '1109111', 'UGADENG', ''),
(2834, '1109111007', '1109111', 'KUMBANG', ''),
(2835, '1109111008', '1109111', 'SAGOE', ''),
(2836, '1109111009', '1109111', 'DAYAH KEUMALA', ''),
(2837, '1109111010', '1109111', 'RHENG', ''),
(2838, '1109111011', '1109111', 'MESJID NICAH', ''),
(2839, '1109111012', '1109111', 'ASAN NICAH', ''),
(2840, '1109111013', '1109111', 'PALOH TEUNGOH', ''),
(2841, '1109111014', '1109111', 'JIJIEM', ''),
(2842, '1109111015', '1109111', 'COT KREH', ''),
(2843, '1109111016', '1109111', 'PULO BARO', ''),
(2844, '1109111017', '1109111', 'COT NURAN', ''),
(2845, '1109111018', '1109111', 'PULO PANTE', ''),
(2846, '1109112001', '1109112', 'ALUE', ''),
(2847, '1109112002', '1109112', 'BLANG THO', ''),
(2848, '1109112003', '1109112', 'ASAN TONGPEUDENG', ''),
(2849, '1109112004', '1109112', 'MESJID TONGPEUDENG', ''),
(2850, '1109112005', '1109112', 'PULO LOIH', ''),
(2851, '1109112006', '1109112', 'PULO RAYA', ''),
(2852, '1109112007', '1109112', 'PALOH NALEUNG', ''),
(2853, '1109112008', '1109112', 'DAYAH MENARA', ''),
(2854, '1109112009', '1109112', 'PANTE SIREN', ''),
(2855, '1109112010', '1109112', 'UKE', ''),
(2856, '1109112011', '1109112', 'PANTE KULU', ''),
(2857, '1109112012', '1109112', 'CUT', ''),
(2858, '1109112013', '1109112', 'LINGKOK', ''),
(2859, '1109120001', '1109120', 'BARIEH', ''),
(2860, '1109120002', '1109120', 'KANDANG', ''),
(2861, '1109120003', '1109120', 'PALOH JEUREULA', ''),
(2862, '1109120004', '1109120', 'COT CANTEK', ''),
(2863, '1109120005', '1109120', 'LHOK PANAH', ''),
(2864, '1109120006', '1109120', 'BLANG COT', ''),
(2865, '1109120007', '1109120', 'BLANG KUMOT TUNONG', ''),
(2866, '1109120008', '1109120', 'MURONG COT', ''),
(2867, '1109120009', '1109120', 'MURONG LHOK', ''),
(2868, '1109120010', '1109120', 'GAMPONG COT', ''),
(2869, '1109120011', '1109120', 'RIWEUK', ''),
(2870, '1109120012', '1109120', 'MANCANG', ''),
(2871, '1109120013', '1109120', 'KP PISANG BUCUE', ''),
(2872, '1109120014', '1109120', 'LINGKOK', ''),
(2873, '1109120015', '1109120', 'CUMBOK LIE', ''),
(2874, '1109120016', '1109120', 'BLANG KUMOT BAROH', ''),
(2875, '1109120017', '1109120', 'LAM UJONG', ''),
(2876, '1109120018', '1109120', 'CUMBOK NIWA', ''),
(2877, '1109120019', '1109120', 'DAYAH KP PISANG', ''),
(2878, '1109120020', '1109120', 'LEUPUEM MESJID', ''),
(2879, '1109120021', '1109120', 'JURONG PANTE', ''),
(2880, '1109120022', '1109120', 'BEUTONG PERLAK', ''),
(2881, '1109120023', '1109120', 'BUCUE', ''),
(2882, '1109120024', '1109120', 'BALUE TANOH', ''),
(2883, '1109120025', '1109120', 'COT SUKON', ''),
(2884, '1109120026', '1109120', 'BALUE KULU', ''),
(2885, '1109120027', '1109120', 'LHOK ME', ''),
(2886, '1109120028', '1109120', 'BEUTONG POCUT', ''),
(2887, '1109120029', '1109120', 'PASAR KOTA BAKTI', ''),
(2888, '1109120030', '1109120', 'GAMPONG BARO', ''),
(2889, '1109120031', '1109120', 'MNS BLANG', ''),
(2890, '1109120032', '1109120', 'MNS BALE', ''),
(2891, '1109120033', '1109120', 'GAMPONG JUMPA', ''),
(2892, '1109120034', '1109120', 'PANTE KRUENG', ''),
(2893, '1109120035', '1109120', 'LAMEUE MNS RAYA', ''),
(2894, '1109120036', '1109120', 'DAYAH TUHA', ''),
(2895, '1109120037', '1109120', 'LAMEUE MNS BARO', ''),
(2896, '1109120038', '1109120', 'PULO JUMPA', ''),
(2897, '1109120039', '1109120', 'PULO KEUREMBOK', ''),
(2898, '1109120040', '1109120', 'PERLAK ASAN', ''),
(2899, '1109120041', '1109120', 'PERLAK BAROH', ''),
(2900, '1109120042', '1109120', 'MALI LAMKUTA', ''),
(2901, '1109120043', '1109120', 'MALI UKE', ''),
(2902, '1109120044', '1109120', 'MALI GUYUI', ''),
(2903, '1109120045', '1109120', 'TANG KUENG', ''),
(2904, '1109120046', '1109120', 'LAMEU MNS LEUNG', ''),
(2905, '1109120047', '1109120', 'LHOK EMPEH', ''),
(2906, '1109120048', '1109120', 'MALI MESJID', ''),
(2907, '1109120049', '1109120', 'MALI COT', ''),
(2908, '1109130001', '1109130', 'TUHA LALA', ''),
(2909, '1109130002', '1109130', 'MEUYUB LALA', ''),
(2910, '1109130003', '1109130', 'KULU', ''),
(2911, '1109130004', '1109130', 'LHOK LUBU', ''),
(2912, '1109130005', '1109130', 'KRUENG LALA', ''),
(2913, '1109130006', '1109130', 'BABAH JURONG', ''),
(2914, '1109130007', '1109130', 'MESJID ANDEUE', ''),
(2915, '1109130008', '1109130', 'DAYAH ANDEUE', ''),
(2916, '1109130009', '1109130', 'DAYAH SINTHOP', ''),
(2917, '1109130010', '1109130', 'PULO TANJONG', ''),
(2918, '1109130011', '1109130', 'TEUMEUCET', ''),
(2919, '1109130012', '1109130', 'BLANG CUT', ''),
(2920, '1109130013', '1109130', 'KUMBANG', ''),
(2921, '1109130014', '1109130', 'BLANG', ''),
(2922, '1109130015', '1109130', 'LAGANG', ''),
(2923, '1109130016', '1109130', 'TUNONG ILOT', ''),
(2924, '1109130017', '1109130', 'BAROH ILOT', ''),
(2925, '1109130018', '1109130', 'TEUNGOH ILOT', ''),
(2926, '1109130019', '1109130', 'MESJID ILOT', ''),
(2927, '1109130020', '1109130', 'ARA BUNGKOK', ''),
(2928, '1109140001', '1109140', 'SEUNADEU KUNYET', ''),
(2929, '1109140002', '1109140', 'BLANG GUNCI KUNYET', ''),
(2930, '1109140003', '1109140', 'KAMBUEK NICAH', ''),
(2931, '1109140004', '1109140', 'KAMBUEK PAYAPI KUNYET', ''),
(2932, '1109140005', '1109140', 'BARO KUNYET', ''),
(2933, '1109140006', '1109140', 'HAGU KUNYET', ''),
(2934, '1109140007', '1109140', 'PIALA KUNYET', ''),
(2935, '1109140008', '1109140', 'MESJID KUNYET', ''),
(2936, '1109140009', '1109140', 'DAYAH TANOH KUNYET', ''),
(2937, '1109140010', '1109140', 'COT KUNYET', ''),
(2938, '1109140011', '1109140', 'BLANG GEULEUDIENG', ''),
(2939, '1109140012', '1109140', 'MESJID GEULEUDIENG', ''),
(2940, '1109140013', '1109140', 'PERLAK PEUDAYA', ''),
(2941, '1109140014', '1109140', 'DAYAH BAROH KUNYET', ''),
(2942, '1109140015', '1109140', 'BUNI REULING PEUDAYA', ''),
(2943, '1109140016', '1109140', 'BULOH PEUDAYA', ''),
(2944, '1109140017', '1109140', 'MESJID PEUDAYA', ''),
(2945, '1109140018', '1109140', 'CUT PEUDAYA', ''),
(2946, '1109140019', '1109140', 'TUNONG PEUDAYA', ''),
(2947, '1109140020', '1109140', 'SEUKEUN PEUDAYA', ''),
(2948, '1109140021', '1109140', 'TUHA PEUDAYA', ''),
(2949, '1109140022', '1109140', 'GEULUMPANG GLD', ''),
(2950, '1109140023', '1109140', 'KREET PALOH', ''),
(2951, '1109140024', '1109140', 'CAPA PALOH', ''),
(2952, '1109140025', '1109140', 'JURONG ANOE', ''),
(2953, '1109140026', '1109140', 'TEUGOH PEUDAYA', ''),
(2954, '1109140027', '1109140', 'DAYAH PEUDAYA', ''),
(2955, '1109140028', '1109140', 'CUT PALOH', ''),
(2956, '1109140029', '1109140', 'PANTE CERMEN', ''),
(2957, '1109140030', '1109140', 'MEUKE GOGO', ''),
(2958, '1109140031', '1109140', 'RAYA GOGO', ''),
(2959, '1109140032', '1109140', 'BULOH GOGO', ''),
(2960, '1109140033', '1109140', 'KUMBANG GOGO', ''),
(2961, '1109140034', '1109140', 'TUHA GOGO', ''),
(2962, '1109140035', '1109140', 'GLEE GOGO', ''),
(2963, '1109140036', '1109140', 'PALOH JEURAT BEURABO', ''),
(2964, '1109140037', '1109140', 'ADANG BEURABO', ''),
(2965, '1109140038', '1109140', 'SEULEUNGGING BEURABO', ''),
(2966, '1109140039', '1109140', 'MEUKE BEURABO', ''),
(2967, '1109140040', '1109140', 'MESJID BEURABO', ''),
(2968, '1109140041', '1109140', 'MESJID GOGO', ''),
(2969, '1109140042', '1109140', 'ARON BUNOT GOGO', ''),
(2970, '1109140043', '1109140', 'TEUNGOH DRIEN GOGO', ''),
(2971, '1109140044', '1109140', 'PASAR PALOH', ''),
(2972, '1109140045', '1109140', 'SIRON PALOH', ''),
(2973, '1109140046', '1109140', 'BALEE  PALOH', ''),
(2974, '1109140047', '1109140', 'SUYO PALOH', ''),
(2975, '1109140048', '1109140', 'GAMPONG COT PALOH', ''),
(2976, '1109140049', '1109140', 'PULO HAGU TANJUNG', ''),
(2977, '1109140050', '1109140', 'TRIENG PALOH', ''),
(2978, '1109140051', '1109140', 'LEUHOB PALOH', ''),
(2979, '1109140052', '1109140', 'PANTE CRUNG TANJONG', ''),
(2980, '1109140053', '1109140', 'GRONG GRONG GOGO', ''),
(2981, '1109140054', '1109140', 'SEUKEUM BROK  BEURABO', ''),
(2982, '1109140055', '1109140', 'BARO BEURABO', ''),
(2983, '1109140056', '1109140', 'MEURIYA TANJONG', ''),
(2984, '1109140057', '1109140', 'KHANG TANJONG', ''),
(2985, '1109140058', '1109140', 'LEUN TANJONG', ''),
(2986, '1109140059', '1109140', 'COT KETAPANG TANJONG', ''),
(2987, '1109140060', '1109140', 'SIRON TANJONG', ''),
(2988, '1109140061', '1109140', 'MESJID TANJONG', ''),
(2989, '1109140062', '1109140', 'KEUPULA TANJONG', ''),
(2990, '1109140063', '1109140', 'JOK TANJONG', ''),
(2991, '1109140064', '1109140', 'TUNONG TANJONG', ''),
(2992, '1109150001', '1109150', 'KRUENG COT', ''),
(2993, '1109150002', '1109150', 'DAYAH BARO', ''),
(2994, '1109150003', '1109150', 'DAYAH BEUAH', ''),
(2995, '1109150004', '1109150', 'MESJID BEUAH', ''),
(2996, '1109150005', '1109150', 'SUKON LHONG', ''),
(2997, '1109150006', '1109150', 'SEUPEUNG', ''),
(2998, '1109150007', '1109150', 'LHEE MEUNASAH', ''),
(2999, '1109150008', '1109150', 'PUUK', ''),
(3000, '1109150009', '1109150', 'ULEE TUTUE RAYA', ''),
(3001, '1109150010', '1109150', 'MESJID AREE', ''),
(3002, '1109150011', '1109150', 'KEURUMBOK', ''),
(3003, '1109150012', '1109150', 'PULO TUNONG', ''),
(3004, '1109150013', '1109150', 'TUNONG', ''),
(3005, '1109150014', '1109150', 'RAYA', ''),
(3006, '1109150015', '1109150', 'DABOH', ''),
(3007, '1109150016', '1109150', 'CUT', ''),
(3008, '1109150017', '1109150', 'TANJUNG', ''),
(3009, '1109150018', '1109150', 'BULOH', ''),
(3010, '1109150019', '1109150', 'DAYAH REUBEE', ''),
(3011, '1109150020', '1109150', 'BUNGO', ''),
(3012, '1109150021', '1109150', 'KUMBANG', ''),
(3013, '1109150022', '1109150', 'REUBA', '');
INSERT INTO `Village` (`idVillage`, `VillageCode`, `DistrictCode`, `VillageNameID`, `VillageNameEN`) VALUES
(3014, '1109150023', '1109150', 'KRUENG', ''),
(3015, '1109150024', '1109150', 'NEULOP', ''),
(3016, '1109150025', '1109150', 'GEUDONG', ''),
(3017, '1109150026', '1109150', 'MESJID REUBEE', ''),
(3018, '1109150027', '1109150', 'CEURIH KEUPULA', ''),
(3019, '1109150028', '1109150', 'PULO BAROH', ''),
(3020, '1109150029', '1109150', 'KEUTAPANG AREE', ''),
(3021, '1109150030', '1109150', 'PANTEE', ''),
(3022, '1109150031', '1109150', 'CEURIH BLANG MEE', ''),
(3023, '1109150032', '1109150', 'CEURIH COT', ''),
(3024, '1109150033', '1109150', 'CEURIH ALUE', ''),
(3025, '1109150034', '1109150', 'REUNTOH', ''),
(3026, '1109150035', '1109150', 'JAMBEE', ''),
(3027, '1109150036', '1109150', 'GLEE', ''),
(3028, '1109150039', '1109150', 'KEUTAPANG BAMBONG', ''),
(3029, '1109150040', '1109150', 'PANGOE', ''),
(3030, '1109150041', '1109150', 'METAREUM', ''),
(3031, '1109150042', '1109150', 'LUENG DAMA', ''),
(3032, '1109150043', '1109150', 'RUSEP', ''),
(3033, '1109150044', '1109150', 'MESJID BAMBONG', ''),
(3034, '1109150045', '1109150', 'SAGOE', ''),
(3035, '1109150046', '1109150', 'SEUKEUM', ''),
(3036, '1109151001', '1109151', 'BEUREULEUNG', ''),
(3037, '1109151002', '1109151', 'PANGGE/PILOK', ''),
(3038, '1109151003', '1109151', 'NICAH', ''),
(3039, '1109151004', '1109151', 'MESJID MEMEUANEUK', ''),
(3040, '1109151005', '1109151', 'SENTOSA', ''),
(3041, '1109151006', '1109151', 'SUKON', ''),
(3042, '1109151007', '1109151', 'DAKA', ''),
(3043, '1109151008', '1109151', 'BAROH BEUREULEUNG', ''),
(3044, '1109151009', '1109151', 'TEUNGOH BEUREULEUNG', ''),
(3045, '1109151010', '1109151', 'MESJID BEUREULEUNG', ''),
(3046, '1109151011', '1109151', 'MEE BEUREULEUNG', ''),
(3047, '1109151012', '1109151', 'PAYA', ''),
(3048, '1109151013', '1109151', 'GINTONG', ''),
(3049, '1109151014', '1109151', 'KARIENG', ''),
(3050, '1109151015', '1109151', 'GRONG GRONG', ''),
(3051, '1109160001', '1109160', 'TUHA SUWIEK', ''),
(3052, '1109160002', '1109160', 'MESJID SUWIEK', ''),
(3053, '1109160003', '1109160', 'TEUNGOH SUWIEK', ''),
(3054, '1109160004', '1109160', 'BEUREUDEUP', ''),
(3055, '1109160005', '1109160', 'SUKON ULGA', ''),
(3056, '1109160006', '1109160', 'PEUTOE', ''),
(3057, '1109160007', '1109160', 'GLEE GAPUI', ''),
(3058, '1109160008', '1109160', 'MESJID ULGA', ''),
(3059, '1109160009', '1109160', 'BLANG RAPAI', ''),
(3060, '1109160010', '1109160', 'BALEE BAROH GAPUI', ''),
(3061, '1109160011', '1109160', 'NEULOP II', ''),
(3062, '1109160012', '1109160', 'BARO GAPUI', ''),
(3063, '1109160013', '1109160', 'MESJID DIJIEM', ''),
(3064, '1109160014', '1109160', 'GUCI', ''),
(3065, '1109160015', '1109160', 'WAKEUEH', ''),
(3066, '1109160016', '1109160', 'DAYAH BIE', ''),
(3067, '1109160017', '1109160', 'JURONG', ''),
(3068, '1109160018', '1109160', 'BARO BLUEK', ''),
(3069, '1109160019', '1109160', 'RUMIA', ''),
(3070, '1109160020', '1109160', 'KEUTAPANG', ''),
(3071, '1109160021', '1109160', 'COT SEUKEE', ''),
(3072, '1109160022', '1109160', 'DRIEN', ''),
(3073, '1109160023', '1109160', 'BALE BAROH BLUEK', ''),
(3074, '1109160024', '1109160', 'TEUNGOH BLANG', ''),
(3075, '1109160025', '1109160', 'MEULAYU', ''),
(3076, '1109160026', '1109160', 'SUKON TUNGKOP', ''),
(3077, '1109160027', '1109160', 'KEUBANG', ''),
(3078, '1109160028', '1109160', 'GAROT CUT', ''),
(3079, '1109160029', '1109160', 'RAWA TUNGKOP', ''),
(3080, '1109160030', '1109160', 'MESJID TUNGKOP', ''),
(3081, '1109160031', '1109160', 'LAMREUNEUNG', ''),
(3082, '1109160032', '1109160', 'LAMKABU', ''),
(3083, '1109160033', '1109160', 'MESJID BARO', ''),
(3084, '1109160034', '1109160', 'TAMPIENG BAROH', ''),
(3085, '1109160035', '1109160', 'DAYAH CALEUE', ''),
(3086, '1109160036', '1109160', 'TAMPIENG TUNONG', ''),
(3087, '1109160037', '1109160', 'ULEE BIRAH', ''),
(3088, '1109160038', '1109160', 'BLANG LHOK KAJU', ''),
(3089, '1109160039', '1109160', 'BARO JRUEK', ''),
(3090, '1109160040', '1109160', 'MESJID LAM UJONG', ''),
(3091, '1109160041', '1109160', 'TUNGKOP CUT', ''),
(3092, '1109160042', '1109160', 'DAYAH MUARA GAROT', ''),
(3093, '1109160043', '1109160', 'BLANG GAROT', ''),
(3094, '1109160044', '1109160', 'PULO GAMPONG U', ''),
(3095, '1109160045', '1109160', 'DAYAH KEURAKO', ''),
(3096, '1109160046', '1109160', 'YUB MEE', ''),
(3097, '1109160047', '1109160', 'RAYA LHOK KAJU', ''),
(3098, '1109160048', '1109160', 'PANTE GAROT', ''),
(3099, '1109160049', '1109160', 'PANTE LHOK KAJU', ''),
(3100, '1109170001', '1109170', 'BLUEK ARAB', ''),
(3101, '1109170002', '1109170', 'SIALET ALET', ''),
(3102, '1109170003', '1109170', 'MEE TANOH', ''),
(3103, '1109170004', '1109170', 'PUUK', ''),
(3104, '1109170005', '1109170', 'BALEE', ''),
(3105, '1109170006', '1109170', 'MEUNJEE MESJID', ''),
(3106, '1109170007', '1109170', 'SUMBOE BUGA', ''),
(3107, '1109170008', '1109170', 'RAMBAYAN KUPULA', ''),
(3108, '1109170009', '1109170', 'RAMBAYAN LUENG', ''),
(3109, '1109170010', '1109170', 'DAYAH BUBUE', ''),
(3110, '1109170011', '1109170', 'TANJONG HAGU', ''),
(3111, '1109170012', '1109170', 'DUA PAYA', ''),
(3112, '1109170013', '1109170', 'MEE LAMPOIH SAKA', ''),
(3113, '1109170014', '1109170', 'LUENG GUCI RUMPONG', ''),
(3114, '1109170015', '1109170', 'COT MULU', ''),
(3115, '1109170016', '1109170', 'KUMBANG WAIDO', ''),
(3116, '1109170017', '1109170', 'WAIDO', ''),
(3117, '1109170018', '1109170', 'DAYAH SEUMIDEN', ''),
(3118, '1109170019', '1109170', 'BLANG SEUPENG', ''),
(3119, '1109170020', '1109170', 'DAYAH MUARA', ''),
(3120, '1109170021', '1109170', 'MEULEUWEUK', ''),
(3121, '1109170022', '1109170', 'JIM', ''),
(3122, '1109170023', '1109170', 'KABAT', ''),
(3123, '1109170024', '1109170', 'LEUHOB', ''),
(3124, '1109170025', '1109170', 'PEUNAYONG', ''),
(3125, '1109170026', '1109170', 'MESJID GUCI RUMPONG', ''),
(3126, '1109170027', '1109170', 'MEE KRUKON', ''),
(3127, '1109170028', '1109170', 'REUBA WAIDO', ''),
(3128, '1109170029', '1109170', 'CEMPALA KUNENG', ''),
(3129, '1109170030', '1109170', 'ULEE COT SEUPENG', ''),
(3130, '1109170031', '1109170', 'SAWIET', ''),
(3131, '1109170032', '1109170', 'ULEE TUTUE', ''),
(3132, '1109170033', '1109170', 'KEUTAPANG', ''),
(3133, '1109170034', '1109170', 'JURONG', ''),
(3134, '1109170035', '1109170', 'RAYA KRUENG SEUMIDEN', ''),
(3135, '1109170036', '1109170', 'KRUENG SEUMIDEN', ''),
(3136, '1109170037', '1109170', 'SUKON KRUENG SEUMIDEN', ''),
(3137, '1109170038', '1109170', 'BLANG KRUENG SEUMIDEN', ''),
(3138, '1109170039', '1109170', 'KEUREUMBOK', ''),
(3139, '1109170040', '1109170', 'MEE KRUENG SEUMIDEN', ''),
(3140, '1109170041', '1109170', 'BLANG RAYA', ''),
(3141, '1109170042', '1109170', 'DAYAH TEUNGKU', ''),
(3142, '1109170043', '1109170', 'JURONG RAYA', ''),
(3143, '1109170044', '1109170', 'BALEE RASTONG', ''),
(3144, '1109170045', '1109170', 'LUENG MESJID', ''),
(3145, '1109170046', '1109170', 'TEUNGOH BAROH', ''),
(3146, '1109170047', '1109170', 'MEE HAGU', ''),
(3147, '1109170048', '1109170', 'DAYAH SUKON', ''),
(3148, '1109180001', '1109180', 'BENTAYAN', ''),
(3149, '1109180002', '1109180', 'MEUNASAH KANDANG', ''),
(3150, '1109180003', '1109180', 'PUUK', ''),
(3151, '1109180004', '1109180', 'JURONG BALE', ''),
(3152, '1109180005', '1109180', 'ARON ASAN KUMBANG', ''),
(3153, '1109180006', '1109180', 'MEUNASAH MESJID', ''),
(3154, '1109180007', '1109180', 'MEUNASAH MEE', ''),
(3155, '1109180008', '1109180', 'MEUNASAH TEUNGOH', ''),
(3156, '1109180009', '1109180', 'ASAN', ''),
(3157, '1109180010', '1109180', 'PANJOU', ''),
(3158, '1109180011', '1109180', 'JEUMEURANG', ''),
(3159, '1109180012', '1109180', 'PUSONG', ''),
(3160, '1109180013', '1109180', 'PASI LHOK', ''),
(3161, '1109180014', '1109180', 'KAYEE PANYANG', ''),
(3162, '1109180015', '1109180', 'TANJONG', ''),
(3163, '1109180016', '1109180', 'LAMKAWE', ''),
(3164, '1109180017', '1109180', 'BLANG CUT', ''),
(3165, '1109180018', '1109180', 'GEULUMPANG', ''),
(3166, '1109180019', '1109180', 'ARON KUTA BARO', ''),
(3167, '1109180020', '1109180', 'ARAIH', ''),
(3168, '1109180021', '1109180', 'BARAT', ''),
(3169, '1109180022', '1109180', 'TEUMPEUN', ''),
(3170, '1109180023', '1109180', 'REUNG REUNG', ''),
(3171, '1109180024', '1109180', 'DAYAH BLANG', ''),
(3172, '1109180025', '1109180', 'CEBREK', ''),
(3173, '1109180026', '1109180', 'DAYAH MON ARA', ''),
(3174, '1109180027', '1109180', 'JURONG MESJID', ''),
(3175, '1109180028', '1109180', 'MEUNASAH GANTUNG', ''),
(3176, '1109180029', '1109180', 'BABAH JURONG', ''),
(3177, '1109180030', '1109180', 'MEURAKSA', ''),
(3178, '1109180031', '1109180', 'ARUSAN', ''),
(3179, '1109180032', '1109180', 'JARENG', ''),
(3180, '1109180033', '1109180', 'KEUPULA', ''),
(3181, '1109180034', '1109180', 'KEUREUMBOK', ''),
(3182, '1109180035', '1109180', 'MATANG KULI', ''),
(3183, '1109180036', '1109180', 'MEUNASAH MANYANG', ''),
(3184, '1109180037', '1109180', 'MEUNASAH KRUENG', ''),
(3185, '1109180038', '1109180', 'MEUNASAH BARO', ''),
(3186, '1109180039', '1109180', 'SUKON', ''),
(3187, '1109180040', '1109180', 'ARA', ''),
(3188, '1109180041', '1109180', 'KRUENG DHOU', ''),
(3189, '1109180042', '1109180', 'TANJONG KRUENG', ''),
(3190, '1109180043', '1109180', 'LANCANG', ''),
(3191, '1109180044', '1109180', 'KEUDE IE LEUBEUE', ''),
(3192, '1109180045', '1109180', 'PASI IE LEUBEUE', ''),
(3193, '1109190001', '1109190', 'RAYA PAYA', ''),
(3194, '1109190002', '1109190', 'MESJID BUNGIE', ''),
(3195, '1109190003', '1109190', 'LILIEP', ''),
(3196, '1109190004', '1109190', 'UJONG BAROH', ''),
(3197, '1109190005', '1109190', 'SEUK CUKOK', ''),
(3198, '1109190006', '1109190', 'PULO TU', ''),
(3199, '1109190007', '1109190', 'PALOH TOK DUE', ''),
(3200, '1109190008', '1109190', 'MEUNASAH JUERONG', ''),
(3201, '1109190009', '1109190', 'KAMPUNG BLANG', ''),
(3202, '1109190010', '1109190', 'KULAM BARO', ''),
(3203, '1109190011', '1109190', 'LINGGONG SAGOE', ''),
(3204, '1109190012', '1109190', 'BLANG LEUEN', ''),
(3205, '1109190013', '1109190', 'MESJID TUNGUE', ''),
(3206, '1109190014', '1109190', 'ULEE BARAT', ''),
(3207, '1109190015', '1109190', 'EMPEH', ''),
(3208, '1109190016', '1109190', 'PADANG', ''),
(3209, '1109190017', '1109190', 'DAYAH BLANG', ''),
(3210, '1109190018', '1109190', 'TEUNGOH MANGKI', ''),
(3211, '1109190019', '1109190', 'DAYAH BLANG CUT', ''),
(3212, '1109190020', '1109190', 'NIEN', ''),
(3213, '1109190021', '1109190', 'CURUCOK TIMUR', ''),
(3214, '1109190022', '1109190', 'JAJA TUNONG', ''),
(3215, '1109190023', '1109190', 'UJONG GAMPONG', ''),
(3216, '1109190024', '1109190', 'LHEUE', ''),
(3217, '1109190025', '1109190', 'JAJA BAROH', ''),
(3218, '1109190026', '1109190', 'PULO RAYA', ''),
(3219, '1109190027', '1109190', 'CURUCOK BARAT', ''),
(3220, '1109190028', '1109190', 'CURUCOK SAGOE', ''),
(3221, '1109190029', '1109190', 'COT ARA', ''),
(3222, '1109190030', '1109190', 'MADIKA', ''),
(3223, '1109190031', '1109190', 'SAGOE', ''),
(3224, '1109190032', '1109190', 'BUNIEN', ''),
(3225, '1109190033', '1109190', 'COT PALEUE', ''),
(3226, '1109190034', '1109190', 'RAYA PALEUE', ''),
(3227, '1109190035', '1109190', 'PANTE', ''),
(3228, '1109190036', '1109190', 'PULO BLANG', ''),
(3229, '1109190037', '1109190', 'GONG', ''),
(3230, '1109190038', '1109190', 'MESJID GIGIENG', ''),
(3231, '1109190039', '1109190', 'COT JAJA', ''),
(3232, '1109190040', '1109190', 'PEUKAN TUHA', ''),
(3233, '1109190041', '1109190', 'PULO GAJAH MATE', ''),
(3234, '1109190042', '1109190', 'MEUNASAH BLANG', ''),
(3235, '1109190043', '1109190', 'MAMPLAM', ''),
(3236, '1109190044', '1109190', 'LAMBIDENG', ''),
(3237, '1109190045', '1109190', 'SEUKEE', ''),
(3238, '1109190046', '1109190', 'MEUNASAH LHEE', ''),
(3239, '1109190047', '1109190', 'MANTAK RAYA', ''),
(3240, '1109190048', '1109190', 'DAYAH LAMPOH AWE', ''),
(3241, '1109190049', '1109190', 'KUPULA', ''),
(3242, '1109190050', '1109190', 'SUKON', ''),
(3243, '1109190051', '1109190', 'CEBREK', ''),
(3244, '1109190052', '1109190', 'PEUKAN SOET', ''),
(3245, '1109200001', '1109200', 'TANJONG KRUENG', ''),
(3246, '1109200002', '1109200', 'MNS PEUKAN', ''),
(3247, '1109200003', '1109200', 'GAMPONG ASAN', ''),
(3248, '1109200004', '1109200', 'BLANG ASAN', ''),
(3249, '1109200005', '1109200', 'BLOK SAWAH', ''),
(3250, '1109200006', '1109200', 'PANTE TEUNGOH', ''),
(3251, '1109200007', '1109200', 'KRAMAT DALAM', ''),
(3252, '1109200008', '1109200', 'KRAMAT LUAR', ''),
(3253, '1109200009', '1109200', 'LAMPOH KRUENG', ''),
(3254, '1109200010', '1109200', 'PASI PEUKAN BARO', ''),
(3255, '1109200011', '1109200', 'PASI RAWA', ''),
(3256, '1109200012', '1109200', 'KUALA PIDIE', ''),
(3257, '1109200013', '1109200', 'BLOK BENGKEL', ''),
(3258, '1109200014', '1109200', 'BENTENG', ''),
(3259, '1109200015', '1109200', 'BLANG PASEH', ''),
(3260, '1109210001', '1109210', 'TUMPOK LAWEUNG', ''),
(3261, '1109210002', '1109210', 'ULEE CEUE KEULIBEUT', ''),
(3262, '1109210003', '1109210', 'KEUDEE', ''),
(3263, '1109210004', '1109210', 'ULEE TUTUE', ''),
(3264, '1109210005', '1109210', 'DALUENG', ''),
(3265, '1109210006', '1109210', 'JAWA', ''),
(3266, '1109210007', '1109210', 'ABO', ''),
(3267, '1109210008', '1109210', 'MEUCAT', ''),
(3268, '1109210009', '1109210', 'BAYU', ''),
(3269, '1109210010', '1109210', 'DAYAH TEUBENG', ''),
(3270, '1109210011', '1109210', 'GAMPONG', ''),
(3271, '1109210012', '1109210', 'COT GEUNDUEK', ''),
(3272, '1109210013', '1109210', 'DAYAH TANOH', ''),
(3273, '1109210014', '1109210', 'DAYAH TUTONG', ''),
(3274, '1109210015', '1109210', 'RAYA SANGGEUE', ''),
(3275, '1109210016', '1109210', 'SIRONG', ''),
(3276, '1109210017', '1109210', 'KEUTUMBU', ''),
(3277, '1109210018', '1109210', 'JEULEUPE', ''),
(3278, '1109210019', '1109210', 'KRUENG DHOE', ''),
(3279, '1109210020', '1109210', 'KEUTAPANG', ''),
(3280, '1109210021', '1109210', 'KAMPUNG BARAT', ''),
(3281, '1109210022', '1109210', 'KAMPONG PUKAT', ''),
(3282, '1109210023', '1109210', 'LABUI', ''),
(3283, '1109210024', '1109210', 'TANJONG', ''),
(3284, '1109210025', '1109210', 'TIJUE', ''),
(3285, '1109210026', '1109210', 'PAYA', ''),
(3286, '1109210027', '1109210', 'ULEE CEUE TEUBENG', ''),
(3287, '1109210028', '1109210', 'DAYAH TEUNGOH', ''),
(3288, '1109210029', '1109210', 'MESJID RUNTOH', ''),
(3289, '1109210030', '1109210', 'BAROH', ''),
(3290, '1109210031', '1109210', 'PUUK', ''),
(3291, '1109210032', '1109210', 'LAMPEUDEU TUNONG', ''),
(3292, '1109210033', '1109210', 'LAMPEUDEU BAROH', ''),
(3293, '1109210034', '1109210', 'LAMPOH LADA', ''),
(3294, '1109210035', '1109210', 'KEUNIREE', ''),
(3295, '1109210036', '1109210', 'COT TEUNGOH', ''),
(3296, '1109210037', '1109210', 'COT RHENG', ''),
(3297, '1109210038', '1109210', 'TUMPOK 40', ''),
(3298, '1109210039', '1109210', 'PULO PISANG', ''),
(3299, '1109210040', '1109210', 'PALOH', ''),
(3300, '1109210041', '1109210', 'LAMKUTA', ''),
(3301, '1109210042', '1109210', 'LHOK KEUTAPANG', ''),
(3302, '1109210043', '1109210', 'TIBANG', ''),
(3303, '1109210044', '1109210', 'JEUMPA', ''),
(3304, '1109210045', '1109210', 'UJONG LANGGO', ''),
(3305, '1109210046', '1109210', 'BATEE', ''),
(3306, '1109210047', '1109210', 'BIE', ''),
(3307, '1109210048', '1109210', 'BLANGKULA', ''),
(3308, '1109210049', '1109210', 'ALUE', ''),
(3309, '1109210050', '1109210', 'PAYA LINTEUNG', ''),
(3310, '1109210051', '1109210', 'SEUKEE', ''),
(3311, '1109210052', '1109210', 'SEURI WEUK', ''),
(3312, '1109210053', '1109210', 'PULI', ''),
(3313, '1109210054', '1109210', 'MESJID UTUE', ''),
(3314, '1109210055', '1109210', 'SEUKEUMBROK', ''),
(3315, '1109210056', '1109210', 'LEUBUE', ''),
(3316, '1109210057', '1109210', 'COT GEULUMPANG', ''),
(3317, '1109210058', '1109210', 'GAMPONG BARO', ''),
(3318, '1109210059', '1109210', 'GAJAH AYEE', ''),
(3319, '1109210060', '1109210', 'RAWA', ''),
(3320, '1109210061', '1109210', 'PEUKAN BARO', ''),
(3321, '1109210062', '1109210', 'PULO BUBEE', ''),
(3322, '1109210063', '1109210', 'MANCANG', ''),
(3323, '1109210064', '1109210', 'RAYA UTUE', ''),
(3324, '1109220001', '1109220', 'KAREUNG', ''),
(3325, '1109220002', '1109220', 'AWE', ''),
(3326, '1109220003', '1109220', 'RUNGKOM', ''),
(3327, '1109220004', '1109220', 'PULO PANDE', ''),
(3328, '1109220005', '1109220', 'MEE', ''),
(3329, '1109220006', '1109220', 'ALUE LADA', ''),
(3330, '1109220007', '1109220', 'SEULATAN', ''),
(3331, '1109220008', '1109220', 'TUHA', ''),
(3332, '1109220009', '1109220', 'TEUPIN RAYA', ''),
(3333, '1109220010', '1109220', 'CALONG CUT', ''),
(3334, '1109220011', '1109220', 'DAYAH', ''),
(3335, '1109220012', '1109220', 'MEUCAT', ''),
(3336, '1109220013', '1109220', 'ARON', ''),
(3337, '1109220014', '1109220', 'MESJID', ''),
(3338, '1109220015', '1109220', 'BINTANG HU', ''),
(3339, '1109220016', '1109220', 'DAYAH TUHA', ''),
(3340, '1109220017', '1109220', 'DAYAH BAROH', ''),
(3341, '1109220018', '1109220', 'PULO TUKOK', ''),
(3342, '1109220019', '1109220', 'GLUMPANG LHEE', ''),
(3343, '1109220020', '1109220', 'GEUNTENG TIMUR', ''),
(3344, '1109220021', '1109220', 'GEUNTENG BARAT', ''),
(3345, '1109220022', '1109220', 'PULO BUNGONG', ''),
(3346, '1109220023', '1109220', 'TEUPIN JEUE', ''),
(3347, '1109220024', '1109220', 'NEUHEUN', ''),
(3348, '1109220025', '1109220', 'CRUENG', ''),
(3349, '1109220026', '1109220', 'KULAM', ''),
(3350, '1109220027', '1109220', 'KULEE', ''),
(3351, '1109220028', '1109220', 'PASI BEURANDEH', ''),
(3352, '1109230001', '1109230', 'PAPEUN', ''),
(3353, '1109230002', '1109230', 'TUHA BIHEUE', ''),
(3354, '1109230003', '1109230', 'BATEE', ''),
(3355, '1109230004', '1109230', 'INGIN JAYA', ''),
(3356, '1109230005', '1109230', 'BLANG RAYA', ''),
(3357, '1109230006', '1109230', 'UJONG PIE', ''),
(3358, '1109230007', '1109230', 'SAGOE', ''),
(3359, '1109230008', '1109230', 'IE MASEN', ''),
(3360, '1109230009', '1109230', 'KRUENG', ''),
(3361, '1109230010', '1109230', 'GLE CUT', ''),
(3362, '1109230011', '1109230', 'DEYAH', ''),
(3363, '1109230012', '1109230', 'PAWOD', ''),
(3364, '1109230013', '1109230', 'SUKAJAYA', ''),
(3365, '1109230014', '1109230', 'KEUPULA', ''),
(3366, '1109230015', '1109230', 'MESJID', ''),
(3367, '1109230016', '1109230', 'TGK. DI LAWEUNG', ''),
(3368, '1109230017', '1109230', 'COT', ''),
(3369, '1109230018', '1109230', 'SIMPANG BEUTUONG', ''),
(3370, '1110010001', '1110010', 'MEURAH', ''),
(3371, '1110010002', '1110010', 'COT MEURAK BLANG', ''),
(3372, '1110010003', '1110010', 'BATEE ILIEK', ''),
(3373, '1110010005', '1110010', 'COT MEURAK BAROH', ''),
(3374, '1110010006', '1110010', 'MESJID BARO', ''),
(3375, '1110010007', '1110010', 'DARUSSALAM', ''),
(3376, '1110010009', '1110010', 'MATANG WAKEUH', ''),
(3377, '1110010010', '1110010', 'MATANG JAREUNG', ''),
(3378, '1110010011', '1110010', 'ALUE BARAT', ''),
(3379, '1110010012', '1110010', 'ULEE ALUE', ''),
(3380, '1110010013', '1110010', 'COT MANE', ''),
(3381, '1110010034', '1110010', 'PALOH', ''),
(3382, '1110010035', '1110010', 'GAMPONG MEULUM', ''),
(3383, '1110010036', '1110010', 'GEULUMPANG BUNGKOK', ''),
(3384, '1110010037', '1110010', 'LANCOK', ''),
(3385, '1110010038', '1110010', 'ULEE JEUMATAN', ''),
(3386, '1110010039', '1110010', 'LHOK SEUMIRA', ''),
(3387, '1110010040', '1110010', 'LUENG KEUBEU', ''),
(3388, '1110010041', '1110010', 'MIDEUN GEUDONG', ''),
(3389, '1110010042', '1110010', 'MEUNASAH LUENG', ''),
(3390, '1110010043', '1110010', 'NAMPLOH PAPEUEN', ''),
(3391, '1110010044', '1110010', 'MEULIEK', ''),
(3392, '1110010048', '1110010', 'NAMPLOH KRUENG', ''),
(3393, '1110010049', '1110010', 'MIDEUN JOK', ''),
(3394, '1110010050', '1110010', 'GAMPONG PUTOH', ''),
(3395, '1110010051', '1110010', 'NAMPLOH BARO', ''),
(3396, '1110010052', '1110010', 'NAMPLOH BLANG GARANG', ''),
(3397, '1110010053', '1110010', 'KANDANG', ''),
(3398, '1110010054', '1110010', 'NAMPLOH MANYANG', ''),
(3399, '1110010070', '1110010', 'SANGSO', ''),
(3400, '1110010071', '1110010', 'KEUDE ACEH', ''),
(3401, '1110010072', '1110010', 'GAMPONG BARO', ''),
(3402, '1110010073', '1110010', 'PINEUNG SIRI BEE', ''),
(3403, '1110010074', '1110010', 'MATANG TEUNGOH', ''),
(3404, '1110010075', '1110010', 'ULEE UE', ''),
(3405, '1110010076', '1110010', 'TANJONGAN IDEM', ''),
(3406, '1110010077', '1110010', 'TANJONG BARO', ''),
(3407, '1110010078', '1110010', 'MEUNASAH LINCAH', ''),
(3408, '1110010079', '1110010', 'ANKIENG BARAT', ''),
(3409, '1110010080', '1110010', 'MEUNASAH PUUK', ''),
(3410, '1110010081', '1110010', 'MEUNASAH LANCOK', ''),
(3411, '1110010082', '1110010', 'COT SIREN', ''),
(3412, '1110010084', '1110010', 'PANTE RHEENG', ''),
(3413, '1110010085', '1110010', 'PULO BAROH', ''),
(3414, '1110010086', '1110010', 'MATANG', ''),
(3415, '1110010087', '1110010', 'GEULUMPANG PAYONG', ''),
(3416, '1110011001', '1110011', 'GLE MEUNDONG', ''),
(3417, '1110011002', '1110011', 'IE RHOB BABAH LUENG', ''),
(3418, '1110011003', '1110011', 'LHOK TANOH', ''),
(3419, '1110011004', '1110011', 'KRUENG MEUSEUGOB', ''),
(3420, '1110011005', '1110011', 'PAKU', ''),
(3421, '1110011006', '1110011', 'BLANG TAMBUE', ''),
(3422, '1110011007', '1110011', 'MEUNASAH MAMPLAM', ''),
(3423, '1110011008', '1110011', 'PULO DAPONG', ''),
(3424, '1110011009', '1110011', 'COT TRIENG', ''),
(3425, '1110011010', '1110011', 'IE RHOB TIMUR', ''),
(3426, '1110011011', '1110011', 'IE RHOB BARAT', ''),
(3427, '1110011012', '1110011', 'MEUNASAH DAYAH', ''),
(3428, '1110011013', '1110011', 'PULO DRIEN', ''),
(3429, '1110011014', '1110011', 'IE RHOB GEULUMPANG', ''),
(3430, '1110011015', '1110011', 'CEUREUCOK', ''),
(3431, '1110011016', '1110011', 'ARONGAN', ''),
(3432, '1110011017', '1110011', 'BALEE', ''),
(3433, '1110011018', '1110011', 'BLANG MANE BARAT', ''),
(3434, '1110011019', '1110011', 'BLANG MANE DUA MEUNASAH', ''),
(3435, '1110011020', '1110011', 'JURONG BINJE', ''),
(3436, '1110011021', '1110011', 'MEUNASAH MESJID', ''),
(3437, '1110011022', '1110011', 'BLANG TEUMULEK', ''),
(3438, '1110011023', '1110011', 'BLANG KUTA DUA MEUNASAH', ''),
(3439, '1110011024', '1110011', 'BLANG KUTA COH', ''),
(3440, '1110011025', '1110011', 'RHEUM TIMUR', ''),
(3441, '1110011026', '1110011', 'RHEUM BARAT', ''),
(3442, '1110011027', '1110011', 'RHEUM BAROUH', ''),
(3443, '1110011028', '1110011', 'LANCANG', ''),
(3444, '1110011029', '1110011', 'KEUDE TAMBUE', ''),
(3445, '1110011030', '1110011', 'MEUNASAH ASAN', ''),
(3446, '1110011031', '1110011', 'PEUNEULET TUNONG', ''),
(3447, '1110011032', '1110011', 'CURE TUNONG', ''),
(3448, '1110011033', '1110011', 'CURE BAROH', ''),
(3449, '1110011034', '1110011', 'PEUNELET BAROH', ''),
(3450, '1110011035', '1110011', 'ULEE KAREUNG', ''),
(3451, '1110011036', '1110011', 'ALUE LEUHOB', ''),
(3452, '1110011037', '1110011', 'BLANG PANYANG', ''),
(3453, '1110011038', '1110011', 'CALOK', ''),
(3454, '1110011039', '1110011', 'MEUNASAH BARAT', ''),
(3455, '1110011040', '1110011', 'TAMBUE BARAT', ''),
(3456, '1110011041', '1110011', 'LHOK MANE', ''),
(3457, '1110020001', '1110020', 'SEUNEUBOK BARO', ''),
(3458, '1110020002', '1110020', 'PANTON BILI', ''),
(3459, '1110020003', '1110020', 'BLANG SAMA GADENG', ''),
(3460, '1110020004', '1110020', 'COT LEUBENG', ''),
(3461, '1110020005', '1110020', 'BANTAYAN', ''),
(3462, '1110020006', '1110020', 'KUTA REUSEP', ''),
(3463, '1110020007', '1110020', 'G A R O T', ''),
(3464, '1110020008', '1110020', 'GAMPONG BLANG', ''),
(3465, '1110020009', '1110020', 'MNS TEUNGOH', ''),
(3466, '1110020010', '1110020', 'PANDRAH JANENG', ''),
(3467, '1110020011', '1110020', 'PANDRAH KANDEH', ''),
(3468, '1110020012', '1110020', 'MNS. REUDEUP', ''),
(3469, '1110020013', '1110020', 'ALUE IGEUEH', ''),
(3470, '1110020014', '1110020', 'LHOK DAGANG', ''),
(3471, '1110020015', '1110020', 'LANCOK ULIM', ''),
(3472, '1110020016', '1110020', 'NASE ME', ''),
(3473, '1110020017', '1110020', 'PANTON', ''),
(3474, '1110020018', '1110020', 'UTEUN KRUET', ''),
(3475, '1110020019', '1110020', 'NASE BARAT', ''),
(3476, '1110030001', '1110030', 'JEUMPA SIKUREUNG', ''),
(3477, '1110030002', '1110030', 'BLANG POROH', ''),
(3478, '1110030003', '1110030', 'LHOK KULAM', ''),
(3479, '1110030010', '1110030', 'SAMPOI AJAD', ''),
(3480, '1110030011', '1110030', 'ULEE BLANG', ''),
(3481, '1110030012', '1110030', 'ALUE SEUTUI', ''),
(3482, '1110030013', '1110030', 'BLANG NEUBOK', ''),
(3483, '1110030014', '1110030', 'MEUNASAH ALUE', ''),
(3484, '1110030015', '1110030', 'MEUNASAH TUNONG LUENG', ''),
(3485, '1110030016', '1110030', 'LHEUE SIMPANG', ''),
(3486, '1110030017', '1110030', 'LHEUE BARAT', ''),
(3487, '1110030018', '1110030', 'MEUNASAH DAYAH', ''),
(3488, '1110030019', '1110030', 'MEUNASAH KEUPULA', ''),
(3489, '1110030020', '1110030', 'ULEE GAJAH', ''),
(3490, '1110030021', '1110030', 'UTEUN PUPALEH', ''),
(3491, '1110030022', '1110030', 'DARUL AMAN', ''),
(3492, '1110030023', '1110030', 'LAMPOH OE', ''),
(3493, '1110030024', '1110030', 'PULO RANGKILEH', ''),
(3494, '1110030025', '1110030', 'TUFAH', ''),
(3495, '1110030030', '1110030', 'TANJONG BUNGONG', ''),
(3496, '1110030031', '1110030', 'DAYAH BARO', ''),
(3497, '1110030032', '1110030', 'ULEE RABO', ''),
(3498, '1110030033', '1110030', 'LHUENG TENGOH', ''),
(3499, '1110030034', '1110030', 'MEUNASAH TAMBO', ''),
(3500, '1110030035', '1110030', 'MEUNASAH KEUTAPANG', ''),
(3501, '1110030036', '1110030', 'COT GEULUMPANG TUNONG', ''),
(3502, '1110030037', '1110030', 'COT GEULUMPANG BAROH', ''),
(3503, '1110030038', '1110030', 'KEUDE JEUNIEB', ''),
(3504, '1110030039', '1110030', 'JANGGOT SEUNGKO', ''),
(3505, '1110030040', '1110030', 'BLANG MEE TIMU', ''),
(3506, '1110030041', '1110030', 'MATANG NIBONG', ''),
(3507, '1110030042', '1110030', 'BLANG MEE BARAT', ''),
(3508, '1110030043', '1110030', 'MATANG TEUNGOH', ''),
(3509, '1110030044', '1110030', 'MATANG BANGKA', ''),
(3510, '1110030045', '1110030', 'BLANG LANCANG', ''),
(3511, '1110030046', '1110030', 'LANCANG', ''),
(3512, '1110030047', '1110030', 'TEUPIN KEUPULA', ''),
(3513, '1110030057', '1110030', 'MEUNASAH LUENG', ''),
(3514, '1110030058', '1110030', 'ALUE LAM SABA', ''),
(3515, '1110030059', '1110030', 'DAYAH BLANG RALEU', ''),
(3516, '1110030060', '1110030', 'MEUNASAH BLANG', ''),
(3517, '1110030061', '1110030', 'PAYA BILI', ''),
(3518, '1110030062', '1110030', 'MEUNASAH KOTA', ''),
(3519, '1110031001', '1110031', 'BALEE DAKA', ''),
(3520, '1110031002', '1110031', 'MATANG KULE', ''),
(3521, '1110031003', '1110031', 'LANCOK BUNGO', ''),
(3522, '1110031004', '1110031', 'TEUPIN PANAH', ''),
(3523, '1110031005', '1110031', 'SEUNEUBOK PUNTI', ''),
(3524, '1110031006', '1110031', 'UTEUN RUNGKOM', ''),
(3525, '1110031007', '1110031', 'UTEUN SIKUMBONG', ''),
(3526, '1110031008', '1110031', 'JAMBO DALAM', ''),
(3527, '1110031009', '1110031', 'PALOH PUPU', ''),
(3528, '1110031010', '1110031', 'RAMBONG PAYONG', ''),
(3529, '1110031011', '1110031', 'COT GEULUMPANG', ''),
(3530, '1110031012', '1110031', 'SEUNEUBOK ACEH', ''),
(3531, '1110031013', '1110031', 'SEUNEUBOK NALAN', ''),
(3532, '1110031014', '1110031', 'KRUENG BARO', ''),
(3533, '1110031015', '1110031', 'KEUDE PLIMBANG', ''),
(3534, '1110031016', '1110031', 'PUUEK', ''),
(3535, '1110031017', '1110031', 'PADANG KASAB', ''),
(3536, '1110031018', '1110031', 'SEUNEUBOK SEUMAWE', ''),
(3537, '1110031019', '1110031', 'SEUNEUBOK PLIMBANG', ''),
(3538, '1110031020', '1110031', 'SEUNEUBOK TEUNGOH', ''),
(3539, '1110031021', '1110031', 'GARAB', ''),
(3540, '1110031022', '1110031', 'KUTA TRIENG', ''),
(3541, '1110040001', '1110040', 'BLANG RANGKULUH', ''),
(3542, '1110040002', '1110040', 'ALUE SIJUEK', ''),
(3543, '1110040003', '1110040', 'BUKET PAYA', ''),
(3544, '1110040004', '1110040', 'DAYAH MON ARA', ''),
(3545, '1110040005', '1110040', 'PULO ARA', ''),
(3546, '1110040006', '1110040', 'COT LAOT', ''),
(3547, '1110040007', '1110040', 'MEUNASAH BUNGO', ''),
(3548, '1110040008', '1110040', 'PAYA BUNOT', ''),
(3549, '1110040009', '1110040', 'COT KEUTAPANG', ''),
(3550, '1110040010', '1110040', 'LAWANG', ''),
(3551, '1110040011', '1110040', 'HAGU', ''),
(3552, '1110040012', '1110040', 'MEUNASAH KRUENG', ''),
(3553, '1110040013', '1110040', 'MEUNASAH RABO', ''),
(3554, '1110040014', '1110040', 'MEUNASAH TAMBO', ''),
(3555, '1110040015', '1110040', 'MEUNASAH BAROH', ''),
(3556, '1110040016', '1110040', 'BLANG MATANG', ''),
(3557, '1110040017', '1110040', 'MEUNASAH TUNONG', ''),
(3558, '1110040018', '1110040', 'MEUNASAH ALUE', ''),
(3559, '1110040019', '1110040', 'BLANG BATI', ''),
(3560, '1110040020', '1110040', 'KEUDE ALUE RHEING', ''),
(3561, '1110040021', '1110040', 'PULO LAWANG', ''),
(3562, '1110040022', '1110040', 'KARIENG', ''),
(3563, '1110040023', '1110040', 'BLANG GLUMPANG', ''),
(3564, '1110040024', '1110040', 'MEUNASAH MESJID', ''),
(3565, '1110040025', '1110040', 'MEUNASAH CUT', ''),
(3566, '1110040026', '1110040', 'MATANG REULEUT', ''),
(3567, '1110040027', '1110040', 'MEUNASAH PULO', ''),
(3568, '1110040028', '1110040', 'ARA BUNGONG', ''),
(3569, '1110040029', '1110040', 'GAROT', ''),
(3570, '1110040030', '1110040', 'BLANG BEURURU', ''),
(3571, '1110040031', '1110040', 'JABET', ''),
(3572, '1110040032', '1110040', 'SAWANG', ''),
(3573, '1110040033', '1110040', 'BLANG KUBU', ''),
(3574, '1110040034', '1110040', 'MATANG PASI', ''),
(3575, '1110040035', '1110040', 'KUKUE', ''),
(3576, '1110040036', '1110040', 'MEUNASAH BLANG', ''),
(3577, '1110040037', '1110040', 'GAMPONG BARO', ''),
(3578, '1110040038', '1110040', 'GAMPONG PAYA', ''),
(3579, '1110040039', '1110040', 'SEUNEUBOK PAYA', ''),
(3580, '1110040040', '1110040', 'MEUNASAH TEUNGOH', ''),
(3581, '1110040041', '1110040', 'CALOK', ''),
(3582, '1110040042', '1110040', 'TANJONG SEULAMAT', ''),
(3583, '1110040043', '1110040', 'JABA', ''),
(3584, '1110040044', '1110040', 'COT KRUET', ''),
(3585, '1110040045', '1110040', 'ALUE KEUTAPANG', ''),
(3586, '1110040046', '1110040', 'ALUE GANDAI', ''),
(3587, '1110040047', '1110040', 'TGK.DI BATHON', ''),
(3588, '1110040048', '1110040', 'PAYA BARAT', ''),
(3589, '1110040049', '1110040', 'GAMPONG MULIA', ''),
(3590, '1110040050', '1110040', 'NEUBOK NALEUNG', ''),
(3591, '1110040051', '1110040', 'PAYA TIMU', ''),
(3592, '1110040052', '1110040', 'PINTO RIMBA', ''),
(3593, '1110050001', '1110050', 'KRUENG SIMPO', ''),
(3594, '1110050002', '1110050', 'TEUPIN MANEE', ''),
(3595, '1110050003', '1110050', 'BUNYOT', ''),
(3596, '1110050004', '1110050', 'PANTE BARO', ''),
(3597, '1110050005', '1110050', 'MANE MEUJINGKI', ''),
(3598, '1110050006', '1110050', 'ABEUK BUDI', ''),
(3599, '1110050007', '1110050', 'BLANG KEUTUMBA', ''),
(3600, '1110050008', '1110050', 'SEUNEUBOK PEURADEN', ''),
(3601, '1110050009', '1110050', 'PAYA CUT', ''),
(3602, '1110050010', '1110050', 'ALUE UNOU', ''),
(3603, '1110050011', '1110050', 'BATEE RAYA', ''),
(3604, '1110050012', '1110050', 'JULI MEE TEUNGOH', ''),
(3605, '1110050013', '1110050', 'SEUNEUBOK GUNCI', ''),
(3606, '1110050014', '1110050', 'GEULUMPANG MEU JIMJIM', ''),
(3607, '1110050016', '1110050', 'JULI TAMBOI TANJONG', ''),
(3608, '1110050017', '1110050', 'JULI SEUTUY', ''),
(3609, '1110050018', '1110050', 'JULI COT MESJID', ''),
(3610, '1110050019', '1110050', 'SUKA TANI', ''),
(3611, '1110050020', '1110050', 'JULI KEUDEE DUA', ''),
(3612, '1110050021', '1110050', 'SIMPANG JAYA', ''),
(3613, '1110050022', '1110050', 'ALUE RAMBONG', ''),
(3614, '1110050023', '1110050', 'BUKET MULIA', ''),
(3615, '1110050024', '1110050', 'JULI MEUNASAH TEUNGOH', ''),
(3616, '1110050025', '1110050', 'JULI TGK DILAMPOH', ''),
(3617, '1110050026', '1110050', 'JULI SEUPENG', ''),
(3618, '1110050027', '1110050', 'JULI MEUNASAH TAMBO', ''),
(3619, '1110050028', '1110050', 'PASEH', ''),
(3620, '1110050029', '1110050', 'JULI PAYA RU', ''),
(3621, '1110050030', '1110050', 'JULI COT MEURAK', ''),
(3622, '1110050031', '1110050', 'RANTO PANYANG', ''),
(3623, '1110050032', '1110050', 'SEUNEUBOK DALAM', ''),
(3624, '1110050033', '1110050', 'BALEE PANAH', ''),
(3625, '1110050034', '1110050', 'SIMPANG MULIA', ''),
(3626, '1110050035', '1110050', 'JULI MEUNASAH JOK', ''),
(3627, '1110050036', '1110050', 'JULI UROEK ANOE', ''),
(3628, '1110050037', '1110050', 'PANTE PEUSANGAN', ''),
(3629, '1110060001', '1110060', 'ABEUK USONG', ''),
(3630, '1110060002', '1110060', 'BLANG SEUPENG', ''),
(3631, '1110060003', '1110060', 'COT IBOIH', ''),
(3632, '1110060004', '1110060', 'SEUNEUBOK LHONG', ''),
(3633, '1110060005', '1110060', 'PALOH PANYANG', ''),
(3634, '1110060006', '1110060', 'BLANG RHEUM', ''),
(3635, '1110060007', '1110060', 'COT ULIM', ''),
(3636, '1110060008', '1110060', 'COT LEUSONG', ''),
(3637, '1110060009', '1110060', 'BLANG SEUNONG', ''),
(3638, '1110060010', '1110060', 'COT KEUTAPANG', ''),
(3639, '1110060027', '1110060', 'COT TAROM TUNONG', ''),
(3640, '1110060028', '1110060', 'BLANG COT TUNONG', ''),
(3641, '1110060029', '1110060', 'SEULEUMBAH', ''),
(3642, '1110060030', '1110060', 'ABEUK TINGKEUM', ''),
(3643, '1110060031', '1110060', 'BLANG ME', ''),
(3644, '1110060032', '1110060', 'PULO LAWANG', ''),
(3645, '1110060033', '1110060', 'PALOH SEULIMENG', ''),
(3646, '1110060034', '1110060', 'TEUPOK TUNONG', ''),
(3647, '1110060035', '1110060', 'TEUPOK BAROH', ''),
(3648, '1110060036', '1110060', 'COT BADA', ''),
(3649, '1110060037', '1110060', 'COT GADONG', ''),
(3650, '1110060038', '1110060', 'KUALA JEUMPA', ''),
(3651, '1110060039', '1110060', 'BLANG DALAM', ''),
(3652, '1110060040', '1110060', 'BLANG BLADEH', ''),
(3653, '1110060041', '1110060', 'GEULUMPANG PAYONG', ''),
(3654, '1110060042', '1110060', 'BLANG COT BAROH', ''),
(3655, '1110060043', '1110060', 'COT TAROM BAROH', ''),
(3656, '1110060044', '1110060', 'GEUDONG TAMPU', ''),
(3657, '1110060061', '1110060', 'LIPAH CUT', ''),
(3658, '1110060062', '1110060', 'LIPAH RAYEUK', ''),
(3659, '1110060063', '1110060', 'MON JAMBEE', ''),
(3660, '1110060064', '1110060', 'BATEE TIMOH', ''),
(3661, '1110060065', '1110060', 'COT GEURUNDONG', ''),
(3662, '1110060066', '1110060', 'BEURAWANG', ''),
(3663, '1110060073', '1110060', 'BLANG GANDAI', ''),
(3664, '1110060075', '1110060', 'SALAH SIRONG JAYA', ''),
(3665, '1110060076', '1110060', 'MON MANE', ''),
(3666, '1110060077', '1110060', 'ALUE LIMENG', ''),
(3667, '1110060078', '1110060', 'COT MEUGOE', ''),
(3668, '1110060079', '1110060', 'COT IBOIH TIMU', ''),
(3669, '1110060080', '1110060', 'KUTA MEULIGOE', ''),
(3670, '1110060081', '1110060', 'LHAKSMANA', ''),
(3671, '1110061001', '1110061', 'COT PEUTEK', ''),
(3672, '1110061002', '1110061', 'COT JRAT', ''),
(3673, '1110061003', '1110061', 'UTEUN REUTOH', ''),
(3674, '1110061004', '1110061', 'BUKET TEUKUEH', ''),
(3675, '1110061005', '1110061', 'BLANG REULIENG', ''),
(3676, '1110061006', '1110061', 'BLANG TINGKEUM', ''),
(3677, '1110061007', '1110061', 'GEULANGGANG GAMPONG', ''),
(3678, '1110061008', '1110061', 'PULO ARA GEUDONG TEUNGOH', ''),
(3679, '1110061009', '1110061', 'BIREUN MEUNASAH CAPA', ''),
(3680, '1110061010', '1110061', 'BIREUN MEUNSAH TGK DIGADONG', ''),
(3681, '1110061011', '1110061', 'BIREUN MEUNASAH DAYAH', ''),
(3682, '1110061012', '1110061', 'BIREUN MEUNASAH BLANG', ''),
(3683, '1110061013', '1110061', 'BIREUN MNS REULEUT', ''),
(3684, '1110061014', '1110061', 'KOTA BIREUN', ''),
(3685, '1110061015', '1110061', 'PULO KITON', ''),
(3686, '1110061016', '1110061', 'LHOK AWE TEUNGOH', ''),
(3687, '1110061017', '1110061', 'GEUDONG ALUE', ''),
(3688, '1110061018', '1110061', 'GEUDONG GEUDONG', ''),
(3689, '1110061019', '1110061', 'GEULANGGANG TEUNGOH', ''),
(3690, '1110061020', '1110061', 'GEULANGGANG BARO', ''),
(3691, '1110061021', '1110061', 'GEULANGGANG KULAM', ''),
(3692, '1110061022', '1110061', 'COT GAPU', ''),
(3693, '1110061023', '1110061', 'GAMPONG BARO', ''),
(3694, '1110062001', '1110062', 'COT TRIENG', ''),
(3695, '1110062002', '1110062', 'LHOK AWE AWE', ''),
(3696, '1110062003', '1110062', 'COT UNOE', ''),
(3697, '1110062004', '1110062', 'COT BATEE', ''),
(3698, '1110062005', '1110062', 'COT KUTA', ''),
(3699, '1110062006', '1110062', 'COT GLUMPANG', ''),
(3700, '1110062007', '1110062', 'GLUMPANG BAROH', ''),
(3701, '1110062008', '1110062', 'LANCOK PANTE ARA', ''),
(3702, '1110062009', '1110062', 'BALEE KUYUN', ''),
(3703, '1110062010', '1110062', 'KAREUNG', ''),
(3704, '1110062011', '1110062', 'LANCOK LANCOK', ''),
(3705, '1110062012', '1110062', 'COT USIBAK', ''),
(3706, '1110062013', '1110062', 'KUALA RAJA', ''),
(3707, '1110062014', '1110062', 'UJONG BLANG MESJID', ''),
(3708, '1110062015', '1110062', 'WEU JANGKA', ''),
(3709, '1110062016', '1110062', 'COT LAGASAWA', ''),
(3710, '1110062017', '1110062', 'UJONG BLANG', ''),
(3711, '1110062018', '1110062', 'KUTA BARO', ''),
(3712, '1110062019', '1110062', 'KRUENG JULI TIMUR', ''),
(3713, '1110062020', '1110062', 'KRUENG JULI BARAT', ''),
(3714, '1110070001', '1110070', 'PULO U', ''),
(3715, '1110070002', '1110070', 'ABEUK JALOH', ''),
(3716, '1110070003', '1110070', 'PULO SEUNA', ''),
(3717, '1110070004', '1110070', 'PULO BLANG', ''),
(3718, '1110070005', '1110070', 'PULO IBOIH', ''),
(3719, '1110070006', '1110070', 'PULO REUDEUP', ''),
(3720, '1110070007', '1110070', 'GAMPONG MEULINTEUNG', ''),
(3721, '1110070008', '1110070', 'LAMKUTA', ''),
(3722, '1110070009', '1110070', 'RUSEB ARA', ''),
(3723, '1110070010', '1110070', 'LUENG', ''),
(3724, '1110070011', '1110070', 'RUSEB DAYAH', ''),
(3725, '1110070012', '1110070', 'KAMBUEK', ''),
(3726, '1110070013', '1110070', 'BADA TIMU', ''),
(3727, '1110070014', '1110070', 'BADA BARAT', ''),
(3728, '1110070015', '1110070', 'BARAT LANYAN', ''),
(3729, '1110070016', '1110070', 'GEUNDOT', ''),
(3730, '1110070017', '1110070', 'MEUNASAH KRUENG', ''),
(3731, '1110070018', '1110070', 'PAYA BIENG', ''),
(3732, '1110070019', '1110070', 'JANGKA ALUE', ''),
(3733, '1110070020', '1110070', 'JANGKA KEUTAPANG', ''),
(3734, '1110070021', '1110070', 'LAMPOH RAYEUK', ''),
(3735, '1110070022', '1110070', 'LHOK BUGENG', ''),
(3736, '1110070023', '1110070', 'LINGGONG', ''),
(3737, '1110070024', '1110070', 'ALUE BUYA', ''),
(3738, '1110070025', '1110070', 'TANOH ANOE', ''),
(3739, '1110070026', '1110070', 'TANJONGAN', ''),
(3740, '1110070027', '1110070', 'JANGKA ALUE BIE', ''),
(3741, '1110070028', '1110070', 'JANGKA MESJID', ''),
(3742, '1110070029', '1110070', 'JANGKA ALUE U', ''),
(3743, '1110070030', '1110070', 'PANTE PEUSANGAN', ''),
(3744, '1110070031', '1110070', 'BUGAK KRUENG', ''),
(3745, '1110070032', '1110070', 'BUGAK MESJID', ''),
(3746, '1110070033', '1110070', 'BUGAK KRUENG MATE', ''),
(3747, '1110070034', '1110070', 'BUGENG', ''),
(3748, '1110070035', '1110070', 'KUALA CEURAPE', ''),
(3749, '1110070036', '1110070', 'ALUE BAYEU UTANG', ''),
(3750, '1110070037', '1110070', 'ULEE CEUE', ''),
(3751, '1110070038', '1110070', 'ALUE KUTA', ''),
(3752, '1110070039', '1110070', 'PUNJOT', ''),
(3753, '1110070040', '1110070', 'PULO PINEUNG MNS II', ''),
(3754, '1110070041', '1110070', 'BUGAK BLANG', ''),
(3755, '1110070042', '1110070', 'PANTE SUKON', ''),
(3756, '1110070043', '1110070', 'PANTE PAKU', ''),
(3757, '1110070044', '1110070', 'PANTE RANUB', ''),
(3758, '1110070045', '1110070', 'ALUE BUYA PASI', ''),
(3759, '1110070046', '1110070', 'ALUE BIE PUSONG', ''),
(3760, '1110080023', '1110080', 'ALUE UDEUNG', ''),
(3761, '1110080024', '1110080', 'ALUE PEUNO', ''),
(3762, '1110080038', '1110080', 'KAPA', ''),
(3763, '1110080039', '1110080', 'BLANG PANJOE', ''),
(3764, '1110080040', '1110080', 'PANTE LHONG', ''),
(3765, '1110080041', '1110080', 'PAYA CUT', ''),
(3766, '1110080042', '1110080', 'SEUNEUBOK ACEH', ''),
(3767, '1110080043', '1110080', 'PAYA LIPAH', ''),
(3768, '1110080044', '1110080', 'SEUNEUBOK RAWA', ''),
(3769, '1110080045', '1110080', 'BLANG GEULANGGANG', ''),
(3770, '1110080046', '1110080', 'UTEUN BUNTA', ''),
(3771, '1110080047', '1110080', 'PAYA REUHAT', ''),
(3772, '1110080048', '1110080', 'PAYA ABO', ''),
(3773, '1110080049', '1110080', 'PALOH', ''),
(3774, '1110080050', '1110080', 'PAYA MEUNENG', ''),
(3775, '1110080051', '1110080', 'MATANG SAGOE', ''),
(3776, '1110080052', '1110080', 'PANTON GEULIMA', ''),
(3777, '1110080053', '1110080', 'NEUHEUEN', ''),
(3778, '1110080054', '1110080', 'KEUDE MATANG GLP DUA', ''),
(3779, '1110080055', '1110080', 'PANTE GAJAH', ''),
(3780, '1110080056', '1110080', 'BLANG ASAN', ''),
(3781, '1110080057', '1110080', 'GAMPONG RAYA DAGANG', ''),
(3782, '1110080058', '1110080', 'GAMPONG RAYA TAMBO', ''),
(3783, '1110080059', '1110080', 'KEUDE TANJONG', ''),
(3784, '1110080060', '1110080', 'PANTE PISANG', ''),
(3785, '1110080061', '1110080', 'BLANG CUT SP IV', ''),
(3786, '1110080062', '1110080', 'PANTE CUT', ''),
(3787, '1110080063', '1110080', 'MATANG GLP DUA MEUNASAH TIMU', ''),
(3788, '1110080064', '1110080', 'MATANG GLP DUA MEUNASAH DAYAH', ''),
(3789, '1110080065', '1110080', 'MATANG MESJID', ''),
(3790, '1110080066', '1110080', 'COT PANJOE', ''),
(3791, '1110080067', '1110080', 'COT KEURANJI', ''),
(3792, '1110080068', '1110080', 'GAMPONG BAROH', ''),
(3793, '1110080069', '1110080', 'BLANG RAMBONG', ''),
(3794, '1110080070', '1110080', 'TANOH MIRAH', ''),
(3795, '1110080071', '1110080', 'COT GIREK', ''),
(3796, '1110080072', '1110080', 'SAGOE', ''),
(3797, '1110080073', '1110080', 'COT BADA BARAT', ''),
(3798, '1110080074', '1110080', 'COT BADA TUNONG', ''),
(3799, '1110080075', '1110080', 'COT BUKET', ''),
(3800, '1110080076', '1110080', 'COT IEJU', ''),
(3801, '1110080077', '1110080', 'NICAH', ''),
(3802, '1110080078', '1110080', 'COT BADA BAROH', ''),
(3803, '1110080079', '1110080', 'COT KEUMUDEE', ''),
(3804, '1110080081', '1110080', 'PULO NALEUNG', ''),
(3805, '1110080082', '1110080', 'COT NGA', ''),
(3806, '1110080083', '1110080', 'KARIENG', ''),
(3807, '1110080084', '1110080', 'MATA MAMPLAM', ''),
(3808, '1110080085', '1110080', 'ALUE GLUMPANG', ''),
(3809, '1110080086', '1110080', 'COT RABO BAROH', ''),
(3810, '1110080087', '1110080', 'COT RABO TUNONG', ''),
(3811, '1110080088', '1110080', 'KRUENG DHEUE', ''),
(3812, '1110080089', '1110080', 'MATANG COT PASEH', ''),
(3813, '1110080090', '1110080', 'KRUENG BARO MESJID', ''),
(3814, '1110080091', '1110080', 'GAMPONG PUTOH', ''),
(3815, '1110080092', '1110080', 'PANTE PIYEU', ''),
(3816, '1110080093', '1110080', 'TANJONG MESJID', ''),
(3817, '1110080094', '1110080', 'TANJONG PAYA', ''),
(3818, '1110080095', '1110080', 'TANJONG NIE', ''),
(3819, '1110080096', '1110080', 'BAYU', ''),
(3820, '1110080097', '1110080', 'KRUENG BARO BB KRUENG', ''),
(3821, '1110080098', '1110080', 'MEUNASAH NIBONG', ''),
(3822, '1110080099', '1110080', 'PANTE ARA', ''),
(3823, '1110080100', '1110080', 'MEUNASAH MEUCAP', ''),
(3824, '1110080101', '1110080', 'ASAN BIDEUN', ''),
(3825, '1110080102', '1110080', 'PULO PISANG', ''),
(3826, '1110080104', '1110080', 'COT PUUK', ''),
(3827, '1110080105', '1110080', 'BLANG DALAM', ''),
(3828, '1110080106', '1110080', 'PULO UE BARO', ''),
(3829, '1110081001', '1110081', 'BLANG MANE', ''),
(3830, '1110081002', '1110081', 'DARUSSALAM', ''),
(3831, '1110081003', '1110081', 'TANJONG BEURIDI', ''),
(3832, '1110081004', '1110081', 'DARUL AMAN', ''),
(3833, '1110081005', '1110081', 'PAYA CROT', ''),
(3834, '1110081006', '1110081', 'PULO PANYANG', ''),
(3835, '1110081007', '1110081', 'ULEE JALAN', ''),
(3836, '1110081008', '1110081', 'GEULANGGANG LABU', ''),
(3837, '1110081009', '1110081', 'TEUPIN REUDEUP', ''),
(3838, '1110081010', '1110081', 'KRUENG BEUKAH', ''),
(3839, '1110081011', '1110081', 'BLANG PALA', ''),
(3840, '1110081012', '1110081', 'CEUBREK', ''),
(3841, '1110081013', '1110081', 'UTEUN GHATOM', ''),
(3842, '1110081014', '1110081', 'ME RAYEUK', ''),
(3843, '1110081015', '1110081', 'UTEUN RAYA', ''),
(3844, '1110081016', '1110081', 'MATA IE', ''),
(3845, '1110081017', '1110081', 'BLANG CUT', ''),
(3846, '1110081018', '1110081', 'LUENG BARO', ''),
(3847, '1110081019', '1110081', 'LUENG KULI', ''),
(3848, '1110081020', '1110081', 'PULO HARAPAN', ''),
(3849, '1110081021', '1110081', 'SUWAK', ''),
(3850, '1110082001', '1110082', 'PANTE KARYA', ''),
(3851, '1110082002', '1110082', 'ALUE GLUMPANG', ''),
(3852, '1110082003', '1110082', 'BUKET SUDAN', ''),
(3853, '1110082004', '1110082', 'COT SALEUT', ''),
(3854, '1110082005', '1110082', 'PALOH MAMPREE', ''),
(3855, '1110082006', '1110082', 'ALUE IET', ''),
(3856, '1110082007', '1110082', 'AWE GEUTAH', ''),
(3857, '1110082008', '1110082', 'BLANG CIRIH', ''),
(3858, '1110082009', '1110082', 'ALUE KEUPULA', ''),
(3859, '1110082010', '1110082', 'ALUE KRUEB', ''),
(3860, '1110082011', '1110082', 'RAMBONG PAYONG', ''),
(3861, '1110082012', '1110082', 'LUENG DANEUN', ''),
(3862, '1110082013', '1110082', 'COT ANEUK BATEE', ''),
(3863, '1110082014', '1110082', 'KUBU RAYA', ''),
(3864, '1110082015', '1110082', 'PANTE BARO GLE SIBLA', ''),
(3865, '1110082016', '1110082', 'PANTE BARO KUMBANG', ''),
(3866, '1110082017', '1110082', 'PANTE BARO BUKIT PANYANG', ''),
(3867, '1110082018', '1110082', 'KUBU', ''),
(3868, '1110082019', '1110082', 'TEUPIN RAYA', ''),
(3869, '1110082020', '1110082', 'AWE GEUTAH PAYA', ''),
(3870, '1110082021', '1110082', 'DAYAH BARO', ''),
(3871, '1110090001', '1110090', 'SUKARAME', ''),
(3872, '1110090002', '1110090', 'PANTON MESJID', ''),
(3873, '1110090003', '1110090', 'ALUE DUA', ''),
(3874, '1110090004', '1110090', 'BLANG PERLAK', ''),
(3875, '1110090005', '1110090', 'TANJONG MULIA', ''),
(3876, '1110090006', '1110090', 'MATANG KUMBANG', ''),
(3877, '1110090007', '1110090', 'MEUREUBO', ''),
(3878, '1110090008', '1110090', 'SEUNEUBOK BARO', ''),
(3879, '1110090009', '1110090', 'BLANG DALAM', ''),
(3880, '1110090010', '1110090', 'PANDAK', ''),
(3881, '1110090011', '1110090', 'BLANG MANE', ''),
(3882, '1110090012', '1110090', 'PANTE BREUH', ''),
(3883, '1110090013', '1110090', 'ULEE GLE', ''),
(3884, '1110090014', '1110090', 'MON ARA', ''),
(3885, '1110090015', '1110090', 'LAPEHAN MESJID', ''),
(3886, '1110090016', '1110090', 'BUKET SELAMAT', ''),
(3887, '1110090017', '1110090', 'BLANG KUTANG', ''),
(3888, '1110090018', '1110090', 'COT KRUET', ''),
(3889, '1110090019', '1110090', 'TRIENGGADENG', ''),
(3890, '1110090020', '1110090', 'LEUBU MESJID', ''),
(3891, '1110090021', '1110090', 'KUTA BARAT', ''),
(3892, '1110090022', '1110090', 'LEUBU COT', ''),
(3893, '1110090023', '1110090', 'PAYA DUA', ''),
(3894, '1110090024', '1110090', 'LEUBU ME', ''),
(3895, '1110090025', '1110090', 'BATEE DABAI', ''),
(3896, '1110090026', '1110090', 'PULO TEUNGOH', ''),
(3897, '1110090027', '1110090', 'ARA LIPEH', ''),
(3898, '1110100005', '1110100', 'PALOH KAYEE KUNYET', ''),
(3899, '1110100006', '1110100', 'TANJONG RAYA', ''),
(3900, '1110100007', '1110100', 'PAYA SEUPAT', ''),
(3901, '1110100008', '1110100', 'PAYA KAREUNG', ''),
(3902, '1110100009', '1110100', 'BLANG KUBU', ''),
(3903, '1110100014', '1110100', 'PAYA BARO', ''),
(3904, '1110100015', '1110100', 'TANJONG MESJID', ''),
(3905, '1110100016', '1110100', 'MON JEUREUJAK', ''),
(3906, '1110100017', '1110100', 'DAMA KAWAN', ''),
(3907, '1110100018', '1110100', 'COT RAMBAT', ''),
(3908, '1110100019', '1110100', 'BLANG GURON', ''),
(3909, '1110100020', '1110100', 'COT TEUBEE', ''),
(3910, '1110100021', '1110100', 'TANJONG BUNGONG', ''),
(3911, '1110100022', '1110100', 'PULO GISA', ''),
(3912, '1110100023', '1110100', 'UJONG BAYU', ''),
(3913, '1110100024', '1110100', 'COT TUPAH', ''),
(3914, '1110100025', '1110100', 'COT TUNONG', ''),
(3915, '1110100039', '1110100', 'COT PUUK', ''),
(3916, '1110100040', '1110100', 'PALOH ME', ''),
(3917, '1110100041', '1110100', 'GEURUGOK', ''),
(3918, '1110100042', '1110100', 'COT JABET', ''),
(3919, '1110100043', '1110100', 'PANTE SIKEUMBONG', ''),
(3920, '1110100044', '1110100', 'CEUBO', ''),
(3921, '1110100045', '1110100', 'KEUDE LAPANG', ''),
(3922, '1110100046', '1110100', 'BLANG KEUDE', ''),
(3923, '1110100047', '1110100', 'COT MANE', ''),
(3924, '1110100057', '1110100', 'LHOK MAMBANG', ''),
(3925, '1110100058', '1110100', 'LAPANG TIMUR', ''),
(3926, '1110100059', '1110100', 'TEUPIN SIRON', ''),
(3927, '1110100060', '1110100', 'IE RHOB', ''),
(3928, '1110100061', '1110100', 'ALUE MANGKI', ''),
(3929, '1110100062', '1110100', 'LINGKA KUTA', ''),
(3930, '1110100063', '1110100', 'LAPANG BARAT', ''),
(3931, '1110100064', '1110100', 'SAMUTI KRUENG', ''),
(3932, '1110100065', '1110100', 'SAMUTI MAKMUR', ''),
(3933, '1110100066', '1110100', 'SAMUTI RAYEUK', ''),
(3934, '1110100076', '1110100', 'SAMUTI AMAN', ''),
(3935, '1110100077', '1110100', 'MON KEULAYU', ''),
(3936, '1110100078', '1110100', 'MON JAMBE', ''),
(3937, '1110100079', '1110100', 'BLANG RHEU', ''),
(3938, '1110101001', '1110101', 'PARANG SIKUREUNG', ''),
(3939, '1110101002', '1110101', 'TANJONG SIRON', ''),
(3940, '1110101003', '1110101', 'PALOH RAYA', ''),
(3941, '1110101004', '1110101', 'PALOH PEURADI', ''),
(3942, '1110101005', '1110101', 'CRUNG KUMBANG', ''),
(3943, '1110101006', '1110101', 'PALOH DAMA', ''),
(3944, '1110101007', '1110101', 'BUKIT DALAM', ''),
(3945, '1110101008', '1110101', 'GLE PUTOH', ''),
(3946, '1110101009', '1110101', 'BALE ME', ''),
(3947, '1110101010', '1110101', 'KULU', ''),
(3948, '1110101011', '1110101', 'BLANG ME', ''),
(3949, '1110101012', '1110101', 'BLANG PANJOE', ''),
(3950, '1110101013', '1110101', 'LHOK NGA', ''),
(3951, '1110101014', '1110101', 'MEUSE', ''),
(3952, '1110101015', '1110101', 'BABAH JURONG', ''),
(3953, '1110101016', '1110101', 'DAYAH PANJOE', ''),
(3954, '1110101017', '1110101', 'IEMBUDEE', ''),
(3955, '1110101018', '1110101', 'TINGKEUM BARO', ''),
(3956, '1110101019', '1110101', 'PULO REUDEUP', ''),
(3957, '1110101020', '1110101', 'TINGKEUM MANYANG', ''),
(3958, '1110101021', '1110101', 'ULEE PUSONG', ''),
(3959, '1110101022', '1110101', 'PAYA RANGKULUH', ''),
(3960, '1110101023', '1110101', 'COT BAROH', ''),
(3961, '1110101024', '1110101', 'BABAH SUAK', ''),
(3962, '1110101025', '1110101', 'GEULANGGANG RAYEUK', ''),
(3963, '1110101026', '1110101', 'GEULANGGANG MEUNJE', ''),
(3964, '1110101027', '1110101', 'GEULANGGANG PANAH', ''),
(3965, '1110101028', '1110101', 'PULO BLANG', ''),
(3966, '1110101029', '1110101', 'PULO SIRON', ''),
(3967, '1110101030', '1110101', 'JARUM MAHME', ''),
(3968, '1110101031', '1110101', 'DAYAH MESJID', ''),
(3969, '1110101032', '1110101', 'UJONG BLANG', ''),
(3970, '1110101033', '1110101', 'KEURUMBOK', ''),
(3971, '1110101034', '1110101', 'JARUMMAH BAROH', ''),
(3972, '1110101035', '1110101', 'COT ARA', ''),
(3973, '1110101036', '1110101', 'RANCONG', ''),
(3974, '1110101037', '1110101', 'PULO NGA', ''),
(3975, '1110101038', '1110101', 'COT ME', ''),
(3976, '1110101039', '1110101', 'JAMBO KAJEUNG', ''),
(3977, '1110101040', '1110101', 'KULU KUTA', ''),
(3978, '1110101041', '1110101', 'PULO AWE', ''),
(3979, '1111010001', '1111010', 'RISEH TUNONG', ''),
(3980, '1111010002', '1111010', 'GUNCI', ''),
(3981, '1111010003', '1111010', 'KUBU', ''),
(3982, '1111010004', '1111010', 'BLANG CUT', ''),
(3983, '1111010005', '1111010', 'RISEH TEUNGOH', ''),
(3984, '1111010006', '1111010', 'RISEH BAROH', ''),
(3985, '1111010007', '1111010', 'LHOK CUT', ''),
(3986, '1111010008', '1111010', 'SAWANG', ''),
(3987, '1111010009', '1111010', 'BLANG TEURAKAN', ''),
(3988, '1111010010', '1111010', 'JURONG', ''),
(3989, '1111010011', '1111010', 'BLANG MANYAK', ''),
(3990, '1111010012', '1111010', 'LHOK JOK', ''),
(3991, '1111010013', '1111010', 'BABAH KRUENG', ''),
(3992, '1111010014', '1111010', 'RAMBONG PAYONG', ''),
(3993, '1111010015', '1111010', 'TEUPIN RUSEP', ''),
(3994, '1111010016', '1111010', 'LANCOK', ''),
(3995, '1111010017', '1111010', 'LHOK BAYU', ''),
(3996, '1111010018', '1111010', 'PAYA RABO TIMU', ''),
(3997, '1111010019', '1111010', 'PAYA RABO LHOK', ''),
(3998, '1111010020', '1111010', 'KRUENG BARO', ''),
(3999, '1111010021', '1111010', 'BLANG REULING', ''),
(4000, '1111010022', '1111010', 'PUNTEUET', ''),
(4001, '1111010023', '1111010', 'MEUNASAH PULO', ''),
(4002, '1111010024', '1111010', 'LHOK KUYUEN', ''),
(4003, '1111010025', '1111010', 'LHOK GAJAH', ''),
(4004, '1111010026', '1111010', 'PANTE JALOH', ''),
(4005, '1111010027', '1111010', 'BABAH BULOH', ''),
(4006, '1111010028', '1111010', 'COT LAMBIDENG', ''),
(4007, '1111010029', '1111010', 'GAMPONG TEUNGOH', '');
INSERT INTO `Village` (`idVillage`, `VillageCode`, `DistrictCode`, `VillageNameID`, `VillageNameEN`) VALUES
(4008, '1111010030', '1111010', 'PAYA GABOH', ''),
(4009, '1111010031', '1111010', 'KUTA MEULIGOE', ''),
(4010, '1111010032', '1111010', 'ABEUK REULING', ''),
(4011, '1111010033', '1111010', 'COT KEUMUNENG', ''),
(4012, '1111010034', '1111010', 'ULEE GEUDONG', ''),
(4013, '1111010035', '1111010', 'TANJONG KEUMALA', ''),
(4014, '1111010036', '1111010', 'LHOK KREK', ''),
(4015, '1111010037', '1111010', 'GLEE DAGANG', ''),
(4016, '1111010038', '1111010', 'LAGANG', ''),
(4017, '1111010039', '1111010', 'LHOK MERBO', ''),
(4018, '1111020007', '1111020', 'JEULIKAT', ''),
(4019, '1111020008', '1111020', 'MEUNASAH CUT', ''),
(4020, '1111020009', '1111020', 'ALUE BILI', ''),
(4021, '1111020010', '1111020', 'COT MAMBONG', ''),
(4022, '1111020011', '1111020', 'BLANG DALAM TUNONG', ''),
(4023, '1111020012', '1111020', 'BLANG DALAM BAROH', ''),
(4024, '1111020013', '1111020', 'BLANG DALAM GEUNTENG', ''),
(4025, '1111020014', '1111020', 'TINGKEUM', ''),
(4026, '1111020015', '1111020', 'MEUNASAH RAYEUK', ''),
(4027, '1111020016', '1111020', 'PEUNAYAN', ''),
(4028, '1111020017', '1111020', 'PALOH MAMPREE', ''),
(4029, '1111020018', '1111020', 'PANTON', ''),
(4030, '1111020019', '1111020', 'MEUNASAH ALUE', ''),
(4031, '1111020022', '1111020', 'PALOH MAMBU', ''),
(4032, '1111020023', '1111020', 'GAMPONG BARAT', ''),
(4033, '1111020024', '1111020', 'MEUNASAH BEUNOT', ''),
(4034, '1111020025', '1111020', 'MNS MEUCAT', ''),
(4035, '1111020026', '1111020', 'GAMPONG TEUNGOH', ''),
(4036, '1111020027', '1111020', 'COT ME', ''),
(4037, '1111020028', '1111020', 'COT EUNTUNG', ''),
(4038, '1111020029', '1111020', 'KEUTAPANG', ''),
(4039, '1111020030', '1111020', 'BLANG CROK', ''),
(4040, '1111020031', '1111020', 'BINJEE', ''),
(4041, '1111020032', '1111020', 'COT LEUPEE', ''),
(4042, '1111020033', '1111020', 'MEUNASAH KRUENG', ''),
(4043, '1111020034', '1111020', 'ULEE BLANG', ''),
(4044, '1111020035', '1111020', 'SEUNEUBOK', ''),
(4045, '1111020036', '1111020', 'BLANG KARIENG', ''),
(4046, '1111020037', '1111020', 'PALOH KAYEE KUNYET', ''),
(4047, '1111021001', '1111021', 'ALUE DUA', ''),
(4048, '1111021002', '1111021', 'ALUE PAPEUN', ''),
(4049, '1111021003', '1111021', 'BLANG JRAT', ''),
(4050, '1111021004', '1111021', 'BLANG POHROH', ''),
(4051, '1111021005', '1111021', 'DARUSSALAM', ''),
(4052, '1111021006', '1111021', 'SEUMIRAH', ''),
(4053, '1111022001', '1111022', 'JAMUAN', ''),
(4054, '1111022002', '1111022', 'ALUE KEUREUNYAI', ''),
(4055, '1111022003', '1111022', 'BLANG PALA', ''),
(4056, '1111022004', '1111022', 'SANGKELAN', ''),
(4057, '1111022005', '1111022', 'ULEE NYEUE', ''),
(4058, '1111022006', '1111022', 'PAYA ULEUE', ''),
(4059, '1111022007', '1111022', 'COT JABET', ''),
(4060, '1111022008', '1111022', 'PAYA DUA', ''),
(4061, '1111022009', '1111022', 'PAYA BEUNYOT', ''),
(4062, '1111030001', '1111030', 'SIDO MULIYO', ''),
(4063, '1111030012', '1111030', 'ALUE RAMBEE', ''),
(4064, '1111030013', '1111030', 'MEUNYE CUT BAHAGIA', ''),
(4065, '1111030014', '1111030', 'COT MERBO', ''),
(4066, '1111030015', '1111030', 'PANTON RAYEUK I', ''),
(4067, '1111030016', '1111030', 'BLANG TALON', ''),
(4068, '1111030017', '1111030', 'BUKET', ''),
(4069, '1111030018', '1111030', 'LHOK JOK', ''),
(4070, '1111030019', '1111030', 'SEUNEUBOK DRIEN', ''),
(4071, '1111030026', '1111030', 'CEMPEUDAK', ''),
(4072, '1111030027', '1111030', 'BLANG RIEK', ''),
(4073, '1111030028', '1111030', 'MEUNASAH BLANG ARA', ''),
(4074, '1111030029', '1111030', 'KEUDE BLANG ARA', ''),
(4075, '1111030030', '1111030', 'KRUENG MANYANG', ''),
(4076, '1111030031', '1111030', 'BAYU', ''),
(4077, '1111030032', '1111030', 'BLANG ADO', ''),
(4078, '1111030033', '1111030', 'DAYAH MEUNARA', ''),
(4079, '1111030034', '1111030', 'COT RHEUE', ''),
(4080, '1111030035', '1111030', 'BABAH LUENG', ''),
(4081, '1111030036', '1111030', 'PANTON RAYEUK II', ''),
(4082, '1111030037', '1111030', 'SAWEUK', ''),
(4083, '1111030038', '1111030', 'LANGKUTA', ''),
(4084, '1111030039', '1111030', 'COT SEUMIYONG', ''),
(4085, '1111030040', '1111030', 'MEURIYA', ''),
(4086, '1111030041', '1111030', 'COT SEUTUY', ''),
(4087, '1111030042', '1111030', 'MULIENG MANYANG', ''),
(4088, '1111030043', '1111030', 'MULIENG MEUCAT', ''),
(4089, '1111030044', '1111030', 'PULO BARAT', ''),
(4090, '1111030045', '1111030', 'PULO RAYEUK', ''),
(4091, '1111030046', '1111030', 'MEUNASAH KUMBANG', ''),
(4092, '1111030047', '1111030', 'CEUMEUCET', ''),
(4093, '1111030048', '1111030', 'GUHA ULEUE', ''),
(4094, '1111030049', '1111030', 'BLANG GURAH', ''),
(4095, '1111030050', '1111030', 'KRUENG SEUNONG', ''),
(4096, '1111030051', '1111030', 'KEUDE KRUENG', ''),
(4097, '1111030052', '1111030', 'PULO IBOIH', ''),
(4098, '1111030053', '1111030', 'KEUREUSEK', ''),
(4099, '1111030054', '1111030', 'MEUNASAH KULAM', ''),
(4100, '1111030055', '1111030', 'KRUENG SEUPENG', ''),
(4101, '1111031001', '1111031', 'PASE SENTAUSA', ''),
(4102, '1111031002', '1111031', 'KILO METER VIII', ''),
(4103, '1111031003', '1111031', 'KILO METER VI', ''),
(4104, '1111031004', '1111031', 'MEUNASAH DAYAH', ''),
(4105, '1111031005', '1111031', 'KEBON BARU', ''),
(4106, '1111031006', '1111031', 'IE TAREK I', ''),
(4107, '1111031007', '1111031', 'IE TAREK II', ''),
(4108, '1111031008', '1111031', 'SEUNEBOK PUNTI', ''),
(4109, '1111031009', '1111031', 'KEUDE SIMPANG IV', ''),
(4110, '1111031010', '1111031', 'BLANG RALEU', ''),
(4111, '1111031011', '1111031', 'MEUNASAH BAROH', ''),
(4112, '1111031012', '1111031', 'MEUNASAH TEUNGOH', ''),
(4113, '1111031013', '1111031', 'MANCANG', ''),
(4114, '1111031014', '1111031', 'ALUE BADE', ''),
(4115, '1111031015', '1111031', 'PAYA TEUNGOH', ''),
(4116, '1111031016', '1111031', 'PAYA LEUPAH', ''),
(4117, '1111040010', '1111040', 'MEUDANG ARA', ''),
(4118, '1111040012', '1111040', 'SIREN TUJOH', ''),
(4119, '1111040013', '1111040', 'CUT NEUHEUN', ''),
(4120, '1111040014', '1111040', 'TUMPEUN', ''),
(4121, '1111040015', '1111040', 'A L E N', ''),
(4122, '1111040016', '1111040', 'DAYAH BLANG SEUREUKUY', ''),
(4123, '1111040017', '1111040', 'BLANG PATRA', ''),
(4124, '1111040019', '1111040', 'BUKET GLUMPANG', ''),
(4125, '1111040020', '1111040', 'SEUNEBOK BARO', ''),
(4126, '1111040021', '1111040', 'ALUE MAJRON', ''),
(4127, '1111040022', '1111040', 'BLANG MAJRON', ''),
(4128, '1111040023', '1111040', 'BLANG SEUREUKUY', ''),
(4129, '1111040024', '1111040', 'KAYEE PANYANG', ''),
(4130, '1111040025', '1111040', 'ULEE MEURIA', ''),
(4131, '1111040026', '1111040', 'PULO BLANG TRIENG', ''),
(4132, '1111040027', '1111040', 'RHENG', ''),
(4133, '1111040028', '1111040', 'TRIENG MEUDUROU', ''),
(4134, '1111040029', '1111040', 'GAROT', ''),
(4135, '1111040030', '1111040', 'CIBREK', ''),
(4136, '1111040031', '1111040', 'BLANG AWE', ''),
(4137, '1111040032', '1111040', 'PULO BLANG MANGAT', ''),
(4138, '1111040033', '1111040', 'ULEE GAMPONG', ''),
(4139, '1111040034', '1111040', 'BALE', ''),
(4140, '1111040035', '1111040', 'BIE', ''),
(4141, '1111040036', '1111040', 'NIBONG', ''),
(4142, '1111040037', '1111040', 'BARO KULAM GAJAH', ''),
(4143, '1111040038', '1111040', 'BEURANDANG', ''),
(4144, '1111040039', '1111040', 'MNS GLONG', ''),
(4145, '1111040040', '1111040', 'MNS LANGA', ''),
(4146, '1111040041', '1111040', 'MNS BEUNOT', ''),
(4147, '1111040042', '1111040', 'KEUDE BAYU', ''),
(4148, '1111040043', '1111040', 'BLANG BAYU', ''),
(4149, '1111040044', '1111040', 'DAYAH BARO', ''),
(4150, '1111040045', '1111040', 'DAYAH TUHA', ''),
(4151, '1111040046', '1111040', 'BUNGONG', ''),
(4152, '1111040047', '1111040', 'PUNTI', ''),
(4153, '1111040048', '1111040', 'BAROH BLANG RIMUENG', ''),
(4154, '1111040049', '1111040', 'LANCOK', ''),
(4155, '1111041001', '1111041', 'SUKA DAMAI', ''),
(4156, '1111041002', '1111041', 'PULO MEURIA', ''),
(4157, '1111041003', '1111041', 'KRUENG MBANG', ''),
(4158, '1111041004', '1111041', 'DAYAH SEUPENG', ''),
(4159, '1111041005', '1111041', 'URAM JALAN', ''),
(4160, '1111041006', '1111041', 'PEUDARI', ''),
(4161, '1111041007', '1111041', 'RAYEUK JAWA', ''),
(4162, '1111041008', '1111041', 'DARUSSALAM', ''),
(4163, '1111041009', '1111041', 'ALUE AWE', ''),
(4164, '1111041010', '1111041', 'LHOK ASAN', ''),
(4165, '1111041011', '1111041', 'DARUL AMAN', ''),
(4166, '1111050001', '1111050', 'MNS BAREE BLANG', ''),
(4167, '1111050002', '1111050', 'PAYA SUTRA', ''),
(4168, '1111050003', '1111050', 'TUALANG', ''),
(4169, '1111050004', '1111050', 'PULO BLANG', ''),
(4170, '1111050005', '1111050', 'LEUBOK TUWE', ''),
(4171, '1111050006', '1111050', 'SARAMABA', ''),
(4172, '1111050007', '1111050', 'BLANG REUMA', ''),
(4173, '1111050008', '1111050', 'RANTO', ''),
(4174, '1111050009', '1111050', 'MEUNYE PEUT', ''),
(4175, '1111050010', '1111050', 'MEUNYE PAYONG', ''),
(4176, '1111050011', '1111050', 'BEURINGEN', ''),
(4177, '1111050012', '1111050', 'UJONG KUTA BATEE', ''),
(4178, '1111050013', '1111050', 'TEUNGOH KUTA BATEE', ''),
(4179, '1111050014', '1111050', 'BAROH KUTA BATEE', ''),
(4180, '1111050015', '1111050', 'CEUBREK', ''),
(4181, '1111050016', '1111050', 'GAMPONG TEUNGOH', ''),
(4182, '1111050017', '1111050', 'KEUDE JUNGKA GAJAH', ''),
(4183, '1111050018', '1111050', 'NIBONG', ''),
(4184, '1111050019', '1111050', 'DRIEN BEUKAH', ''),
(4185, '1111050020', '1111050', 'PAYA KAMBUEK', ''),
(4186, '1111050021', '1111050', 'PAYA BILI', ''),
(4187, '1111050022', '1111050', 'DRIEN PUNTONG', ''),
(4188, '1111050023', '1111050', 'PULO KITOU', ''),
(4189, '1111050024', '1111050', 'TEUNGOH REUBA', ''),
(4190, '1111050025', '1111050', 'MEUNASAH NGA', ''),
(4191, '1111050026', '1111050', 'UJONG REUBA', ''),
(4192, '1111050027', '1111050', 'MNS MESJID', ''),
(4193, '1111050028', '1111050', 'MNS ME', ''),
(4194, '1111050029', '1111050', 'BARAT PAYA ITIK', ''),
(4195, '1111050030', '1111050', 'PRI KEUTAPANG', ''),
(4196, '1111050031', '1111050', 'KUMBANG', ''),
(4197, '1111050032', '1111050', 'MNS KEH', ''),
(4198, '1111050033', '1111050', 'BLANG CUT', ''),
(4199, '1111050034', '1111050', 'RAYEUK PAYA ITIK', ''),
(4200, '1111050035', '1111050', 'UBIT PAYA ITIK', ''),
(4201, '1111050036', '1111050', 'MNS RANGKILEH', ''),
(4202, '1111050037', '1111050', 'TUMPOK TUNGKU', ''),
(4203, '1111050038', '1111050', 'MANYANG', ''),
(4204, '1111050039', '1111050', 'ULEE MEURIA', ''),
(4205, '1111050040', '1111050', 'GEULUMPANG', ''),
(4206, '1111050041', '1111050', 'MNS TANJONG', ''),
(4207, '1111050042', '1111050', 'RAYEUK MATANG', ''),
(4208, '1111050043', '1111050', 'KEUDE KARIENG', ''),
(4209, '1111050044', '1111050', 'REUDEUP', ''),
(4210, '1111050045', '1111050', 'PULO BLUEK', ''),
(4211, '1111050046', '1111050', 'DAYAH BLUEK', ''),
(4212, '1111050047', '1111050', 'MEURIA BLUEK', ''),
(4213, '1111050048', '1111050', 'ULEE CEUBREK', ''),
(4214, '1111050049', '1111050', 'MESJID BLUEK', ''),
(4215, '1111050050', '1111050', 'RHENG BLUK', ''),
(4216, '1111060038', '1111060', 'BLANG SEUPENG', ''),
(4217, '1111060039', '1111060', 'BLANG KUTA', ''),
(4218, '1111060047', '1111060', 'LEUBOK PIRAK', ''),
(4219, '1111060048', '1111060', 'BEURACAN PIRAK', ''),
(4220, '1111060049', '1111060', 'MATANG PEUSANGAN', ''),
(4221, '1111060057', '1111060', 'KUNYET MULE', ''),
(4222, '1111060058', '1111060', 'ARON PIRAK', ''),
(4223, '1111060059', '1111060', 'MESJID PIRAK', ''),
(4224, '1111060060', '1111060', 'PANTE PIRAK', ''),
(4225, '1111060066', '1111060', 'BEURINGEN', ''),
(4226, '1111060067', '1111060', 'TEUNGOH PIRAK', ''),
(4227, '1111060068', '1111060', 'RAYEUK PIRAK', ''),
(4228, '1111060069', '1111060', 'TUTONG', ''),
(4229, '1111060071', '1111060', 'TEUNGOH SEULEUMAK', ''),
(4230, '1111060072', '1111060', 'TANJONG TGK KARI', ''),
(4231, '1111060073', '1111060', 'SEURIWEUK', ''),
(4232, '1111060074', '1111060', 'DAYAH BARO', ''),
(4233, '1111060075', '1111060', 'ALUE THO', ''),
(4234, '1111060076', '1111060', 'CEUBREK PIRAK', ''),
(4235, '1111060077', '1111060', 'MEUNYE PIRAK', ''),
(4236, '1111060078', '1111060', 'SIREN', ''),
(4237, '1111060079', '1111060', 'TANJONG HAJI MUDA', ''),
(4238, '1111060085', '1111060', 'TRIENG TEUPIN KEUBEU', ''),
(4239, '1111060086', '1111060', 'TEUPIN KEUBEU', ''),
(4240, '1111060087', '1111060', 'TANJONG BABAH KRUENG', ''),
(4241, '1111060088', '1111060', 'LAWANG', ''),
(4242, '1111060089', '1111060', 'TANJONG TGK ALI', ''),
(4243, '1111060090', '1111060', 'HAGU', ''),
(4244, '1111060091', '1111060', 'MEURIA MATANG KULI', ''),
(4245, '1111060092', '1111060', 'ALUE ENTOK', ''),
(4246, '1111060093', '1111060', 'TUMPOK BARAT', ''),
(4247, '1111060094', '1111060', 'PARANG IX', ''),
(4248, '1111060095', '1111060', 'BARO', ''),
(4249, '1111060096', '1111060', 'MEE', ''),
(4250, '1111060097', '1111060', 'BLANG', ''),
(4251, '1111060098', '1111060', 'KEUDE MATANG KULI', ''),
(4252, '1111060099', '1111060', 'PUNTI MATANG KULI', ''),
(4253, '1111060100', '1111060', 'MATANG MEE', ''),
(4254, '1111060101', '1111060', 'RAYEUK GLANGGLONG', ''),
(4255, '1111060102', '1111060', 'TUMPOK PEUREULAK', ''),
(4256, '1111060103', '1111060', 'RAYEUK MATANG KULI', ''),
(4257, '1111060104', '1111060', 'UDE', ''),
(4258, '1111060105', '1111060', 'UJONG KULAM', ''),
(4259, '1111060106', '1111060', 'JEUMPA GLUMPANG VII', ''),
(4260, '1111060107', '1111060', 'PUNTI GLUMPANG VII', ''),
(4261, '1111060108', '1111060', 'GLUMPANG VII', ''),
(4262, '1111060109', '1111060', 'TEUNGOH GLP VII', ''),
(4263, '1111060110', '1111060', 'ARON GLP VII', ''),
(4264, '1111060111', '1111060', 'MATANG MUNYE', ''),
(4265, '1111061001', '1111061', 'BLANG MANE', ''),
(4266, '1111061002', '1111061', 'MATANG PANYANG', ''),
(4267, '1111061003', '1111061', 'ALUE LHOK', ''),
(4268, '1111061004', '1111061', 'SEUNEUBOK ACEH', ''),
(4269, '1111061005', '1111061', 'BUKET PIDIE', ''),
(4270, '1111061006', '1111061', 'BUKET GURU', ''),
(4271, '1111061007', '1111061', 'ALUE BIENG', ''),
(4272, '1111061008', '1111061', 'PEUREUPOK', ''),
(4273, '1111061009', '1111061', 'BLANG GUNCI', ''),
(4274, '1111061010', '1111061', 'PANTE SEULEUMAK', ''),
(4275, '1111061011', '1111061', 'NGA', ''),
(4276, '1111061012', '1111061', 'MAMPREE', ''),
(4277, '1111061013', '1111061', 'TANJONG DRIEN', ''),
(4278, '1111061014', '1111061', 'COT TUFAH', ''),
(4279, '1111061015', '1111061', 'ASAN SEULEUMAK', ''),
(4280, '1111061016', '1111061', 'TGK DIBANDA TEK-TEK', ''),
(4281, '1111061017', '1111061', 'SIMPANG', ''),
(4282, '1111061018', '1111061', 'KEUBON PIRAK', ''),
(4283, '1111061019', '1111061', 'BLANG ARA', ''),
(4284, '1111061020', '1111061', 'GEUREUGHEK', ''),
(4285, '1111061021', '1111061', 'BLANG PANTE', ''),
(4286, '1111061022', '1111061', 'LUENG', ''),
(4287, '1111061023', '1111061', 'TGK DIBANDA PIRAK', ''),
(4288, '1111061024', '1111061', 'GEULUMPANG PIRAK', ''),
(4289, '1111061025', '1111061', 'BLANG SIALET', ''),
(4290, '1111061026', '1111061', 'BLANG PAKU', ''),
(4291, '1111061027', '1111061', 'BLANG DALAM', ''),
(4292, '1111061028', '1111061', 'MEURIA SEULEUMAK', ''),
(4293, '1111061029', '1111061', 'LEUHONG', ''),
(4294, '1111061030', '1111061', 'TANJONG BEURUNYONG', ''),
(4295, '1111061031', '1111061', 'KEUDE PAYA BAKONG', ''),
(4296, '1111061032', '1111061', 'CEUMPEUDAK', ''),
(4297, '1111061033', '1111061', 'PAYA MEUDRU', ''),
(4298, '1111061034', '1111061', 'MEUNYE SEULEUMAK', ''),
(4299, '1111061035', '1111061', 'ALUE LEUKOT', ''),
(4300, '1111061036', '1111061', 'PUCOK ALUE SEULEUMAK', ''),
(4301, '1111061037', '1111061', 'JOK', ''),
(4302, '1111061038', '1111061', 'TUNONG KRUENG', ''),
(4303, '1111061039', '1111061', 'TUMPOK MESJID', ''),
(4304, '1111062001', '1111062', 'TANJONG SEURUEKUY', ''),
(4305, '1111062002', '1111062', 'ALUE RIMEE', ''),
(4306, '1111062003', '1111062', 'PAYA LUENG JALO', ''),
(4307, '1111062004', '1111062', 'SERDANG', ''),
(4308, '1111062005', '1111062', 'ULEE BLANG', ''),
(4309, '1111062006', '1111062', 'MEUNYE VII', ''),
(4310, '1111062007', '1111062', 'PUCOK ALUE PIRAK', ''),
(4311, '1111062008', '1111062', 'ARA TONTON MONCRANG', ''),
(4312, '1111062009', '1111062', 'BILI BARO', ''),
(4313, '1111062010', '1111062', 'KEUTAPANG', ''),
(4314, '1111062011', '1111062', 'RENGKAM', ''),
(4315, '1111062012', '1111062', 'TEUPIN U', ''),
(4316, '1111062013', '1111062', 'ALUE BUNGKOH', ''),
(4317, '1111062014', '1111062', 'CEUMEUCET', ''),
(4318, '1111062015', '1111062', 'LEUPE', ''),
(4319, '1111062016', '1111062', 'TRIENG KRUENG KREH', ''),
(4320, '1111062017', '1111062', 'MATANG KEH', ''),
(4321, '1111062018', '1111062', 'KRUENG PIRAK', ''),
(4322, '1111062019', '1111062', 'RAYEUK PANGE', ''),
(4323, '1111062020', '1111062', 'BUNGONG', ''),
(4324, '1111062021', '1111062', 'GEULUMPANG', ''),
(4325, '1111062022', '1111062', 'ASAN KRUENG KREH', ''),
(4326, '1111062023', '1111062', 'BEURACAN RATA', ''),
(4327, '1111070001', '1111070', 'COT GIREK', ''),
(4328, '1111070002', '1111070', 'ALUE LEUHOB', ''),
(4329, '1111070003', '1111070', 'LHOK MERBO', ''),
(4330, '1111070004', '1111070', 'KAMPUNG BANTAN', ''),
(4331, '1111070005', '1111070', 'ALUE SEUMAMBU', ''),
(4332, '1111070006', '1111070', 'BATU XII', ''),
(4333, '1111070007', '1111070', 'KAMPUNG TEMPEL', ''),
(4334, '1111070008', '1111070', 'SEUPENG', ''),
(4335, '1111070009', '1111070', 'BEURANDANG DAYAH', ''),
(4336, '1111070010', '1111070', 'BEURANDANG ASAN', ''),
(4337, '1111070011', '1111070', 'DRIEN II', ''),
(4338, '1111070012', '1111070', 'BEURANDANG KRUENG', ''),
(4339, '1111070013', '1111070', 'JEULIKAT', ''),
(4340, '1111070014', '1111070', 'ARA', ''),
(4341, '1111070015', '1111070', 'LUENG BARO', ''),
(4342, '1111070016', '1111070', 'LHOK REUHAT', ''),
(4343, '1111070017', '1111070', 'TRIENG', ''),
(4344, '1111070018', '1111070', 'U BARO', ''),
(4345, '1111070019', '1111070', 'CEUMPEUDAK', ''),
(4346, '1111070020', '1111070', 'ALUE DRIEN', ''),
(4347, '1111070021', '1111070', 'SEUNEUBOK BARO', ''),
(4348, '1111070022', '1111070', 'ULEE GAMPONG', ''),
(4349, '1111070023', '1111070', 'PUCOK ALUE', ''),
(4350, '1111070024', '1111070', 'MATANG TEUNGOH', ''),
(4351, '1111080024', '1111080', 'BUKET JEURAT MANYANG', ''),
(4352, '1111080025', '1111080', 'MATANG RAYA', ''),
(4353, '1111080026', '1111080', 'MATANG SEUKE PULOT', ''),
(4354, '1111080027', '1111080', 'LUENG TUHA', ''),
(4355, '1111080028', '1111080', 'PUCOK ALUE', ''),
(4356, '1111080029', '1111080', 'MATANG SERDANG', ''),
(4357, '1111080030', '1111080', 'MATANG TEUNGOH T', ''),
(4358, '1111080031', '1111080', 'BUKET PADANG', ''),
(4359, '1111080032', '1111080', 'LHOK BEURINGEN', ''),
(4360, '1111080033', '1111080', 'LHOK MERBO', ''),
(4361, '1111080034', '1111080', 'BUKET ALUE PUTEH', ''),
(4362, '1111080035', '1111080', 'LHOK REUDEUP', ''),
(4363, '1111080036', '1111080', 'MATANG MANEH', ''),
(4364, '1111080037', '1111080', 'ALUE IE MIRAH', ''),
(4365, '1111080038', '1111080', 'TANJUNG PUNTI', ''),
(4366, '1111080039', '1111080', 'TANJUNG ARA', ''),
(4367, '1111080040', '1111080', 'MATANG SANTOT', ''),
(4368, '1111080041', '1111080', 'ULEE GLE', ''),
(4369, '1111080042', '1111080', 'BUKET BATEE BADAN', ''),
(4370, '1111080043', '1111080', 'BIRAM CUT', ''),
(4371, '1111080044', '1111080', 'BIRAM RAYEUK', ''),
(4372, '1111080045', '1111080', 'COT BIEK', ''),
(4373, '1111080046', '1111080', 'MATANG ARONGAN', ''),
(4374, '1111080047', '1111080', 'LHOK BINTANG HU', ''),
(4375, '1111080048', '1111080', 'BIARA BARAT', ''),
(4376, '1111080049', '1111080', 'BIARA TIMUR', ''),
(4377, '1111080050', '1111080', 'MATANG DRIEN', ''),
(4378, '1111080051', '1111080', 'CEUMPEUDAK', ''),
(4379, '1111080052', '1111080', 'ALUE PAPEUN', ''),
(4380, '1111080053', '1111080', 'SAMAKUROK', ''),
(4381, '1111080054', '1111080', 'RAWANG ITIK', ''),
(4382, '1111080055', '1111080', 'KOTA PANTON LABU', ''),
(4383, '1111080056', '1111080', 'MNS PANTON LABU', ''),
(4384, '1111080057', '1111080', 'TANJONG CEUNGAI', ''),
(4385, '1111080058', '1111080', 'TEUPIN BAYU', ''),
(4386, '1111080059', '1111080', 'TEUPIN GAJAH', ''),
(4387, '1111080060', '1111080', 'TANJONG MEUNYE', ''),
(4388, '1111080061', '1111080', 'MATANG JURONG', ''),
(4389, '1111080062', '1111080', 'TANJONG DALAM UTARA', ''),
(4390, '1111080063', '1111080', 'TANJONG MENUANG', ''),
(4391, '1111080064', '1111080', 'SEUNEUBOK PIDIE', ''),
(4392, '1111080065', '1111080', 'MEUNASAH DAYAH', ''),
(4393, '1111080066', '1111080', 'MEUNASAH GEUDONG', ''),
(4394, '1111080067', '1111080', 'MEUNASAH MERBO', ''),
(4395, '1111080068', '1111080', 'SEUNEUBOK DHOU', ''),
(4396, '1111080069', '1111080', 'RANTAU PANYANG', ''),
(4397, '1111080070', '1111080', 'GEULUMPANG UMPUNG UNOU', ''),
(4398, '1111081001', '1111081', 'LEUBOK PUSAKA', ''),
(4399, '1111081002', '1111081', 'SEUREUKE', ''),
(4400, '1111081003', '1111081', 'BUKET LINTEUNG', ''),
(4401, '1111081004', '1111081', 'RUMOH RAYEUK', ''),
(4402, '1111081005', '1111081', 'LANGKAHAN', ''),
(4403, '1111081006', '1111081', 'GEUDUMBAK', ''),
(4404, '1111081007', '1111081', 'TANJONG DALAM SELATAN', ''),
(4405, '1111081008', '1111081', 'MEUNASAH BLANG', ''),
(4406, '1111081009', '1111081', 'ALUE KRAK KAYEE', ''),
(4407, '1111081010', '1111081', 'TANJONG JAWA', ''),
(4408, '1111081011', '1111081', 'MATANG TEUNGOH S', ''),
(4409, '1111081012', '1111081', 'PADANG MEURIA', ''),
(4410, '1111081013', '1111081', 'LEUBOK MANE', ''),
(4411, '1111081014', '1111081', 'MATANG RUBEK', ''),
(4412, '1111081015', '1111081', 'SIMPANG TIGA', ''),
(4413, '1111081016', '1111081', 'PAYA TUKAI', ''),
(4414, '1111081017', '1111081', 'KAMPONG BLANG', ''),
(4415, '1111081018', '1111081', 'MATANG  KEUTAPANG', ''),
(4416, '1111081019', '1111081', 'PANTE GAKI BALE', ''),
(4417, '1111081020', '1111081', 'KRUENG LINGKA', ''),
(4418, '1111081021', '1111081', 'BANTAYAN', ''),
(4419, '1111081022', '1111081', 'ALUE DUA', ''),
(4420, '1111081023', '1111081', 'COT BADA', ''),
(4421, '1111090001', '1111090', 'BLANG TUE', ''),
(4422, '1111090002', '1111090', 'MERBO PUNTONG', ''),
(4423, '1111090003', '1111090', 'MANE KAWAN', ''),
(4424, '1111090004', '1111090', 'TANJONG PINEUNG', ''),
(4425, '1111090005', '1111090', 'ALUE KIRAN', ''),
(4426, '1111090006', '1111090', 'ALUE BARUEH', ''),
(4427, '1111090007', '1111090', 'KEUDE SIMPANG JALAN', ''),
(4428, '1111090008', '1111090', 'COT KAFIRATON', ''),
(4429, '1111090009', '1111090', 'PAYA DUA UJONG', ''),
(4430, '1111090010', '1111090', 'TANJONG DAMA', ''),
(4431, '1111090011', '1111090', 'PAYA DUA URAM', ''),
(4432, '1111090012', '1111090', 'LHOK GEULITUET', ''),
(4433, '1111090013', '1111090', 'MATANG ANOE', ''),
(4434, '1111090014', '1111090', 'LHOK RAMBIDENG', ''),
(4435, '1111090015', '1111090', 'BLANG PHA', ''),
(4436, '1111090016', '1111090', 'MATANG JEULIKAT', ''),
(4437, '1111090017', '1111090', 'DARUL AMAN', ''),
(4438, '1111090018', '1111090', 'COT TRUENG', ''),
(4439, '1111090019', '1111090', 'MEUNASAH SAGOE', ''),
(4440, '1111090020', '1111090', 'MATANG PUNTONG', ''),
(4441, '1111090021', '1111090', 'MATANG PANYANG', ''),
(4442, '1111090022', '1111090', 'COT PATISAH', ''),
(4443, '1111090023', '1111090', 'ALUE CAPLI', ''),
(4444, '1111090024', '1111090', 'SIMPANG PEUT', ''),
(4445, '1111090025', '1111090', 'ULEE TITI', ''),
(4446, '1111090026', '1111090', 'LHOK PUUK', ''),
(4447, '1111090027', '1111090', 'ULEE RUBEK BARAT', ''),
(4448, '1111090028', '1111090', 'MATANG LADA', ''),
(4449, '1111090029', '1111090', 'MATANG KARIENG', ''),
(4450, '1111090030', '1111090', 'ULEE MATANG', ''),
(4451, '1111090031', '1111090', 'ULEE RUBE TIMU', ''),
(4452, '1111090032', '1111090', 'BANTAYAN', ''),
(4453, '1111090033', '1111090', 'TEUPIN KUYUEN', ''),
(4454, '1111100001', '1111100', 'CINTA MAKMUR', ''),
(4455, '1111100002', '1111100', 'BABUSSALAM', ''),
(4456, '1111100003', '1111100', 'BUKET DARA BARO', ''),
(4457, '1111100004', '1111100', 'MATANG BARO', ''),
(4458, '1111100005', '1111100', 'UJONG DAMA', ''),
(4459, '1111100006', '1111100', 'BUKET MON SUKON', ''),
(4460, '1111100007', '1111100', 'MATANG BEURINGEN', ''),
(4461, '1111100009', '1111100', 'MATANG PINEUNG', ''),
(4462, '1111100010', '1111100', 'CEUMPEDAK', ''),
(4463, '1111100011', '1111100', 'MATANG REUDEUP', ''),
(4464, '1111100012', '1111100', 'BUKET LUENG BATA', ''),
(4465, '1111100013', '1111100', 'MATANG MANYAM', ''),
(4466, '1111100014', '1111100', 'COT MANYANG', ''),
(4467, '1111100015', '1111100', 'KEUDE MEUNYE IV', ''),
(4468, '1111100016', '1111100', 'MATANG ULIM', ''),
(4469, '1111100017', '1111100', 'MATANG LINYA', ''),
(4470, '1111100023', '1111100', 'ALUE IE TAREK', ''),
(4471, '1111100024', '1111100', 'GEULUMPANG BUNGKOK', ''),
(4472, '1111100025', '1111100', 'ARONGAN LISE', ''),
(4473, '1111100026', '1111100', 'GLUMPANG PAYONG', ''),
(4474, '1111100027', '1111100', 'ALUE RAMBONG', ''),
(4475, '1111100028', '1111100', 'GEULUMPANG SAMLAKOE', ''),
(4476, '1111100029', '1111100', 'MATANG RAWA', ''),
(4477, '1111100030', '1111100', 'MATANG LAWANG', ''),
(4478, '1111100032', '1111100', 'COT ARA', ''),
(4479, '1111100033', '1111100', 'ALUE DAMA', ''),
(4480, '1111100034', '1111100', 'ALUE BILI GEULUMPANG', ''),
(4481, '1111100035', '1111100', 'PUCOK ALUE', ''),
(4482, '1111100036', '1111100', 'MATANG KAREUNG', ''),
(4483, '1111100037', '1111100', 'COT ULAYA', ''),
(4484, '1111100040', '1111100', 'KEUDE PANTEU BREUH', ''),
(4485, '1111100041', '1111100', 'RAMBONG DALAM', ''),
(4486, '1111100042', '1111100', 'ALUE BILI RAYEUK', ''),
(4487, '1111100043', '1111100', 'MEUNASAH ALUE IE PUTEH', ''),
(4488, '1111100044', '1111100', 'KEUDE ALUE IE PUTEH', ''),
(4489, '1111100045', '1111100', 'MATANG KUMBANG', ''),
(4490, '1111100057', '1111100', 'COT MANE', ''),
(4491, '1111100058', '1111100', 'COT KUMBANG', ''),
(4492, '1111100059', '1111100', 'LHOK SEUTUY', ''),
(4493, '1111100060', '1111100', 'MEUNASAH BUJOK', ''),
(4494, '1111100061', '1111100', 'ALUE JAMOK', ''),
(4495, '1111100062', '1111100', 'MEUDANG ARA', ''),
(4496, '1111100063', '1111100', 'ALUE KEUTAPANG', ''),
(4497, '1111100064', '1111100', 'MEUNASAH GEUDONG', ''),
(4498, '1111100065', '1111100', 'KRUENG LINGKA TIMU', ''),
(4499, '1111100066', '1111100', 'KRUENG LINGKA BARAT', ''),
(4500, '1111100067', '1111100', 'ALUE ANOU TIMU', ''),
(4501, '1111100068', '1111100', 'ALUE ANOU BARAT', ''),
(4502, '1111100069', '1111100', 'ALUE SERDANG', ''),
(4503, '1111100070', '1111100', 'MATANG RAYA BARAT', ''),
(4504, '1111100074', '1111100', 'PULO SEUKE', ''),
(4505, '1111100075', '1111100', 'ALUE GEUDONG', ''),
(4506, '1111100076', '1111100', 'MATANG KEULAYU', ''),
(4507, '1111100077', '1111100', 'MATANG RAYA TIMU', ''),
(4508, '1111100078', '1111100', 'ALUE BUYA', ''),
(4509, '1111100079', '1111100', 'MATANG CUT', ''),
(4510, '1111100080', '1111100', 'TANJONG GLUMPANG', ''),
(4511, '1111101001', '1111101', 'COT KUPOK', ''),
(4512, '1111101002', '1111101', 'MATANG RAYA BLANG SIALET', ''),
(4513, '1111101003', '1111101', 'PUCOK ALUE BUKET', ''),
(4514, '1111101004', '1111101', 'COT PAYA', ''),
(4515, '1111101005', '1111101', 'MATANG TEUNGOH', ''),
(4516, '1111101006', '1111101', 'MATANG PANYANG', ''),
(4517, '1111101007', '1111101', 'MATANG BAYU', ''),
(4518, '1111101008', '1111101', 'LANG NIBONG', ''),
(4519, '1111101009', '1111101', 'SINGGAH MATA', ''),
(4520, '1111101010', '1111101', 'MATANG CEUBREK', ''),
(4521, '1111101011', '1111101', 'COT USEN', ''),
(4522, '1111101012', '1111101', 'MATANG SIJUEK BARAT', ''),
(4523, '1111101013', '1111101', 'MATANG SIJUEK TEUNGOH', ''),
(4524, '1111101014', '1111101', 'MATANG SIJUEK TIMU', ''),
(4525, '1111101015', '1111101', 'KEUDE SAMPOYNIET', ''),
(4526, '1111101016', '1111101', 'BLANG SEUNONG', ''),
(4527, '1111101017', '1111101', 'MATANG PAYA', ''),
(4528, '1111101018', '1111101', 'LHOK IBOH', ''),
(4529, '1111101019', '1111101', 'COT LABA', ''),
(4530, '1111101020', '1111101', 'MEUNASAH PANTE', ''),
(4531, '1111101021', '1111101', 'COT MURONG', ''),
(4532, '1111101022', '1111101', 'MEURANDEH PAYA', ''),
(4533, '1111101023', '1111101', 'MEUNASAH HAGU', ''),
(4534, '1111101024', '1111101', 'BLANG RHEU', ''),
(4535, '1111101025', '1111101', 'LHOK EUNCIEN', ''),
(4536, '1111101026', '1111101', 'PAYA BATEUNG', ''),
(4537, '1111110001', '1111110', 'GEULUMPANG', ''),
(4538, '1111110002', '1111110', 'BULOH LT', ''),
(4539, '1111110003', '1111110', 'ALUE ABEE', ''),
(4540, '1111110004', '1111110', 'ALUE EUMPOK', ''),
(4541, '1111110005', '1111110', 'ALUE ITAM REUDEUP', ''),
(4542, '1111110006', '1111110', 'BUKET KRUENG', ''),
(4543, '1111110007', '1111110', 'MEUNASAH TEUNGOH LB', ''),
(4544, '1111110008', '1111110', 'KUMBANG LT', ''),
(4545, '1111110009', '1111110', 'ALUE ITAM BAROH', ''),
(4546, '1111110010', '1111110', 'MEURIA', ''),
(4547, '1111110011', '1111110', 'ARONGAN LT', ''),
(4548, '1111110012', '1111110', 'BUKET ME LT', ''),
(4549, '1111110013', '1111110', 'DAYAH LT', ''),
(4550, '1111110014', '1111110', 'KRUENG LT', ''),
(4551, '1111110015', '1111110', 'MEUNASAH TUHA', ''),
(4552, '1111110016', '1111110', 'MEUNASAH RAYEUK LB', ''),
(4553, '1111110017', '1111110', 'MEUCAT', ''),
(4554, '1111110018', '1111110', 'ASAN LB', ''),
(4555, '1111110019', '1111110', 'RAWA', ''),
(4556, '1111110020', '1111110', 'BABAH GEUDUBANG', ''),
(4557, '1111110021', '1111110', 'MEUNASAH MEUREBO', ''),
(4558, '1111110022', '1111110', 'ULEE GUNONG', ''),
(4559, '1111110023', '1111110', 'TEUPIN KEUBEU', ''),
(4560, '1111110024', '1111110', 'SEUNEUBOK DALAM', ''),
(4561, '1111110025', '1111110', 'GRONG GRONG', ''),
(4562, '1111110026', '1111110', 'LHOK KAREUNG', ''),
(4563, '1111110027', '1111110', 'COT ASAN', ''),
(4564, '1111110028', '1111110', 'BUKET HAGU', ''),
(4565, '1111110030', '1111110', 'MATA IE', ''),
(4566, '1111110031', '1111110', 'MATA U', ''),
(4567, '1111110032', '1111110', 'LHOK SENTANG', ''),
(4568, '1111110033', '1111110', 'ULEE TANOH', ''),
(4569, '1111110034', '1111110', 'NGA LT', ''),
(4570, '1111110035', '1111110', 'MEUNASAH JOK', ''),
(4571, '1111110036', '1111110', 'MEUNASAH NGA LB', ''),
(4572, '1111110037', '1111110', 'MATANG MEUNYE', ''),
(4573, '1111110038', '1111110', 'BERINGIN LB', ''),
(4574, '1111110039', '1111110', 'MANYANG', ''),
(4575, '1111110040', '1111110', 'BLANG', ''),
(4576, '1111110041', '1111110', 'CEUBREK', ''),
(4577, '1111110042', '1111110', 'KUTA LHOKSUKON', ''),
(4578, '1111110043', '1111110', 'DAYAH LB', ''),
(4579, '1111110044', '1111110', 'MEUNASAH MATANG TEUNGOH LT', ''),
(4580, '1111110045', '1111110', 'MEUNASAH GEULINGGANG', ''),
(4581, '1111110046', '1111110', 'ULEE BARAT', ''),
(4582, '1111110047', '1111110', 'PULO DULANG', ''),
(4583, '1111110048', '1111110', 'MEUNASAH TUTONG', ''),
(4584, '1111110049', '1111110', 'MEUNASAH GEUMATA', ''),
(4585, '1111110050', '1111110', 'MEUNASAH PANTE', ''),
(4586, '1111110051', '1111110', 'TRIENG MATANG UBI', ''),
(4587, '1111110052', '1111110', 'MEUNYE MATANG UBI', ''),
(4588, '1111110053', '1111110', 'BLANG RUBEK', ''),
(4589, '1111110054', '1111110', 'ALUE BUKET', ''),
(4590, '1111110055', '1111110', 'MEUNASAH REUDEUP', ''),
(4591, '1111110056', '1111110', 'NGA MATANG UBI', ''),
(4592, '1111110057', '1111110', 'BUKET SENTANG', ''),
(4593, '1111110058', '1111110', 'BLANG AMAN', ''),
(4594, '1111110059', '1111110', 'COT U SIBAK', ''),
(4595, '1111110060', '1111110', 'BINTANG HU', ''),
(4596, '1111110061', '1111110', 'COT ARA', ''),
(4597, '1111110062', '1111110', 'COT GEULUMPANG AB', ''),
(4598, '1111110063', '1111110', 'ABEUK LEUPEN', ''),
(4599, '1111110064', '1111110', 'MATANG PUPANJI AB', ''),
(4600, '1111110065', '1111110', 'MATANG TEUNGOH AB', ''),
(4601, '1111110066', '1111110', 'MEUNASAH ASAN AB', ''),
(4602, '1111110067', '1111110', 'RANTO', ''),
(4603, '1111110068', '1111110', 'KEUTAPANG', ''),
(4604, '1111110069', '1111110', 'ALUE MUDEM', ''),
(4605, '1111110070', '1111110', 'R A M B O T', ''),
(4606, '1111110071', '1111110', 'ARA AB', ''),
(4607, '1111110072', '1111110', 'MEUNASAH ALUE DRIEN LB', ''),
(4608, '1111110073', '1111110', 'MANCANG', ''),
(4609, '1111110074', '1111110', 'LEUBOK AB', ''),
(4610, '1111110075', '1111110', 'TRIENG PANTANG', ''),
(4611, '1111110076', '1111110', 'MEUNASAH ARONGAN AB', ''),
(4612, '1111120001', '1111120', 'LEUPON SIREN', ''),
(4613, '1111120002', '1111120', 'ULEE BUKET', ''),
(4614, '1111120003', '1111120', 'BLANG PIE', ''),
(4615, '1111120004', '1111120', 'BLANG TRIENG', ''),
(4616, '1111120008', '1111120', 'COT BARAT', ''),
(4617, '1111120009', '1111120', 'PLU PAKAM', ''),
(4618, '1111120010', '1111120', 'TUMPOK ACEH', ''),
(4619, '1111120011', '1111120', 'COT DAH', ''),
(4620, '1111120012', '1111120', 'ALUE SIJUEK', ''),
(4621, '1111120015', '1111120', 'HAGU', ''),
(4622, '1111120016', '1111120', 'BAYI', ''),
(4623, '1111120017', '1111120', 'LEU HONG', ''),
(4624, '1111120018', '1111120', 'PUNTI SEULEUMAK BARAT', ''),
(4625, '1111120019', '1111120', 'SERBA JAMAN TUNONG', ''),
(4626, '1111120020', '1111120', 'ALUE GAMPONG', ''),
(4627, '1111120023', '1111120', 'MATANG BALOY', ''),
(4628, '1111120024', '1111120', 'TEUPIN ME', ''),
(4629, '1111120025', '1111120', 'BLANG', ''),
(4630, '1111120026', '1111120', 'MATANG MANE', ''),
(4631, '1111120030', '1111120', 'TANJONG MESJID', ''),
(4632, '1111120031', '1111120', 'KEUTAPANG', ''),
(4633, '1111120032', '1111120', 'CEUBREK', ''),
(4634, '1111120033', '1111120', 'MANYANG SEULEUMAK BARAT', ''),
(4635, '1111120034', '1111120', 'TRIENG', ''),
(4636, '1111120035', '1111120', 'SERBA JAMAN BAROH', ''),
(4637, '1111120036', '1111120', 'UJONG BAROH SB', ''),
(4638, '1111120044', '1111120', 'BLANG JRUEN', ''),
(4639, '1111120045', '1111120', 'RAYEUK KUTA', ''),
(4640, '1111120046', '1111120', 'PAYA', ''),
(4641, '1111120047', '1111120', 'RANGKAYA', ''),
(4642, '1111120048', '1111120', 'RAYEUK MEUNYE', ''),
(4643, '1111120049', '1111120', 'KEUDE BLANG JRUEN', ''),
(4644, '1111120050', '1111120', 'AMPEH', ''),
(4645, '1111120054', '1111120', 'TUTONG', ''),
(4646, '1111120055', '1111120', 'ALUE', ''),
(4647, '1111120056', '1111120', 'TEUNGOH BEUREGHANG', ''),
(4648, '1111120057', '1111120', 'JEUMPA BEUREGHANG', ''),
(4649, '1111120058', '1111120', 'PANTE', ''),
(4650, '1111120059', '1111120', 'TGK DIBALE', ''),
(4651, '1111120060', '1111120', 'SERBA JAMAN', ''),
(4652, '1111120061', '1111120', 'RAYEUK NALEUNG', ''),
(4653, '1111120062', '1111120', 'BLANG BIDOK', ''),
(4654, '1111120063', '1111120', 'PUNTI PULO AGAM', ''),
(4655, '1111120064', '1111120', 'TEUNGOH PULO AGAM', ''),
(4656, '1111120065', '1111120', 'RAWA', ''),
(4657, '1111120066', '1111120', 'MATANG BEN', ''),
(4658, '1111120067', '1111120', 'UJONG BAROH BEUREGHANG', ''),
(4659, '1111120068', '1111120', 'MANYANG TUNONG', ''),
(4660, '1111120069', '1111120', 'ALUE PANGKAT', ''),
(4661, '1111120070', '1111120', 'PULO BLANG', ''),
(4662, '1111120071', '1111120', 'MATANG CEUBREK', ''),
(4663, '1111120072', '1111120', 'HUENG', ''),
(4664, '1111120073', '1111120', 'DENG', ''),
(4665, '1111120074', '1111120', 'PAYA BEURANDANG', ''),
(4666, '1111120075', '1111120', 'PULO U', ''),
(4667, '1111120076', '1111120', 'ALUE KEUJRUEN', ''),
(4668, '1111120077', '1111120', 'BUKET MAKARTI', ''),
(4669, '1111121001', '1111121', 'BUMBAN', ''),
(4670, '1111121002', '1111121', 'ALUE NGOM', ''),
(4671, '1111121003', '1111121', 'ALUE PANAH', ''),
(4672, '1111121004', '1111121', 'ALUE IE MIRAH', ''),
(4673, '1111121005', '1111121', 'MADDI', ''),
(4674, '1111121006', '1111121', 'TANJONG PUTOH', ''),
(4675, '1111121007', '1111121', 'SEULUNYOK', ''),
(4676, '1111121008', '1111121', 'RANTO', ''),
(4677, '1111121009', '1111121', 'MENYE LHEE', ''),
(4678, '1111121010', '1111121', 'KEULILEE', ''),
(4679, '1111121011', '1111121', 'PAYA TEUREUBANG', ''),
(4680, '1111121012', '1111121', 'SUMBOK RAYEK', ''),
(4681, '1111121013', '1111121', 'MAMPLAM', ''),
(4682, '1111121014', '1111121', 'KEH', ''),
(4683, '1111121015', '1111121', 'DAYAH NIBONG', ''),
(4684, '1111121016', '1111121', 'TEUPIN JOK', ''),
(4685, '1111121017', '1111121', 'KEUPOK NIBONG', ''),
(4686, '1111121018', '1111121', 'KEUDE NIBONG', ''),
(4687, '1111121019', '1111121', 'NIBONG WAKEUH', ''),
(4688, '1111121020', '1111121', 'NIBONG BAROH', ''),
(4689, '1111130001', '1111130', 'KITOU', ''),
(4690, '1111130002', '1111130', 'PAYA TERBANG', ''),
(4691, '1111130003', '1111130', 'TANJONG MESJID', ''),
(4692, '1111130004', '1111130', 'TANJONG AWE', ''),
(4693, '1111130005', '1111130', 'TANJONG RENGKAM', ''),
(4694, '1111130006', '1111130', 'TANJONG HAGU', ''),
(4695, '1111130007', '1111130', 'MADAN', ''),
(4696, '1111130008', '1111130', 'TANJONG BAROH', ''),
(4697, '1111130009', '1111130', 'GAMPONG BARO', ''),
(4698, '1111130010', '1111130', 'TANJONG KLENG', ''),
(4699, '1111130011', '1111130', 'KRUENG BARO LGH', ''),
(4700, '1111130012', '1111130', 'TEUPIN BEULANGAN', ''),
(4701, '1111130013', '1111130', 'TEUPIN ARA', ''),
(4702, '1111130014', '1111130', 'PUSONG', ''),
(4703, '1111130015', '1111130', 'MANCANG', ''),
(4704, '1111130016', '1111130', 'BLANG KABU', ''),
(4705, '1111130017', '1111130', 'KEUDE GEUDONG', ''),
(4706, '1111130018', '1111130', 'BLANG PEURIA', ''),
(4707, '1111130019', '1111130', 'MEUNASAH ASAN', ''),
(4708, '1111130020', '1111130', 'MURONG', ''),
(4709, '1111130021', '1111130', 'PIE', ''),
(4710, '1111130022', '1111130', 'KRUENG MATE', ''),
(4711, '1111130023', '1111130', 'BEURINGEN', ''),
(4712, '1111130024', '1111130', 'KUTA KRUENG', ''),
(4713, '1111130025', '1111130', 'KUTA GLUMPANG', ''),
(4714, '1111130026', '1111130', 'MEUCAT', ''),
(4715, '1111130027', '1111130', 'KRUENG BARO BLANG ME', ''),
(4716, '1111130028', '1111130', 'UJONG', ''),
(4717, '1111130029', '1111130', 'MESJID', ''),
(4718, '1111130030', '1111130', 'TEUNGOH', ''),
(4719, '1111130031', '1111130', 'PUUK', ''),
(4720, '1111130032', '1111130', 'PULO', ''),
(4721, '1111130033', '1111130', 'LAGA BARO', ''),
(4722, '1111130034', '1111130', 'MATANG TUNONG', ''),
(4723, '1111130035', '1111130', 'KEUDE BLANG ME', ''),
(4724, '1111130036', '1111130', 'MATANG PUNTONG', ''),
(4725, '1111130037', '1111130', 'LANCANG', ''),
(4726, '1111130038', '1111130', 'MATANG ULIM', ''),
(4727, '1111130039', '1111130', 'SAWANG', ''),
(4728, '1111130040', '1111130', 'BLANG NIBONG', ''),
(4729, '1111140001', '1111140', 'TANJONG KRUENG PASE', ''),
(4730, '1111140002', '1111140', 'MATANG MUNYE', ''),
(4731, '1111140003', '1111140', 'BLANG', ''),
(4732, '1111140004', '1111140', 'GLOK ARON', ''),
(4733, '1111140005', '1111140', 'MEE ARON', ''),
(4734, '1111140006', '1111140', 'MEURIA ARON', ''),
(4735, '1111140007', '1111140', 'U BLANG ASAN', ''),
(4736, '1111140008', '1111140', 'KANOT', ''),
(4737, '1111140009', '1111140', 'DAYAH ARON', ''),
(4738, '1111140010', '1111140', 'MONCRANG', ''),
(4739, '1111140011', '1111140', 'KEUDE ARON', ''),
(4740, '1111140012', '1111140', 'TEUNGOH', ''),
(4741, '1111140013', '1111140', 'KUMBANG', ''),
(4742, '1111140014', '1111140', 'CIBREK TUNONG', ''),
(4743, '1111140015', '1111140', 'MEUCAT', ''),
(4744, '1111140016', '1111140', 'DAYAH TEUNGKU', ''),
(4745, '1111140017', '1111140', 'CALONG', ''),
(4746, '1111140018', '1111140', 'MANYANG BAROH', ''),
(4747, '1111140019', '1111140', 'ALUE GUNTO', ''),
(4748, '1111140020', '1111140', 'PEURUPOK', ''),
(4749, '1111140021', '1111140', 'PULO', ''),
(4750, '1111140022', '1111140', 'TANJONG MULIENG', ''),
(4751, '1111140023', '1111140', 'CIBREK BAROH', ''),
(4752, '1111140024', '1111140', 'MESJID', ''),
(4753, '1111140025', '1111140', 'PANTE', ''),
(4754, '1111140026', '1111140', 'KEUTAPANG', ''),
(4755, '1111140027', '1111140', 'KEUDE TEUPIN PUNTI', ''),
(4756, '1111140028', '1111140', 'AWE', ''),
(4757, '1111140029', '1111140', 'HAGU', ''),
(4758, '1111140030', '1111140', 'ARA', ''),
(4759, '1111140031', '1111140', 'MAMPREE', ''),
(4760, '1111140032', '1111140', 'AMPEH', ''),
(4761, '1111140033', '1111140', 'DAYAH MEURIA', ''),
(4762, '1111140034', '1111140', 'KULAM', ''),
(4763, '1111150001', '1111150', 'ALUE', ''),
(4764, '1111150002', '1111150', 'KEUDE MATANG PANYANG', ''),
(4765, '1111150003', '1111150', 'BLANG', ''),
(4766, '1111150004', '1111150', 'GAMPONG PANDE', ''),
(4767, '1111150005', '1111150', 'PALOH', ''),
(4768, '1111150006', '1111150', 'PRIE', ''),
(4769, '1111150007', '1111150', 'ME MERBO', ''),
(4770, '1111150008', '1111150', 'ULEE TANOH', ''),
(4771, '1111150009', '1111150', 'MATANG RANUB LASEH', ''),
(4772, '1111150015', '1111150', 'KEUTAPANG', ''),
(4773, '1111150016', '1111150', 'KUMBANG', ''),
(4774, '1111150017', '1111150', 'ME MATANG PANYANG', ''),
(4775, '1111150018', '1111150', 'CANGGUEK', ''),
(4776, '1111150019', '1111150', 'KEUDE JRAT MANYANG', ''),
(4777, '1111150020', '1111150', 'TEUPIN GAPEUH', ''),
(4778, '1111150021', '1111150', 'CIBREK', ''),
(4779, '1111150024', '1111150', 'MATANG JANENG', ''),
(4780, '1111150029', '1111150', 'KUALA KEUREUTOE BARAT', ''),
(4781, '1111151001', '1111151', 'KEUREUTOAU', ''),
(4782, '1111151002', '1111151', 'LUENG BARO', ''),
(4783, '1111151003', '1111151', 'MERBO LAMA', ''),
(4784, '1111151004', '1111151', 'MERBO JURONG', ''),
(4785, '1111151005', '1111151', 'TANJUNG DAMA', ''),
(4786, '1111151006', '1111151', 'GEULANGGANG BARO', ''),
(4787, '1111151007', '1111151', 'MATANG TUNONG', ''),
(4788, '1111151008', '1111151', 'MATANG BAROH', ''),
(4789, '1111151009', '1111151', 'KEUDE LAPANG', ''),
(4790, '1111151010', '1111151', 'KUALA CANGKOI', ''),
(4791, '1111151011', '1111151', 'KUALA KEREUTOU', ''),
(4792, '1111160001', '1111160', 'TEUPIN BANJA', ''),
(4793, '1111160002', '1111160', 'PANIGAH', ''),
(4794, '1111160003', '1111160', 'PALOH AWE', ''),
(4795, '1111160004', '1111160', 'REULEUT TIMUR', ''),
(4796, '1111160005', '1111160', 'REULEUT BARAT', ''),
(4797, '1111160006', '1111160', 'PINTO MAKMUR', ''),
(4798, '1111160007', '1111160', 'TUMPOK BEURANDANG', ''),
(4799, '1111160008', '1111160', 'PALOH RAYA', ''),
(4800, '1111160009', '1111160', 'MEUNASAH PINTO', ''),
(4801, '1111160010', '1111160', 'KUALA DUA', ''),
(4802, '1111160011', '1111160', 'KEUDE MANE', ''),
(4803, '1111160012', '1111160', 'MANE TUNONG', ''),
(4804, '1111160013', '1111160', 'PANTE GURAH', ''),
(4805, '1111160014', '1111160', 'KAMBAM', ''),
(4806, '1111160015', '1111160', 'KEUDE BUNGKAIH', ''),
(4807, '1111160016', '1111160', 'ULEE MADON', ''),
(4808, '1111160017', '1111160', 'MEUNASAH ARON', ''),
(4809, '1111160018', '1111160', 'COT TRUENG', ''),
(4810, '1111160019', '1111160', 'DAKUTA', ''),
(4811, '1111160020', '1111160', 'MEUNASAH DRANG', ''),
(4812, '1111160021', '1111160', 'MEUNASAH BARO', ''),
(4813, '1111160022', '1111160', 'MEUNASAH LHOK', ''),
(4814, '1111160023', '1111160', 'COT SEURANI', ''),
(4815, '1111160024', '1111160', 'TANOH ANOUE', ''),
(4816, '1111170001', '1111170', 'PALOH IGEUH', ''),
(4817, '1111170002', '1111170', 'PALOH GADENG', ''),
(4818, '1111170003', '1111170', 'TAMBON TUNONG', ''),
(4819, '1111170004', '1111170', 'TAMBON BAROH', ''),
(4820, '1111170005', '1111170', 'PALOH LADA', ''),
(4821, '1111170006', '1111170', 'PULO RUNGKOM', ''),
(4822, '1111170007', '1111170', 'ULEE PULO', ''),
(4823, '1111170008', '1111170', 'ULEE REULEUNG', ''),
(4824, '1111170009', '1111170', 'LANCANG BARAT', ''),
(4825, '1111170010', '1111170', 'GEULUMPANG SULU BARAT', ''),
(4826, '1111170011', '1111170', 'GEULUMPANG SULU TIMUR', ''),
(4827, '1111170012', '1111170', 'UTEUN GEULINGGANG', ''),
(4828, '1111170013', '1111170', 'KEUDE KRUENG GEUKUEH', ''),
(4829, '1111170014', '1111170', 'BANGKA JAYA', ''),
(4830, '1111170015', '1111170', 'BLUKA TEUBAI', ''),
(4831, '1112010015', '1112010', 'TENGAH', ''),
(4832, '1112010016', '1112010', 'PADANG', ''),
(4833, '1112010017', '1112010', 'KEDAI', ''),
(4834, '1112010018', '1112010', 'PAYA', ''),
(4835, '1112010019', '1112010', 'SEUNALOP', ''),
(4836, '1112010022', '1112010', 'LADANG PANAH', ''),
(4837, '1112010023', '1112010', 'PUSU', ''),
(4838, '1112010024', '1112010', 'UJUNG PADANG', ''),
(4839, '1112010025', '1112010', 'LHUNG BARO', ''),
(4840, '1112010026', '1112010', 'PANTON MAKMUR', ''),
(4841, '1112010027', '1112010', 'PANTE RAJA', ''),
(4842, '1112010028', '1112010', 'LHOK PAWOH', ''),
(4843, '1112010029', '1112010', 'PANTE PIRAK', ''),
(4844, '1112010030', '1112010', 'SEJAHTERA', ''),
(4845, '1112010031', '1112010', 'BLANG MANGGENG', ''),
(4846, '1112010032', '1112010', 'TOKOH', ''),
(4847, '1112010033', '1112010', 'LHOK PUNTOY', ''),
(4848, '1112010034', '1112010', 'PANTE CERMIN', ''),
(4849, '1112011001', '1112011', 'UJUNG TANAH', ''),
(4850, '1112011002', '1112011', 'KUTA PAYA', ''),
(4851, '1112011003', '1112011', 'GEULANGGANG BATEE', ''),
(4852, '1112011004', '1112011', 'MEUNASAH TENGAH', ''),
(4853, '1112011005', '1112011', 'MEUNASAH SUKON', ''),
(4854, '1112011006', '1112011', 'COT BAK-U', ''),
(4855, '1112011007', '1112011', 'MEURANDEH', ''),
(4856, '1112011008', '1112011', 'PADANG KELELE', ''),
(4857, '1112011009', '1112011', 'LADANG TUHA I', ''),
(4858, '1112011010', '1112011', 'LADANG TUHA II', ''),
(4859, '1112011011', '1112011', 'ALUE RAMBOT', ''),
(4860, '1112011016', '1112011', 'SUKA DAMAI', ''),
(4861, '1112011017', '1112011', 'TOKOH II', ''),
(4862, '1112011018', '1112011', 'KAYE ACEH', ''),
(4863, '1112020001', '1112020', 'PADANG BAKJOK', ''),
(4864, '1112020002', '1112020', 'SUAK NIBONG', ''),
(4865, '1112020003', '1112020', 'DRIEN KIPAH', ''),
(4866, '1112020004', '1112020', 'BINEH KRUENG', ''),
(4867, '1112020005', '1112020', 'DRIEN JALO', ''),
(4868, '1112020006', '1112020', 'PADANG KAWA', ''),
(4869, '1112020007', '1112020', 'MESJID', ''),
(4870, '1112020008', '1112020', 'ADAN', ''),
(4871, '1112020009', '1112020', 'PANTE GEULUMPANG', ''),
(4872, '1112020010', '1112020', 'GUNUNG CUT', ''),
(4873, '1112020011', '1112020', 'PADANG BAK JEUMPA', ''),
(4874, '1112020012', '1112020', 'BLANG PADANG', ''),
(4875, '1112020013', '1112020', 'SUAK LABU', ''),
(4876, '1112020014', '1112020', 'KUTA BAK DRIN', ''),
(4877, '1112020015', '1112020', 'IE LHOP', ''),
(4878, '1112021002', '1112021', 'TANGAN TANGAN CUT', ''),
(4879, '1112021003', '1112021', 'LHANG', ''),
(4880, '1112021004', '1112021', 'UJUNG TANAH', ''),
(4881, '1112021005', '1112021', 'RAMBONG', ''),
(4882, '1112021006', '1112021', 'PISANG', ''),
(4883, '1112021007', '1112021', 'ALUE DAMA', ''),
(4884, '1112021008', '1112021', 'MON MAMEH', ''),
(4885, '1112021009', '1112021', 'CINTA MAKMUR', ''),
(4886, '1112021010', '1112021', 'KUTA MURNI', ''),
(4887, '1112030002', '1112030', 'COT JEURAT', ''),
(4888, '1112030003', '1112030', 'KUTA BAHAGIA', ''),
(4889, '1112030004', '1112030', 'KEDAI SIBLAH', ''),
(4890, '1112030005', '1112030', 'PASAR BLANG PIDIE', ''),
(4891, '1112030006', '1112030', 'MEUDANG ARA', ''),
(4892, '1112030007', '1112030', 'GEULUMPANG PAYONG', ''),
(4893, '1112030008', '1112030', 'KUTA TINGGI', ''),
(4894, '1112030009', '1112030', 'KEDAI PAYA', ''),
(4895, '1112030010', '1112030', 'BAHARU', ''),
(4896, '1112030011', '1112030', 'LAMKUTA', ''),
(4897, '1112030012', '1112030', 'ALUM ANGGOTA', ''),
(4898, '1112030013', '1112030', 'MATA IE', ''),
(4899, '1112030014', '1112030', 'PANTON RAYA', ''),
(4900, '1112030015', '1112030', 'SEUNALOH', ''),
(4901, '1112030016', '1112030', 'LHUNG TAROK', ''),
(4902, '1112030018', '1112030', 'LHUNG ASAN', ''),
(4903, '1112030019', '1112030', 'GUHANG', ''),
(4904, '1112030027', '1112030', 'KUTA TUHA', ''),
(4905, '1112030029', '1112030', 'GUDANG', ''),
(4906, '1112030030', '1112030', 'BABAH LHUNG', ''),
(4907, '1112031001', '1112031', 'PADANG GEULUMPANG', ''),
(4908, '1112031002', '1112031', 'ASO NANGGRO', ''),
(4909, '1112031003', '1112031', 'LADANG NEUBOK', ''),
(4910, '1112031004', '1112031', 'IKU LHUNG', ''),
(4911, '1112031005', '1112031', 'COT MANE', ''),
(4912, '1112031006', '1112031', 'KUTA JEUMPA', ''),
(4913, '1112031007', '1112031', 'ALUE SUNGAI PINANG', ''),
(4914, '1112031008', '1112031', 'ALUE RAMBOT', ''),
(4915, '1112031009', '1112031', 'BARU', ''),
(4916, '1112031010', '1112031', 'KUTA MAKMUR', ''),
(4917, '1112031011', '1112031', 'ALUE SELASEH', ''),
(4918, '1112031012', '1112031', 'JEUMPA BARAT', ''),
(4919, '1112040001', '1112040', 'KEDAI SUSOH', ''),
(4920, '1112040002', '1112040', 'PANJANG BARU', ''),
(4921, '1112040003', '1112040', 'KEDAI PALAK KERAMBIL', ''),
(4922, '1112040004', '1112040', 'LADANG', ''),
(4923, '1112040005', '1112040', 'PADANG PANJANG', ''),
(4924, '1112040006', '1112040', 'RUBEK MEUPAYONG', ''),
(4925, '1112040007', '1112040', 'COT MANCANG', ''),
(4926, '1112040008', '1112040', 'LAMPOH DRIEN', ''),
(4927, '1112040009', '1112040', 'MEUNASAH', ''),
(4928, '1112040010', '1112040', 'BLANG DALAM', ''),
(4929, '1112040011', '1112040', 'PALAK HULU', ''),
(4930, '1112040012', '1112040', 'PALAK HILIR', ''),
(4931, '1112040013', '1112040', 'RUMAH DUA LAPIS', ''),
(4932, '1112040014', '1112040', 'DURIAN JANGEK', ''),
(4933, '1112040015', '1112040', 'BAHARU', ''),
(4934, '1112040016', '1112040', 'PINANG', ''),
(4935, '1112040017', '1112040', 'RUMAH PANJANG', ''),
(4936, '1112040018', '1112040', 'PADANG BARU', ''),
(4937, '1112040019', '1112040', 'PULAU KAYU', ''),
(4938, '1112040020', '1112040', 'UJUNG PADANG', ''),
(4939, '1112040021', '1112040', 'PAWOH', ''),
(4940, '1112040022', '1112040', 'BARAT', ''),
(4941, '1112040023', '1112040', 'DURIAN RAMPAK', ''),
(4942, '1112040024', '1112040', 'PANTAI PERAK', ''),
(4943, '1112040025', '1112040', 'PADANG HILIR', ''),
(4944, '1112040026', '1112040', 'GADANG', ''),
(4945, '1112040027', '1112040', 'TANGAH', ''),
(4946, '1112040028', '1112040', 'KEPALA BANDAR', ''),
(4947, '1112040029', '1112040', 'GEULIMA JAYA', ''),
(4948, '1112050001', '1112050', 'LAMA TUHA', ''),
(4949, '1112050002', '1112050', 'KEUDEE BARO', ''),
(4950, '1112050003', '1112050', 'IE MAMEH', ''),
(4951, '1112050004', '1112050', 'ALUE PISANG', ''),
(4952, '1112050005', '1112050', 'KRUENG BATEE', ''),
(4953, '1112050006', '1112050', 'LHOK GAJAH', ''),
(4954, '1112050007', '1112050', 'MUKA BLANG', ''),
(4955, '1112050008', '1112050', 'PADANG SIKABU', ''),
(4956, '1112050009', '1112050', 'LHUNG GELUMPANG', ''),
(4957, '1112050010', '1112050', 'ALUE PADEE', ''),
(4958, '1112050011', '1112050', 'BLANG PANYANG', ''),
(4959, '1112050012', '1112050', 'KAMPUNG TENGAH', ''),
(4960, '1112050013', '1112050', 'BLANG MAKMUR', ''),
(4961, '1112050014', '1112050', 'KUALA TERUBU', ''),
(4962, '1112050015', '1112050', 'PASAR KUTA BAHAGIA', ''),
(4963, '1112050016', '1112050', 'PANTO CUT', ''),
(4964, '1112050017', '1112050', 'KOTA BAHAGIA', ''),
(4965, '1112050018', '1112050', 'GELANGGANG GAJAH', ''),
(4966, '1112050019', '1112050', 'KRUENG PANTO', ''),
(4967, '1112050020', '1112050', 'DRIEN BEURUMBANG', ''),
(4968, '1112050021', '1112050', 'RUMOH PANYANG', ''),
(4969, '1112060001', '1112060', 'GUNUNG SAMARINDA', ''),
(4970, '1112060002', '1112060', 'IE MERAH', ''),
(4971, '1112060003', '1112060', 'PANTEE RAKYAT', ''),
(4972, '1112060004', '1112060', 'PANTEE CERMIN', ''),
(4973, '1112060005', '1112060', 'ALUE JERJAK', ''),
(4974, '1112060006', '1112060', 'BLANG DALAM', ''),
(4975, '1112060007', '1112060', 'ALUE PEUNAWA', ''),
(4976, '1112060008', '1112060', 'SIMPANG GADENG', ''),
(4977, '1112060009', '1112060', 'TELADAN JAYA', ''),
(4978, '1112060010', '1112060', 'BLANG RAJA', ''),
(4979, '1112060011', '1112060', 'RUKOEN DAMEE', ''),
(4980, '1112060012', '1112060', 'LHOK GAYO', ''),
(4981, '1112060013', '1112060', 'ALUE DAWAH', ''),
(4982, '1112060014', '1112060', 'COT SEUMANTOK', ''),
(4983, '1113010001', '1113010', 'BENER', ''),
(4984, '1113010003', '1113010', 'RIKIT DEKAT', ''),
(4985, '1113010004', '1113010', 'ULON TANOH', ''),
(4986, '1113010005', '1113010', 'REMA', ''),
(4987, '1113010006', '1113010', 'TAMPENG', ''),
(4988, '1113010007', '1113010', 'BERANANG', ''),
(4989, '1113010008', '1113010', 'KUTA UJUNG', ''),
(4990, '1113010014', '1113010', 'CIKE', ''),
(4991, '1113010015', '1113010', 'REMA BARU', ''),
(4992, '1113010016', '1113010', 'KERUKUNAN KUTA PANJANG', ''),
(4993, '1113010017', '1113010', 'TAMPENG MUSARA', ''),
(4994, '1113010018', '1113010', 'KONG PALUH', ''),
(4995, '1113011001', '1113011', 'PENOSAN', ''),
(4996, '1113011002', '1113011', 'PENOSAN SEPAKAT', '');
INSERT INTO `Village` (`idVillage`, `VillageCode`, `DistrictCode`, `VillageNameID`, `VillageNameEN`) VALUES
(4997, '1113011003', '1113011', 'GEGARANG', ''),
(4998, '1113011004', '1113011', 'PEPARIK GAIB', ''),
(4999, '1113011005', '1113011', 'TINGKEM', ''),
(5000, '1113011006', '1113011', 'SEKUELEN', ''),
(5001, '1113011007', '1113011', 'AKUL', ''),
(5002, '1113011008', '1113011', 'KETUKAH', ''),
(5003, '1113011009', '1113011', 'BLANG JERANGO', ''),
(5004, '1113011010', '1113011', 'PEPARIK DEKAT', ''),
(5005, '1113020002', '1113020', 'PALOK', ''),
(5006, '1113020003', '1113020', 'PENGGALANGAN', ''),
(5007, '1113020004', '1113020', 'LEMPUH', ''),
(5008, '1113020007', '1113020', 'KUTE SERE', ''),
(5009, '1113020008', '1113020', 'CEMPA', ''),
(5010, '1113020009', '1113020', 'GELE', ''),
(5011, '1113020010', '1113020', 'PENAMPAAN', ''),
(5012, '1113020011', '1113020', 'PORANG', ''),
(5013, '1113020013', '1113020', 'KOTA BLANGKEJEREN', ''),
(5014, '1113020014', '1113020', 'KAMPUNG JAWA', ''),
(5015, '1113020015', '1113020', 'KUTA LINTANG', ''),
(5016, '1113020016', '1113020', 'LEME', ''),
(5017, '1113020017', '1113020', 'BUKIT', ''),
(5018, '1113020018', '1113020', 'DURIN', ''),
(5019, '1113020019', '1113020', 'BACANG', ''),
(5020, '1113020025', '1113020', 'AGUSEN', ''),
(5021, '1113020026', '1113020', 'PENAMPAAN UKEN', ''),
(5022, '1113020028', '1113020', 'BUSTANUSSALAM', ''),
(5023, '1113020029', '1113020', 'SEPANG', ''),
(5024, '1113020030', '1113020', 'RAK LUNUNG', ''),
(5025, '1113020031', '1113020', 'SENTANG', ''),
(5026, '1113021001', '1113021', 'MARPUNGE', ''),
(5027, '1113021002', '1113021', 'RAMUNG MUSARA', ''),
(5028, '1113021003', '1113021', 'MELOAK SEPAKAT', ''),
(5029, '1113021004', '1113021', 'GUMPANG PEKAN', ''),
(5030, '1113021005', '1113021', 'PINTU GAYO', ''),
(5031, '1113021006', '1113021', 'JERET ONOM', ''),
(5032, '1113021007', '1113021', 'KUTE LENGAT SEPAKAT', ''),
(5033, '1113021008', '1113021', 'PUNGKE JAYA', ''),
(5034, '1113021009', '1113021', 'SINGAH MULE', ''),
(5035, '1113021010', '1113021', 'MELOAK AIH ILANG', ''),
(5036, '1113021011', '1113021', 'UNING PUNE', ''),
(5037, '1113021012', '1113021', 'PUTRI BETUNG', ''),
(5038, '1113021013', '1113021', 'GUMPANG LEMPUH', ''),
(5039, '1113022001', '1113022', 'SANGIR', ''),
(5040, '1113022002', '1113022', 'PANGLIMA LINTING', ''),
(5041, '1113022003', '1113022', 'PANGUR', ''),
(5042, '1113022004', '1113022', 'BADAK', ''),
(5043, '1113022005', '1113022', 'BLANGTEMUNG', ''),
(5044, '1113022006', '1113022', 'KENDAWI', ''),
(5045, '1113022007', '1113022', 'PEPALAN', ''),
(5046, '1113022008', '1113022', 'UNING SEPAKAT', ''),
(5047, '1113022009', '1113022', 'UNING GELUNG', ''),
(5048, '1113022010', '1113022', 'REREBE', ''),
(5049, '1113022011', '1113022', 'RIGEB', ''),
(5050, '1113023001', '1113023', 'BENER BARU', ''),
(5051, '1113023002', '1113023', 'KUTE BUKIT', ''),
(5052, '1113023003', '1113023', 'BLANG BENGKIK', ''),
(5053, '1113023004', '1113023', 'GANTUNG GELUNI', ''),
(5054, '1113023005', '1113023', 'KONG BUR', ''),
(5055, '1113023006', '1113023', 'UME LAH', ''),
(5056, '1113023007', '1113023', 'AKANG SIWAH', ''),
(5057, '1113023008', '1113023', 'TETINGI', ''),
(5058, '1113023009', '1113023', 'CINTA MAJU', ''),
(5059, '1113023011', '1113023', 'PORANG AYU', ''),
(5060, '1113023012', '1113023', 'ANAK REJE', ''),
(5061, '1113023013', '1113023', 'RAK LINTANG', ''),
(5062, '1113030001', '1113030', 'GAJAH', ''),
(5063, '1113030002', '1113030', 'URING', ''),
(5064, '1113030003', '1113030', 'PINTU RIME', ''),
(5065, '1113030004', '1113030', 'EKAN', ''),
(5066, '1113030005', '1113030', 'PERTIK', ''),
(5067, '1113030006', '1113030', 'PINING', ''),
(5068, '1113030007', '1113030', 'PEPALAH', ''),
(5069, '1113030008', '1113030', 'PASIR PUTIH', ''),
(5070, '1113030009', '1113030', 'LESTEN', ''),
(5071, '1113040004', '1113040', 'KUNING', ''),
(5072, '1113040005', '1113040', 'PADANG PASIR', ''),
(5073, '1113040006', '1113040', 'MANGANG', ''),
(5074, '1113040007', '1113040', 'RIKIT GAIB', ''),
(5075, '1113040008', '1113040', 'AMPA KOLAK', ''),
(5076, '1113040009', '1113040', 'CANE UKEN', ''),
(5077, '1113040010', '1113040', 'TUNGEL', ''),
(5078, '1113040011', '1113040', 'PINANG RUGUP', ''),
(5079, '1113040012', '1113040', 'REMPELAM', ''),
(5080, '1113040013', '1113040', 'CANE TOA', ''),
(5081, '1113040014', '1113040', 'TUNGEL BARU', ''),
(5082, '1113040015', '1113040', 'LUKUP BARU', ''),
(5083, '1113040016', '1113040', 'PENOMON JAYA', ''),
(5084, '1113041001', '1113041', 'TETINGI', ''),
(5085, '1113041002', '1113041', 'REMUKUT', ''),
(5086, '1113041003', '1113041', 'SENEREN', ''),
(5087, '1113041004', '1113041', 'KENYARAN', ''),
(5088, '1113041005', '1113041', 'ATU KAPUR', ''),
(5089, '1113041006', '1113041', 'UNING KURNIA', ''),
(5090, '1113041007', '1113041', 'SURI MUSARA', ''),
(5091, '1113041008', '1113041', 'CANE BARU', ''),
(5092, '1113041009', '1113041', 'AIH SELAH', ''),
(5093, '1113050001', '1113050', 'BUKUT', ''),
(5094, '1113050002', '1113050', 'SOYO', ''),
(5095, '1113050003', '1113050', 'KUTA SANGE', ''),
(5096, '1113050004', '1113050', 'RUMPI', ''),
(5097, '1113050005', '1113050', 'REMPELAM JABO', ''),
(5098, '1113050006', '1113050', 'PADANG', ''),
(5099, '1113050007', '1113050', 'TERANGUN', ''),
(5100, '1113050008', '1113050', 'REMPELAM PINANG', ''),
(5101, '1113050012', '1113050', 'TERLIS', ''),
(5102, '1113050013', '1113050', 'BERHUT', ''),
(5103, '1113050015', '1113050', 'KUTE REJE', ''),
(5104, '1113050016', '1113050', 'GEWAT', ''),
(5105, '1113050017', '1113050', 'PANTAN LUES', ''),
(5106, '1113050018', '1113050', 'MAKMUR JAYA', ''),
(5107, '1113050019', '1113050', 'PERSADA TONGRA', ''),
(5108, '1113050020', '1113050', 'BLANG KUNCIR', ''),
(5109, '1113050021', '1113050', 'TELEGE JERNIH', ''),
(5110, '1113050022', '1113050', 'REJE PUDUNG', ''),
(5111, '1113050023', '1113050', 'MELELANG', ''),
(5112, '1113050024', '1113050', 'LESTARI', ''),
(5113, '1113050025', '1113050', 'BLANG KALA', ''),
(5114, '1113050026', '1113050', 'GARUT', ''),
(5115, '1113050027', '1113050', 'GAWAR BELANGI', ''),
(5116, '1113050028', '1113050', 'RIME RAYA', ''),
(5117, '1113050029', '1113050', 'BLANG KEDE', ''),
(5118, '1113051001', '1113051', 'PASIR', ''),
(5119, '1113051002', '1113051', 'REREBE', ''),
(5120, '1113051003', '1113051', 'SETUL', ''),
(5121, '1113051004', '1113051', 'PERLAK', ''),
(5122, '1113051005', '1113051', 'PANTAN KELA', ''),
(5123, '1113051006', '1113051', 'PAYA KUMER', ''),
(5124, '1113051007', '1113051', 'UYEM BERIRING', ''),
(5125, '1113051008', '1113051', 'PULO GELIME', ''),
(5126, '1113051009', '1113051', 'BUNTUL MUSARA', ''),
(5127, '1113051010', '1113051', 'KUALA JERNIH', ''),
(5128, '1114010001', '1114010', 'KALOY', ''),
(5129, '1114010002', '1114010', 'RONGOH', ''),
(5130, '1114010003', '1114010', 'ALUR TANI I', ''),
(5131, '1114010004', '1114010', 'ALUR TANI II', ''),
(5132, '1114010005', '1114010', 'BANDAR KHALIFAH', ''),
(5133, '1114010006', '1114010', 'PERK PULAU TIGA', ''),
(5134, '1114010007', '1114010', 'BANDAR SETIA', ''),
(5135, '1114010008', '1114010', 'HARUM SARI', ''),
(5136, '1114010009', '1114010', 'WONO SARI', ''),
(5137, '1114011001', '1114011', 'JAMBO RAMBONG', ''),
(5138, '1114011002', '1114011', 'BLANG KANDIS', ''),
(5139, '1114011003', '1114011', 'PERK ALUR JAMBU', ''),
(5140, '1114011004', '1114011', 'ARAS SEMBILAN', ''),
(5141, '1114011005', '1114011', 'ALUR JAMBU', ''),
(5142, '1114011006', '1114011', 'BATANG ARA', ''),
(5143, '1114011007', '1114011', 'PERUPUK', ''),
(5144, '1114011008', '1114011', 'SERBA', ''),
(5145, '1114011009', '1114011', 'SUNTING', ''),
(5146, '1114011010', '1114011', 'RANTAU BINTANG', ''),
(5147, '1114011011', '1114011', 'BABO', ''),
(5148, '1114011012', '1114011', 'PANTAI CEMPA', ''),
(5149, '1114011013', '1114011', 'PENGIDAM', ''),
(5150, '1114011014', '1114011', 'BENGKELANG', ''),
(5151, '1114011015', '1114011', 'BATU BEDULANG', ''),
(5152, '1114020005', '1114020', 'KEBUN SUNGAI LIPUT', ''),
(5153, '1114020007', '1114020', 'ALUR SELEBU', ''),
(5154, '1114020008', '1114020', 'SUKA MAKMUR', ''),
(5155, '1114020009', '1114020', 'SEUMADAM', ''),
(5156, '1114020010', '1114020', 'KARANGJADI', ''),
(5157, '1114020011', '1114020', 'KAMPUNG JAWA', ''),
(5158, '1114020012', '1114020', 'SIDODADI', ''),
(5159, '1114020013', '1114020', 'PURWODADI', ''),
(5160, '1114020014', '1114020', 'TANJUNG GENTENG', ''),
(5161, '1114020015', '1114020', 'GERENGGAM', ''),
(5162, '1114020016', '1114020', 'SIMPANG KANAN', ''),
(5163, '1114020017', '1114020', 'TANJUNG MANCANG', ''),
(5164, '1114020018', '1114020', 'PANGKALAN', ''),
(5165, '1114020019', '1114020', 'SUNGAI LIPUT', ''),
(5166, '1114020020', '1114020', 'BUKIT RATA', ''),
(5167, '1114021001', '1114021', 'SELAMAT', ''),
(5168, '1114021002', '1114021', 'TENGGULUN', ''),
(5169, '1114021003', '1114021', 'RIMBA SAWANG', ''),
(5170, '1114021004', '1114021', 'TEBING TINGGI', ''),
(5171, '1114021006', '1114021', 'SIMPANG KIRI', ''),
(5172, '1114030001', '1114030', 'INGIN JAYA', ''),
(5173, '1114030002', '1114030', 'PAYA BEDI', ''),
(5174, '1114030003', '1114030', 'LANDUH', ''),
(5175, '1114030004', '1114030', 'BENUA RAJA', ''),
(5176, '1114030005', '1114030', 'KAMPUNG DURIAN', ''),
(5177, '1114030006', '1114030', 'SUKAJADI', ''),
(5178, '1114030007', '1114030', 'SUKA RAHMAT', ''),
(5179, '1114030008', '1114030', 'SUKA MULIA', ''),
(5180, '1114030009', '1114030', 'SUKA RAKYAT', ''),
(5181, '1114030010', '1114030', 'JAMUR LABU', ''),
(5182, '1114030011', '1114030', 'JAMUR JELATANG', ''),
(5183, '1114030012', '1114030', 'KAMP PERTAMINA', ''),
(5184, '1114030013', '1114030', 'RANTAU PAUH', ''),
(5185, '1114030014', '1114030', 'ALUR CUCUR', ''),
(5186, '1114030015', '1114030', 'KEBUN RANTAU', ''),
(5187, '1114030016', '1114030', 'ALUR MANIS', ''),
(5188, '1114040001', '1114040', 'SRIWIJAYA', ''),
(5189, '1114040002', '1114040', 'KOTA KUALA SIMPANG', ''),
(5190, '1114040003', '1114040', 'PERDAMAIAN', ''),
(5191, '1114040004', '1114040', 'BUKIT TEMPURUNG', ''),
(5192, '1114040005', '1114040', 'KOTA LINTANG', ''),
(5193, '1114050001', '1114050', 'SUKARAMAI II', ''),
(5194, '1114050002', '1114050', 'SUKARAMAI I', ''),
(5195, '1114050003', '1114050', 'PERK GEDUNG BIARA', ''),
(5196, '1114050004', '1114050', 'AIR MASIN', ''),
(5197, '1114050005', '1114050', 'SIDODADI', ''),
(5198, '1114050006', '1114050', 'TUALANG', ''),
(5199, '1114050007', '1114050', 'MATANG SENTANG', ''),
(5200, '1114050008', '1114050', 'ALUR ALIM', ''),
(5201, '1114050009', '1114050', 'LUBUK DAMAR', ''),
(5202, '1114050010', '1114050', 'SEI KURUK III', ''),
(5203, '1114050011', '1114050', 'SEI KURUK II', ''),
(5204, '1114050012', '1114050', 'GEDUNG BIARA', ''),
(5205, '1114050013', '1114050', 'PERK SEURUWAY', ''),
(5206, '1114050014', '1114050', 'PADANG LANGGIS', ''),
(5207, '1114050015', '1114050', 'PANTAI BALAI', ''),
(5208, '1114050016', '1114050', 'BINJAI', ''),
(5209, '1114050017', '1114050', 'TANGSI LAMA', ''),
(5210, '1114050018', '1114050', 'PEUKAN SEURUWAY', ''),
(5211, '1114050019', '1114050', 'MUKA SUNGAI KURUK', ''),
(5212, '1114050020', '1114050', 'SUNGAI KURUK I', ''),
(5213, '1114050021', '1114050', 'PAYA UDANG', ''),
(5214, '1114050022', '1114050', 'GELUNG', ''),
(5215, '1114050023', '1114050', 'KAMPUNG BARU', ''),
(5216, '1114050024', '1114050', 'KW PUSUNG KAPAL', ''),
(5217, '1114060001', '1114060', 'UPAH', ''),
(5218, '1114060002', '1114060', 'PERKEBUNAN UPAH', ''),
(5219, '1114060003', '1114060', 'MATANG TEUPAH', ''),
(5220, '1114060004', '1114060', 'SEUNEUBOK DALAM UPAH', ''),
(5221, '1114060006', '1114060', 'SUKAMULIA BD /S.IYU', ''),
(5222, '1114060009', '1114060', 'KEBON SUNGAI IYU', ''),
(5223, '1114060010', '1114060', 'MARLEMPANG', ''),
(5224, '1114060011', '1114060', 'BALAI', ''),
(5225, '1114060012', '1114060', 'LAMBUNG BLANG', ''),
(5226, '1114060013', '1114060', 'LUBUK BATIL', ''),
(5227, '1114060014', '1114060', 'TANJUNG PARET', ''),
(5228, '1114060015', '1114060', 'SEUNEUBOK DALAM MESJID', ''),
(5229, '1114060016', '1114060', 'RANTAU PAKAM', ''),
(5230, '1114060017', '1114060', 'TUMPOK TEUNGAH', ''),
(5231, '1114060018', '1114060', 'TANJUNG', ''),
(5232, '1114060019', '1114060', 'TANJUNG MULIA', ''),
(5233, '1114060020', '1114060', 'TELUK KEMIRI', ''),
(5234, '1114060021', '1114060', 'MESJID BDH', ''),
(5235, '1114060022', '1114060', 'TELUK KEPAYANG', ''),
(5236, '1114060023', '1114060', 'TELUK HALBAN', ''),
(5237, '1114060024', '1114060', 'RAJA', ''),
(5238, '1114060025', '1114060', 'CINTA RAJA', ''),
(5239, '1114060026', '1114060', 'TANJUNG BINJAI', ''),
(5240, '1114060027', '1114060', 'KUALA PEUNAGA', ''),
(5241, '1114060028', '1114060', 'KUALA GEUNTING', ''),
(5242, '1114060029', '1114060', 'BANDAR BARU', ''),
(5243, '1114060030', '1114060', 'MESJID S.IYU', ''),
(5244, '1114060031', '1114060', 'ALUR CANTIK', ''),
(5245, '1114060032', '1114060', 'TANJUNG LIPAT I', ''),
(5246, '1114060034', '1114060', 'BANDAR KHALIFAH', ''),
(5247, '1114060035', '1114060', 'SEUNEUBOK ACEH', ''),
(5248, '1114060036', '1114060', 'TANJUNG LIPAT II', ''),
(5249, '1114060037', '1114060', 'TENGKU TINGGI', ''),
(5250, '1114061001', '1114061', 'SUKAJADI', ''),
(5251, '1114061002', '1114061', 'SUKA DAMAI', ''),
(5252, '1114061003', '1114061', 'PAYA RAHAT', ''),
(5253, '1114061004', '1114061', 'SUKA MULIA/UPAH HULU', ''),
(5254, '1114061005', '1114061', 'MATANG SEUPING', ''),
(5255, '1114061006', '1114061', 'GAMPONG BESAR', ''),
(5256, '1114061007', '1114061', 'TELAGA MEUKU II', ''),
(5257, '1114061008', '1114061', 'TELAGA MEUKU I', ''),
(5258, '1114061009', '1114061', 'TANJUNG KERAMAT', ''),
(5259, '1114061010', '1114061', 'ALUR NUNANG', ''),
(5260, '1114070013', '1114070', 'TANJUNG KARANG', ''),
(5261, '1114070015', '1114070', 'MENANG GINI', ''),
(5262, '1114070016', '1114070', 'KESEHATAN', ''),
(5263, '1114070017', '1114070', 'GAMPONG SUKAJADI', ''),
(5264, '1114070018', '1114070', 'DALAM', ''),
(5265, '1114070019', '1114070', 'GAMPONG BUNDAR', ''),
(5266, '1114070021', '1114070', 'KEBUN TANAH TERBAN', ''),
(5267, '1114070022', '1114070', 'TANAH TERBAN', ''),
(5268, '1114070023', '1114070', 'GAMPONG AIR TENANG', ''),
(5269, '1114070024', '1114070', 'GAMPONG JOHAR', ''),
(5270, '1114070025', '1114070', 'GAMPONG TUPAH', ''),
(5271, '1114070026', '1114070', 'BANAI', ''),
(5272, '1114070027', '1114070', 'RANTAU PANJANG', ''),
(5273, '1114070028', '1114070', 'PAHLAWAN', ''),
(5274, '1114070029', '1114070', 'MEDANG ARA', ''),
(5275, '1114070030', '1114070', 'KEBUN MEDANG ARA', ''),
(5276, '1114070031', '1114070', 'KEBUN SELELEH', ''),
(5277, '1114070032', '1114070', 'ALUR SELALAS', ''),
(5278, '1114070033', '1114070', 'ALUR BAUNG', ''),
(5279, '1114070034', '1114070', 'PAYAMETA', ''),
(5280, '1114070035', '1114070', 'ALUR BEMBAN', ''),
(5281, '1114070036', '1114070', 'TANJUNG SEUMANTOH', ''),
(5282, '1114070037', '1114070', 'KEBUN TANJUNG SEUMANTOH', ''),
(5283, '1114070038', '1114070', 'PAYA TAMPAH', ''),
(5284, '1114070039', '1114070', 'ALUR LHOK', ''),
(5285, '1114070040', '1114070', 'BUKET PANJANG', ''),
(5286, '1114070041', '1114070', 'SUKAJADI PAYA BUJUK', ''),
(5287, '1114070042', '1114070', 'SIMPANG EMPAT', ''),
(5288, '1114070043', '1114070', 'PAYA AWE', ''),
(5289, '1114070044', '1114070', 'PAYA KULBI', ''),
(5290, '1114070045', '1114070', 'BUKET KERANJI', ''),
(5291, '1114071001', '1114071', 'BALING KARANG', ''),
(5292, '1114071002', '1114071', 'SUKA MAKMUR', ''),
(5293, '1114071003', '1114071', 'SULUM', ''),
(5294, '1114071004', '1114071', 'JUAR', ''),
(5295, '1114071005', '1114071', 'PEMATANG DURIAN', ''),
(5296, '1114071006', '1114071', 'SEKUMUR', ''),
(5297, '1114071007', '1114071', 'TANJUNG GELUMPANG', ''),
(5298, '1114071008', '1114071', 'LUBUK SIDUP', ''),
(5299, '1114071009', '1114071', 'SEKERAK KANAN', ''),
(5300, '1114071010', '1114071', 'BANDAR MAHLIGAI', ''),
(5301, '1114071011', '1114071', 'SEKERAK KIRI', ''),
(5302, '1114071012', '1114071', 'PANTAI PERLAK', ''),
(5303, '1114071013', '1114071', 'PANTAI TINJAU', ''),
(5304, '1114071014', '1114071', 'KEBUN BATANG ARA', ''),
(5305, '1114080001', '1114080', 'KRUENG SIKAJANG', ''),
(5306, '1114080002', '1114080', 'SEUNEUBOK PUNTI', ''),
(5307, '1114080003', '1114080', 'PAYA KETENGGAR', ''),
(5308, '1114080004', '1114080', 'BUKET PANJANG II', ''),
(5309, '1114080005', '1114080', 'BUKET PAYA', ''),
(5310, '1114080006', '1114080', 'BUKIT PANJANG I', ''),
(5311, '1114080007', '1114080', 'SEUNEUBOK BARU', ''),
(5312, '1114080008', '1114080', 'BENTENG ANYER', ''),
(5313, '1114080009', '1114080', 'MATANG ARA JAWA', ''),
(5314, '1114080010', '1114080', 'MATANG ARA ACEH', ''),
(5315, '1114080011', '1114080', 'LHOK MEDANG ARA', ''),
(5316, '1114080012', '1114080', 'IE BINTAH', ''),
(5317, '1114080013', '1114080', 'TUALANG BARU', ''),
(5318, '1114080014', '1114080', 'PAHLAWAN', ''),
(5319, '1114080015', '1114080', 'GASEH SAYANG', ''),
(5320, '1114080016', '1114080', 'SAMPAIMAH', ''),
(5321, '1114080017', '1114080', 'GELANGGANG MERAK', ''),
(5322, '1114080018', '1114080', 'MATANG CINCIN', ''),
(5323, '1114080019', '1114080', 'ALUE IE PUTEH', ''),
(5324, '1114080020', '1114080', 'LUENG MANYO', ''),
(5325, '1114080021', '1114080', 'RAJA TUHA', ''),
(5326, '1114080022', '1114080', 'SEUNEUBOK PIDIE', ''),
(5327, '1114080023', '1114080', 'GEUDHAM', ''),
(5328, '1114080024', '1114080', 'ALUE SENTANG', ''),
(5329, '1114080025', '1114080', 'UJONG TANJONG', ''),
(5330, '1114080026', '1114080', 'TANJUNG NERACA', ''),
(5331, '1114080027', '1114080', 'DAGANG SETIA', ''),
(5332, '1114080028', '1114080', 'SIMPANG LHEE', ''),
(5333, '1114080029', '1114080', 'SEUNEUBOK CANTEK', ''),
(5334, '1114080030', '1114080', 'MESJID', ''),
(5335, '1114080031', '1114080', 'MEUNASAH PAYA', ''),
(5336, '1114080032', '1114080', 'MEURANDEH', ''),
(5337, '1114080033', '1114080', 'BANDUNG JAYA', ''),
(5338, '1114080034', '1114080', 'PANDAN SARI', ''),
(5339, '1114080035', '1114080', 'PAYA BARU', ''),
(5340, '1114080036', '1114080', 'SAPTA MARGA', ''),
(5341, '1115010003', '1115010', 'KUALA SEMANYAM', ''),
(5342, '1115010005', '1115010', 'BLANG LUAH', ''),
(5343, '1115010007', '1115010', 'PULO KRUET', ''),
(5344, '1115010009', '1115010', 'ALUE BATEUNG BROOK', ''),
(5345, '1115010010', '1115010', 'LADANG BARO', ''),
(5346, '1115010011', '1115010', 'ALUE KUYUN', ''),
(5347, '1115010013', '1115010', 'ALUE RAYA', ''),
(5348, '1115010014', '1115010', 'SUKARAMAI', ''),
(5349, '1115010015', '1115010', 'UJONG TANJONG', ''),
(5350, '1115010016', '1115010', 'ALUE JAMPAK', ''),
(5351, '1115010017', '1115010', 'SERBA JADI', ''),
(5352, '1115010018', '1115010', 'SERBA GUNA', ''),
(5353, '1115010022', '1115010', 'KAYEE UNOU', ''),
(5354, '1115010023', '1115010', 'GEULANGGANG GAJAH', ''),
(5355, '1115010024', '1115010', 'SIDOJADI', ''),
(5356, '1115010025', '1115010', 'SUKAMULIA', ''),
(5357, '1115010026', '1115010', 'SIMPANG DUA', ''),
(5358, '1115010027', '1115010', 'PANTON BAYU', ''),
(5359, '1115010028', '1115010', 'SIMPANG DELI KILANG', ''),
(5360, '1115010029', '1115010', 'SIMPANG DELI KAMPONG', ''),
(5361, '1115010030', '1115010', 'PULO IE', ''),
(5362, '1115010031', '1115010', 'PULO TENGAH', ''),
(5363, '1115010032', '1115010', 'KARANG ANYAR', ''),
(5364, '1115010033', '1115010', 'SUKAJADI', ''),
(5365, '1115010034', '1115010', 'ALUE BILIE', ''),
(5366, '1115010035', '1115010', 'BLANG BARO', ''),
(5367, '1115010036', '1115010', 'KUTA TRIENG', ''),
(5368, '1115010037', '1115010', 'LAMIE', ''),
(5369, '1115010040', '1115010', 'UJONG LAMIE', ''),
(5370, '1115010041', '1115010', 'TUWI BUYA', ''),
(5371, '1115010042', '1115010', 'SUKARAJA', ''),
(5372, '1115010043', '1115010', 'GUNUNG CUT', ''),
(5373, '1115010044', '1115010', 'SUAK PALEMBANG', ''),
(5374, '1115010045', '1115010', 'ALUE GEUTAH', ''),
(5375, '1115010046', '1115010', 'ALUE WAKIE', ''),
(5376, '1115010047', '1115010', 'KRUENG ALEM', ''),
(5377, '1115010048', '1115010', 'ALUE RAMBOT', ''),
(5378, '1115010049', '1115010', 'KRUENG SEUMAYAM', ''),
(5379, '1115010050', '1115010', 'MAKARTI JAYA', ''),
(5380, '1115010051', '1115010', 'SUMBER MAKMUR', ''),
(5381, '1115011001', '1115011', 'KUALA TERIPA', ''),
(5382, '1115011002', '1115011', 'DRIEN TUJOH', ''),
(5383, '1115011003', '1115011', 'LUENG KEUBEU JAGAT', ''),
(5384, '1115011004', '1115011', 'KABU', ''),
(5385, '1115011005', '1115011', 'BABAH LUENG', ''),
(5386, '1115011006', '1115011', 'PASI KEUBEU DOM', ''),
(5387, '1115011007', '1115011', 'NEUBOK YEE PK', ''),
(5388, '1115011008', '1115011', 'NEUBOK YEE PP', ''),
(5389, '1115011009', '1115011', 'MON DUA', ''),
(5390, '1115011010', '1115011', 'PANTON PANGE', ''),
(5391, '1115011011', '1115011', 'UJONG KRUENG', ''),
(5392, '1115020017', '1115020', 'UJONG FATIHAH', ''),
(5393, '1115020018', '1115020', 'BLANG TEUNGOH', ''),
(5394, '1115020019', '1115020', 'COT KUMBANG', ''),
(5395, '1115020020', '1115020', 'BLANG BINTANG', ''),
(5396, '1115020021', '1115020', 'UJONG PADANG', ''),
(5397, '1115020022', '1115020', 'JOKJA', ''),
(5398, '1115020023', '1115020', 'LAWA BATU', ''),
(5399, '1115020026', '1115020', 'PURWOREJO', ''),
(5400, '1115020038', '1115020', 'PULO IE', ''),
(5401, '1115020039', '1115020', 'UJONG SIKUNENG', ''),
(5402, '1115020040', '1115020', 'BLANG BARO', ''),
(5403, '1115020041', '1115020', 'BLANG MUKO', ''),
(5404, '1115020042', '1115020', 'SIMPANG PEUT', ''),
(5405, '1115020043', '1115020', 'KUTA MAKMUR', ''),
(5406, '1115020044', '1115020', 'GUNONG REUBO', ''),
(5407, '1115020045', '1115020', 'UJONG PASI', ''),
(5408, '1115020046', '1115020', 'ALUE IE MAMEH', ''),
(5409, '1115021001', '1115021', 'SUAK PUNTONG', ''),
(5410, '1115021002', '1115021', 'GAMPONG LHOK', ''),
(5411, '1115021003', '1115021', 'KUALA BARO', ''),
(5412, '1115021004', '1115021', 'PADANG RUBEK', ''),
(5413, '1115021005', '1115021', 'PULO', ''),
(5414, '1115021006', '1115021', 'LANGKAK', ''),
(5415, '1115021007', '1115021', 'KUALA TUHA', ''),
(5416, '1115021008', '1115021', 'KUBANG GAJAH', ''),
(5417, '1115021009', '1115021', 'KUALA TRANG', ''),
(5418, '1115021010', '1115021', 'COT RAMBONG', ''),
(5419, '1115021011', '1115021', 'PADANG PANYANG', ''),
(5420, '1115021012', '1115021', 'ARONGAN', ''),
(5421, '1115021013', '1115021', 'JATIREJO', ''),
(5422, '1115021014', '1115021', 'PURWODADI', ''),
(5423, '1115021015', '1115021', 'LUENG T BEN', ''),
(5424, '1115021016', '1115021', 'PURWOSARI', ''),
(5425, '1115022001', '1115022', 'ALUE BATA', ''),
(5426, '1115022002', '1115022', 'GUNONG SAPEK', ''),
(5427, '1115022003', '1115022', 'SARAH MANTOK', ''),
(5428, '1115022004', '1115022', 'PASI LUAH', ''),
(5429, '1115022005', '1115022', 'GUNONG GEULUGO', ''),
(5430, '1115022006', '1115022', 'GUNONG KUPOK', ''),
(5431, '1115022007', '1115022', 'GUNONG PUNGKIE', ''),
(5432, '1115022008', '1115022', 'ALUE SIRON', ''),
(5433, '1115022009', '1115022', 'COT MU', ''),
(5434, '1115022010', '1115022', 'BABAH ROT', ''),
(5435, '1115022011', '1115022', 'BABAH DUA', ''),
(5436, '1115022012', '1115022', 'BATU RAJA', ''),
(5437, '1115022013', '1115022', 'SIMPANG JAYA', ''),
(5438, '1115022014', '1115022', 'SUMBER DAYA', ''),
(5439, '1115022015', '1115022', 'RANTAU SELAMAT', ''),
(5440, '1115022016', '1115022', 'ALUE SEPENG', ''),
(5441, '1115022017', '1115022', 'KRUENG ITAM', ''),
(5442, '1115022018', '1115022', 'ALUE GAJAH', ''),
(5443, '1115022019', '1115022', 'ALUE LABU', ''),
(5444, '1115022020', '1115022', 'GAPA GARU', ''),
(5445, '1115022021', '1115022', 'KUALA TADU', ''),
(5446, '1115022022', '1115022', 'COT ME', ''),
(5447, '1115030001', '1115030', 'KUTA JEUMPA', ''),
(5448, '1115030002', '1115030', 'BLANG DALAM', ''),
(5449, '1115030003', '1115030', 'LHOK SEUMOT', ''),
(5450, '1115030004', '1115030', 'BUMI SARI', ''),
(5451, '1115030005', '1115030', 'BLANG BARO RAMBONG', ''),
(5452, '1115030006', '1115030', 'MEUNASAH KRUENG', ''),
(5453, '1115030007', '1115030', 'KEUDE SEUMOT', ''),
(5454, '1115030008', '1115030', 'BLANG SEUMOT', ''),
(5455, '1115030009', '1115030', 'BABAH KRUENG', ''),
(5456, '1115030010', '1115030', 'MEUNASAH PANTE', ''),
(5457, '1115030011', '1115030', 'BLANG BARO PR', ''),
(5458, '1115030012', '1115030', 'GUNUNG NAGAN', ''),
(5459, '1115030013', '1115030', 'BLANG MESJID', ''),
(5460, '1115030014', '1115030', 'KULAM JEURNEH', ''),
(5461, '1115030015', '1115030', 'MEUNASAH TEUNGOH', ''),
(5462, '1115030016', '1115030', 'MEUNASAH DAYAH', ''),
(5463, '1115030017', '1115030', 'UJONG BLANG', ''),
(5464, '1115030018', '1115030', 'KRUENG CUT', ''),
(5465, '1115030019', '1115030', 'BLANG NEUANG', ''),
(5466, '1115030020', '1115030', 'BLANG SEUNONG', ''),
(5467, '1115030021', '1115030', 'TUWI BUNTA', ''),
(5468, '1115030022', '1115030', 'BLANG LEUMAK', ''),
(5469, '1115030023', '1115030', 'PANTON BAYAM', ''),
(5470, '1115030028', '1115030', 'PANTE ARA', ''),
(5471, '1115031001', '1115031', 'BLANG MEURANDEH', ''),
(5472, '1115031002', '1115031', 'BLANG PUUK', ''),
(5473, '1115031003', '1115031', 'KUTA TEUNGOH', ''),
(5474, '1115031004', '1115031', 'BABAH SUAK', ''),
(5475, '1115040014', '1115040', 'BLANG MURONG', ''),
(5476, '1115040015', '1115040', 'LHOK PADANG', ''),
(5477, '1115040016', '1115040', 'PAYA UNDAN', ''),
(5478, '1115040021', '1115040', 'BLANG PUUK KULU', ''),
(5479, '1115040022', '1115040', 'KULU', ''),
(5480, '1115040023', '1115040', 'KUTA ACEH', ''),
(5481, '1115040024', '1115040', 'KRUENG CEUKOU', ''),
(5482, '1115040025', '1115040', 'PAYA UDEUNG', ''),
(5483, '1115040026', '1115040', 'KUTA PAYA', ''),
(5484, '1115040027', '1115040', 'RAMBONG CUT', ''),
(5485, '1115040028', '1115040', 'RAMBONG RAYEUK', ''),
(5486, '1115040031', '1115040', 'BANTAN', ''),
(5487, '1115040032', '1115040', 'BLANG PUUK NIGAN', ''),
(5488, '1115040033', '1115040', 'KRUENG CEH', ''),
(5489, '1115040034', '1115040', 'NIGAN', ''),
(5490, '1115040035', '1115040', 'GAMPONG COT', ''),
(5491, '1115040036', '1115040', 'COT LHE LHE', ''),
(5492, '1115040037', '1115040', 'KUTA BARO JEURAM', ''),
(5493, '1115040038', '1115040', 'JEURAM', ''),
(5494, '1115040039', '1115040', 'LATONG', ''),
(5495, '1115040040', '1115040', 'ALUE BULOH', ''),
(5496, '1115040041', '1115040', 'KRUENG MANGKOM', ''),
(5497, '1115040042', '1115040', 'PANTE CERMIN', ''),
(5498, '1115040043', '1115040', 'PADANG', ''),
(5499, '1115040044', '1115040', 'LHOK PAROM', ''),
(5500, '1115040045', '1115040', 'BLANG PATEUK', ''),
(5501, '1115040046', '1115040', 'COT KUMBANG', ''),
(5502, '1115040047', '1115040', 'KUTA KUMBANG', ''),
(5503, '1115040048', '1115040', 'SAPEK', ''),
(5504, '1115040049', '1115040', 'KUTA SAYEH', ''),
(5505, '1115040050', '1115040', 'PAROM', ''),
(5506, '1115040051', '1115040', 'BLANG BARO', ''),
(5507, '1115040052', '1115040', 'PEUREULAK', ''),
(5508, '1115040059', '1115040', 'ALUE THO', ''),
(5509, '1115040060', '1115040', 'ALUE DODOK', ''),
(5510, '1115041001', '1115041', 'LUENG BARO', ''),
(5511, '1115041002', '1115041', 'ALUE KAMBUEK', ''),
(5512, '1115041003', '1115041', 'KUTA PADANG', ''),
(5513, '1115041004', '1115041', 'SUAK BILI', ''),
(5514, '1115041005', '1115041', 'MACAH', ''),
(5515, '1115041006', '1115041', 'SEUMAMBEK', ''),
(5516, '1115041007', '1115041', 'COT KUTA', ''),
(5517, '1115041008', '1115041', 'KABU BLANG SAPEK', ''),
(5518, '1115041009', '1115041', 'COT PERADI', ''),
(5519, '1115041010', '1115041', 'BLANG SAPEK', ''),
(5520, '1115041011', '1115041', 'LHOK BEUTONG', ''),
(5521, '1115041012', '1115041', 'KAMPONG TEUNGOH', ''),
(5522, '1115041013', '1115041', 'LHOK RAMEUN', ''),
(5523, '1115041014', '1115041', 'BLANG MULIENG', ''),
(5524, '1115041015', '1115041', 'KRAK TAMPAI', ''),
(5525, '1115041016', '1115041', 'MEUREUBO', ''),
(5526, '1115041017', '1115041', 'KUTA BARO BM', ''),
(5527, '1115041018', '1115041', 'ALUE PEUSAJA', ''),
(5528, '1115041019', '1115041', 'ALUE GAJAH', ''),
(5529, '1115050001', '1115050', 'BLANG LANGO', ''),
(5530, '1115050002', '1115050', 'TUWI MEULEUSONG', ''),
(5531, '1115050003', '1115050', 'BLANG GEUDONG', ''),
(5532, '1115050004', '1115050', 'SAWANG MANE', ''),
(5533, '1115050005', '1115050', 'LHOK PANGE', ''),
(5534, '1115050006', '1115050', 'KEUDE NEULOP', ''),
(5535, '1115050007', '1115050', 'MON BATEUNG', ''),
(5536, '1115050008', '1115050', 'IE BEUDOH', ''),
(5537, '1115050009', '1115050', 'SUAK PERBONG', ''),
(5538, '1115050010', '1115050', 'BLANG ARA KMP.', ''),
(5539, '1115050011', '1115050', 'KRUENG KULU', ''),
(5540, '1115050012', '1115050', 'COT PUNTI', ''),
(5541, '1115050013', '1115050', 'KEUDE BLANG ARA', ''),
(5542, '1115050014', '1115050', 'PEULEUKUNG', ''),
(5543, '1115050015', '1115050', 'SAPENG', ''),
(5544, '1115050016', '1115050', 'MEUGAT MEUH', ''),
(5545, '1115050017', '1115050', 'BLANG PANYANG', ''),
(5546, '1115050018', '1115050', 'UTEUN PULO', ''),
(5547, '1115050019', '1115050', 'KEUDE LINTEUNG', ''),
(5548, '1115050020', '1115050', 'PAYA', ''),
(5549, '1115050021', '1115050', 'COT TEUKU DEK', ''),
(5550, '1115050022', '1115050', 'LHOK MESJID', ''),
(5551, '1115050023', '1115050', 'BLANG PREH', ''),
(5552, '1115050024', '1115050', 'BLANG BAYU', ''),
(5553, '1115050025', '1115050', 'MEURANDEH SUAK', ''),
(5554, '1115050026', '1115050', 'COT DIRUI', ''),
(5555, '1115050027', '1115050', 'COT MANYANG', ''),
(5556, '1115050028', '1115050', 'KABU BAROH', ''),
(5557, '1115050029', '1115050', 'KABU TUNONG', ''),
(5558, '1115050030', '1115050', 'COT GUD', ''),
(5559, '1115050031', '1115050', 'PULO TEUNGOH', ''),
(5560, '1115050032', '1115050', 'KILA', ''),
(5561, '1115050033', '1115050', 'KANDEH', ''),
(5562, '1115050034', '1115050', 'BLANG TENGKU', ''),
(5563, '1116010001', '1116010', 'LUENG GAYO', ''),
(5564, '1116010002', '1116010', 'COT TRAP', ''),
(5565, '1116010003', '1116010', 'PASI GEULIMA', ''),
(5566, '1116010004', '1116010', 'TEUPIN ARA', ''),
(5567, '1116010005', '1116010', 'PAYA BARO', ''),
(5568, '1116010006', '1116010', 'PASI TULAK BALA', ''),
(5569, '1116010007', '1116010', 'PANTON', ''),
(5570, '1116010008', '1116010', 'GAMPONG BARO', ''),
(5571, '1116010009', '1116010', 'PASI PAWANG', ''),
(5572, '1116010010', '1116010', 'RAMBONG PAYONG', ''),
(5573, '1116010011', '1116010', 'PADANG KLENG', ''),
(5574, '1116010012', '1116010', 'KEUDE TEUNOM', ''),
(5575, '1116010013', '1116010', 'ALUE AMBANG', ''),
(5576, '1116010014', '1116010', 'BATEE-ROO', ''),
(5577, '1116010015', '1116010', 'TANOH MANYANG', ''),
(5578, '1116010016', '1116010', 'TANOH ANOU', ''),
(5579, '1116010017', '1116010', 'BLANG BARO', ''),
(5580, '1116010019', '1116010', 'PASI TIMON', ''),
(5581, '1116010025', '1116010', 'SEUMIRA', ''),
(5582, '1116010026', '1116010', 'SEUNEUBOK PADANG', ''),
(5583, '1116010046', '1116010', 'KUBU', ''),
(5584, '1116010051', '1116010', 'ALUE MEURAKSA', ''),
(5585, '1116011001', '1116011', 'PULO TINGGI', ''),
(5586, '1116011002', '1116011', 'ALUE KRUENG', ''),
(5587, '1116011003', '1116011', 'PASI TEUBEE', ''),
(5588, '1116011004', '1116011', 'TIM PLEUNG', ''),
(5589, '1116011005', '1116011', 'KRUENG BEUKAH', ''),
(5590, '1116011006', '1116011', 'TUWI KAREUNG I', ''),
(5591, '1116011007', '1116011', 'LHOK GUCI', ''),
(5592, '1116011008', '1116011', 'BINTAH', ''),
(5593, '1116011009', '1116011', 'TUWI PERYA', ''),
(5594, '1116011010', '1116011', 'ALUE PUNTI', ''),
(5595, '1116011011', '1116011', 'CEURACEU', ''),
(5596, '1116011012', '1116011', 'ALUE JANG', ''),
(5597, '1116011013', '1116011', 'SARAH RAYA', ''),
(5598, '1116011014', '1116011', 'BUKET KEMUNENG', ''),
(5599, '1116020001', '1116020', 'KEUDE PANGA', ''),
(5600, '1116020002', '1116020', 'TUWI KAREUNG PANGA', ''),
(5601, '1116020003', '1116020', 'KUTA TUHA', ''),
(5602, '1116020004', '1116020', 'LADANG BARO', ''),
(5603, '1116020005', '1116020', 'BABAH CEUPAN', ''),
(5604, '1116020006', '1116020', 'GAMPONG HARAPAN', ''),
(5605, '1116020007', '1116020', 'TUWI KAYEE', ''),
(5606, '1116020008', '1116020', 'PANTON KABU', ''),
(5607, '1116020009', '1116020', 'ALUE TEUNGOH', ''),
(5608, '1116020010', '1116020', 'PANTON KRUENG', ''),
(5609, '1116020011', '1116020', 'ALUE PANDE', ''),
(5610, '1116020012', '1116020', 'BATEE MEUTUDONG', ''),
(5611, '1116020013', '1116020', 'GLEPUTOH', ''),
(5612, '1116020014', '1116020', 'ALUE RAYA', ''),
(5613, '1116020015', '1116020', 'ALUE ABET', ''),
(5614, '1116020016', '1116020', 'GUNONG MANTOK', ''),
(5615, '1116020017', '1116020', 'TUWI EMPEUK', ''),
(5616, '1116020018', '1116020', 'GUNONG MEULINTEUNG', ''),
(5617, '1116020019', '1116020', 'GUNONG BULOH', ''),
(5618, '1116020020', '1116020', 'ALUE PIET', ''),
(5619, '1116030001', '1116030', 'BAHAGIA', ''),
(5620, '1116030002', '1116030', 'SENTOSA', ''),
(5621, '1116030003', '1116030', 'DAYAH BARO', ''),
(5622, '1116030004', '1116030', 'KAMPUNG BLANG', ''),
(5623, '1116030005', '1116030', 'PANTON MAKMUR', ''),
(5624, '1116030006', '1116030', 'KEUTAPANG', ''),
(5625, '1116030007', '1116030', 'PADANG DATAR', ''),
(5626, '1116030008', '1116030', 'MON MATA', ''),
(5627, '1116030009', '1116030', 'KEUDE KRUENG SABEE', ''),
(5628, '1116030010', '1116030', 'KABONG', ''),
(5629, '1116030011', '1116030', 'DATAR LUAS', ''),
(5630, '1116030012', '1116030', 'PAYA SEUMANTOK', ''),
(5631, '1116030013', '1116030', 'RANTO PANYANG', ''),
(5632, '1116030014', '1116030', 'CUREK', ''),
(5633, '1116030015', '1116030', 'ALUE THO', ''),
(5634, '1116030016', '1116030', 'BUNTHA', ''),
(5635, '1116030017', '1116030', 'PANGGONG', ''),
(5636, '1116040001', '1116040', 'SAWANG', ''),
(5637, '1116040002', '1116040', 'LHOK GEULUMPANG', ''),
(5638, '1116040003', '1116040', 'LHOK TIMON', ''),
(5639, '1116040004', '1116040', 'GAMPONG BARO', ''),
(5640, '1116040005', '1116040', 'LHOK BUYA', ''),
(5641, '1116040006', '1116040', 'LHOK BOT', ''),
(5642, '1116040007', '1116040', 'PADANG', ''),
(5643, '1116040008', '1116040', 'GUNONG MEUNASAH', ''),
(5644, '1116040009', '1116040', 'PAYA LAUT', ''),
(5645, '1116040010', '1116040', 'SAPEK', ''),
(5646, '1116040011', '1116040', 'GAMPONG BAROH', ''),
(5647, '1116040012', '1116040', 'GLE SUBAK', ''),
(5648, '1116040013', '1116040', 'PANTE KUYUN', ''),
(5649, '1116050004', '1116050', 'KUALA BAKONG', ''),
(5650, '1116050009', '1116050', 'COT LANGSAT', ''),
(5651, '1116050010', '1116050', 'MATAIE', ''),
(5652, '1116050011', '1116050', 'JEUMPHEUK', ''),
(5653, '1116050012', '1116050', 'BABAH NIPAH', ''),
(5654, '1116050013', '1116050', 'KUALA LIGAN', ''),
(5655, '1116050014', '1116050', 'SEUMANTOK', ''),
(5656, '1116050027', '1116050', 'BLANG LUAH', ''),
(5657, '1116050028', '1116050', 'COT PUNTI (EX UPT V PATEK)', ''),
(5658, '1116050029', '1116050', 'LIGAN', ''),
(5659, '1116050030', '1116050', 'LHOK KRUET', ''),
(5660, '1116050031', '1116050', 'PULO RAYA', ''),
(5661, '1116050032', '1116050', 'KRUENG NO', ''),
(5662, '1116050033', '1116050', 'CRAK MONG', ''),
(5663, '1116050034', '1116050', 'MEUNASAH KULAM', ''),
(5664, '1116050035', '1116050', 'BLANG MONLUNG', ''),
(5665, '1116050036', '1116050', 'ALUE GRO', ''),
(5666, '1116050037', '1116050', 'IE JEUREUNGEH', ''),
(5667, '1116050038', '1116050', 'RANTO SABON', ''),
(5668, '1116051001', '1116051', 'PATEK', ''),
(5669, '1116051002', '1116051', 'BLANG DALAM', ''),
(5670, '1116051003', '1116051', 'GAMPONG BARO P', ''),
(5671, '1116051004', '1116051', 'PAJAR', ''),
(5672, '1116051005', '1116051', 'REUNTANG', ''),
(5673, '1116051006', '1116051', 'COT PANGE', ''),
(5674, '1116051007', '1116051', 'ARONGAN', ''),
(5675, '1116051008', '1116051', 'KRUENG THO', ''),
(5676, '1116051009', '1116051', 'PANTON KRUENG', ''),
(5677, '1116051010', '1116051', 'PAYA SANTEUT', ''),
(5678, '1116051011', '1116051', 'LAM TEUNGOH', ''),
(5679, '1116051012', '1116051', 'UJONG RIMBA', ''),
(5680, '1116051013', '1116051', 'GUNUNG CUT', ''),
(5681, '1116051014', '1116051', 'SAYEUNG', ''),
(5682, '1116051015', '1116051', 'BABAH DUA', ''),
(5683, '1116051016', '1116051', 'GAMPONG BARO L', ''),
(5684, '1116051017', '1116051', 'ALUE GAJAH', ''),
(5685, '1116051018', '1116051', 'MASEN', ''),
(5686, '1116051019', '1116051', 'TEUPIN ASAN', ''),
(5687, '1116060011', '1116060', 'MEUTARA', ''),
(5688, '1116060015', '1116060', 'LHUET', ''),
(5689, '1116060016', '1116060', 'LAMME', ''),
(5690, '1116060017', '1116060', 'SEUREUBA', ''),
(5691, '1116060018', '1116060', 'LEUPE', ''),
(5692, '1116060020', '1116060', 'NUSA', ''),
(5693, '1116060021', '1116060', 'RUMPET', ''),
(5694, '1116060022', '1116060', 'DARAT', ''),
(5695, '1116060023', '1116060', 'GLE JONG', ''),
(5696, '1116060024', '1116060', 'GAMPONG BARO', ''),
(5697, '1116060025', '1116060', 'MEUNASAH WEH', ''),
(5698, '1116060026', '1116060', 'COT DULANG', ''),
(5699, '1116060027', '1116060', 'PUTUE', ''),
(5700, '1116060028', '1116060', 'LAM DURIAN', ''),
(5701, '1116060029', '1116060', 'BABAH KRUENG', ''),
(5702, '1116060030', '1116060', 'BAK PAOH', ''),
(5703, '1116060031', '1116060', 'PASAR LAMNO', ''),
(5704, '1116060032', '1116060', 'PANTE KEUTAPANG', ''),
(5705, '1116060033', '1116060', 'PANTON MAKMUR', ''),
(5706, '1116060034', '1116060', 'KRUENG TUNONG', ''),
(5707, '1116060035', '1116060', 'LAMTUI', ''),
(5708, '1116060036', '1116060', 'JAMBO MASI', ''),
(5709, '1116060037', '1116060', 'LAMBAROH', ''),
(5710, '1116060038', '1116060', 'GLE PUTOH', ''),
(5711, '1116060039', '1116060', 'ALUE RAYEUK', ''),
(5712, '1116060040', '1116060', 'MAREU', ''),
(5713, '1116060041', '1116060', 'SABET', ''),
(5714, '1116060042', '1116060', 'PANTE CERMIN', ''),
(5715, '1116060043', '1116060', 'SANGO', ''),
(5716, '1116060044', '1116060', 'LAMASAN', ''),
(5717, '1116060045', '1116060', 'UJONG SUDEUN', ''),
(5718, '1116060046', '1116060', 'BABAH IE', ''),
(5719, '1116060047', '1116060', 'MEUDHEUN', ''),
(5720, '1116060048', '1116060', 'SAPEK', ''),
(5721, '1116061001', '1116061', 'CEUNAMPRONG', ''),
(5722, '1116061002', '1116061', 'KEUDE UNGA', ''),
(5723, '1116061003', '1116061', 'KARENG ATEUH', ''),
(5724, '1116061004', '1116061', 'MEUDANG GHON', ''),
(5725, '1116061005', '1116061', 'UJONG MULOH', ''),
(5726, '1116061006', '1116061', 'KUALA', ''),
(5727, '1116061007', '1116061', 'TEUMAREUM', ''),
(5728, '1116061008', '1116061', 'JANGEUT', ''),
(5729, '1116061009', '1116061', 'ALUE MIE', ''),
(5730, '1116061010', '1116061', 'BABAH DUA', ''),
(5731, '1116061011', '1116061', 'MEUNASAH TUTONG', ''),
(5732, '1116061012', '1116061', 'MEUNASAH TEUNGOH', ''),
(5733, '1116061013', '1116061', 'MEUNASAH RAYEUK', ''),
(5734, '1116061014', '1116061', 'MUKHAN', ''),
(5735, '1117010003', '1117010', 'BANDAR LAMPAHAN', ''),
(5736, '1117010004', '1117010', 'KARANG JADI', ''),
(5737, '1117010005', '1117010', 'LAMPAHAN', ''),
(5738, '1117010006', '1117010', 'SUKA DAMAI', ''),
(5739, '1117010007', '1117010', 'BLANG RONGKA', ''),
(5740, '1117010008', '1117010', 'TUNYANG', ''),
(5741, '1117010012', '1117010', 'SETIE', ''),
(5742, '1117010014', '1117010', 'SIMPANG LAYANG', ''),
(5743, '1117010015', '1117010', 'GEGUR SEPAKAT', ''),
(5744, '1117010016', '1117010', 'CEKAL BARU', ''),
(5745, '1117010019', '1117010', 'DAMARAN BARU', ''),
(5746, '1117010020', '1117010', 'PAJAR HARAPAN', ''),
(5747, '1117010021', '1117010', 'KENINE', ''),
(5748, '1117010022', '1117010', 'REMBUNE', ''),
(5749, '1117010023', '1117010', 'BUMI AYU', ''),
(5750, '1117010024', '1117010', 'KAMPUNG BARU', ''),
(5751, '1117010025', '1117010', 'MUDE BENARA', ''),
(5752, '1117010026', '1117010', 'PANTAN PEDIANGAN', ''),
(5753, '1117010027', '1117010', 'LAMPAHAN BARAT', ''),
(5754, '1117010028', '1117010', 'MEKAR AYU', ''),
(5755, '1117010029', '1117010', 'LAMPAHAN TIMUR', ''),
(5756, '1117010030', '1117010', 'KOLAM PARA KANIS', ''),
(5757, '1117010031', '1117010', 'TIMANG RASA', ''),
(5758, '1117010032', '1117010', 'BUKIT MULIE', ''),
(5759, '1117010033', '1117010', 'SUMBER JAYA', ''),
(5760, '1117010034', '1117010', 'GUNUNG TUNYANG', ''),
(5761, '1117010035', '1117010', 'DATU BERU TUNYANG', ''),
(5762, '1117010036', '1117010', 'PANTAN KEMUNING', ''),
(5763, '1117010037', '1117010', 'BUKIT TUNYANG', ''),
(5764, '1117010038', '1117010', 'LINUNG BALE', ''),
(5765, '1117011001', '1117011', 'TIMANG GAJAH', ''),
(5766, '1117011002', '1117011', 'RERONGA', ''),
(5767, '1117011003', '1117011', 'PANTAN LUES', ''),
(5768, '1117011004', '1117011', 'MERIAH JAYA', ''),
(5769, '1117011005', '1117011', 'UMAH BESI', ''),
(5770, '1117011006', '1117011', 'PANTE KARYA', ''),
(5771, '1117011007', '1117011', 'SIMPANG RAHMAT', ''),
(5772, '1117011008', '1117011', 'GAJAH PUTIH', ''),
(5773, '1117011009', '1117011', 'GAYO SETIE', ''),
(5774, '1117011010', '1117011', 'ALAM JAYA', ''),
(5775, '1117020001', '1117020', 'RIME RAYA', ''),
(5776, '1117020002', '1117020', 'SINGAH MULO', ''),
(5777, '1117020003', '1117020', 'ALUR GADING', ''),
(5778, '1117020004', '1117020', 'BLANG RAKAL', ''),
(5779, '1117020005', '1117020', 'NEGERI ANTARA', ''),
(5780, '1117020006', '1117020', 'BLANG ARA', ''),
(5781, '1117020007', '1117020', 'GEMASIH', ''),
(5782, '1117020008', '1117020', 'PULO INTAN', ''),
(5783, '1117020009', '1117020', 'RATA ARA', ''),
(5784, '1117020010', '1117020', 'MUSARA 58', ''),
(5785, '1117020011', '1117020', 'MUSARA PAKAT', ''),
(5786, '1117020012', '1117020', 'WEH PORAK', ''),
(5787, '1117020013', '1117020', 'SIMPANG LANCANG', ''),
(5788, '1117020014', '1117020', 'BENER MERIAH', ''),
(5789, '1117020015', '1117020', 'PERDAMAIAN', ''),
(5790, '1117020016', '1117020', 'ULU NARON', ''),
(5791, '1117020017', '1117020', 'TAMAN FIRDAUS', ''),
(5792, '1117020018', '1117020', 'BINTANG BERANGUN', ''),
(5793, '1117020019', '1117020', 'UNING EMAS', ''),
(5794, '1117020020', '1117020', 'PANCAR JELOBOK', ''),
(5795, '1117020021', '1117020', 'ALUR CINCIN', ''),
(5796, '1117020022', '1117020', 'PANTAN SINAKU', ''),
(5797, '1117020023', '1117020', 'PANTAN LAH', ''),
(5798, '1117030002', '1117030', 'BLANG TAMPU', ''),
(5799, '1117030003', '1117030', 'UNING BERSAH', ''),
(5800, '1117030004', '1117030', 'UNING TERITIT', ''),
(5801, '1117030005', '1117030', 'KUTE LINTANG', ''),
(5802, '1117030006', '1117030', 'TINGKEM BERSATU', ''),
(5803, '1117030007', '1117030', 'TINGKEM ASLI', ''),
(5804, '1117030008', '1117030', 'REJE GURU', ''),
(5805, '1117030009', '1117030', 'BLANG SENTANG', ''),
(5806, '1117030010', '1117030', 'PASAR SIMPANG TIGA', ''),
(5807, '1117030011', '1117030', 'BALE REDELONG', ''),
(5808, '1117030012', '1117030', 'UJUNG GELE', ''),
(5809, '1117030013', '1117030', 'DELUNG TUE', ''),
(5810, '1117030014', '1117030', 'KENAWAT REDELONG', ''),
(5811, '1117030015', '1117030', 'BLANG ARA', ''),
(5812, '1117030016', '1117030', 'WAQ PONDOK SAYUR', ''),
(5813, '1117030017', '1117030', 'PANJI MULIA II', ''),
(5814, '1117030018', '1117030', 'PANJI MULIA  I', ''),
(5815, '1117030019', '1117030', 'ISAQ BUSUR', ''),
(5816, '1117030020', '1117030', 'BUJANG', ''),
(5817, '1117030021', '1117030', 'HAKIM TUNGGUL NARU', ''),
(5818, '1117030022', '1117030', 'BALE ATU', ''),
(5819, '1117030033', '1117030', 'TINGKEM BENYER', ''),
(5820, '1117030034', '1117030', 'BANTIN WIH PONGAS', ''),
(5821, '1117030035', '1117030', 'SEDIA JADI', ''),
(5822, '1117030036', '1117030', 'REMBELE', ''),
(5823, '1117030037', '1117030', 'MUTIARA BARU', ''),
(5824, '1117030038', '1117030', 'BLANG PANAS', ''),
(5825, '1117030039', '1117030', 'BUKIT BERSATU', ''),
(5826, '1117030040', '1117030', 'SERULE KAYU', ''),
(5827, '1117030041', '1117030', 'KUTE KERING', ''),
(5828, '1117030042', '1117030', 'KUTE TANYUNG', ''),
(5829, '1117030043', '1117030', 'BABUSSALAM', ''),
(5830, '1117030044', '1117030', 'PAYA GAJAH', ''),
(5831, '1117030045', '1117030', 'DELUNG ASLI', ''),
(5832, '1117030046', '1117030', 'PILAR JAYA', ''),
(5833, '1117030047', '1117030', 'MELUEM', ''),
(5834, '1117030048', '1117030', 'MUPAKAT JADI', ''),
(5835, '1117030049', '1117030', 'GODANG', ''),
(5836, '1117030050', '1117030', 'URING', ''),
(5837, '1117030051', '1117030', 'KARANG REJO', ''),
(5838, '1117040001', '1117040', 'SIMPANG TERITIT', ''),
(5839, '1117040003', '1117040', 'SUKARAME ATAS', ''),
(5840, '1117040004', '1117040', 'SUKARAME BAWAH', ''),
(5841, '1117040005', '1117040', 'SYURA JADI', ''),
(5842, '1117040006', '1117040', 'PANTE RAYA', ''),
(5843, '1117040007', '1117040', 'SIMPANG BALEK', ''),
(5844, '1117040008', '1117040', 'SUKA JADI', ''),
(5845, '1117040009', '1117040', 'BENER AYU', ''),
(5846, '1117040010', '1117040', 'BLANG PAKU', ''),
(5847, '1117040011', '1117040', 'SUKA MAKMUR', ''),
(5848, '1117040012', '1117040', 'MERIE I', ''),
(5849, '1117040013', '1117040', 'JAMUR ULUH', ''),
(5850, '1117040014', '1117040', 'GEGERUNG', ''),
(5851, '1117040015', '1117040', 'BUKIT PEPANYI', ''),
(5852, '1117040016', '1117040', 'JAMUR UJUNG', ''),
(5853, '1117040017', '1117040', 'WONOSOBO', ''),
(5854, '1117040018', '1117040', 'LUT KUCAK', ''),
(5855, '1117040019', '1117040', 'WIH PESAM', ''),
(5856, '1117040020', '1117040', 'CINTA DAMAI', ''),
(5857, '1117040021', '1117040', 'BENER MULIE', ''),
(5858, '1117040022', '1117040', 'KEBUN BARU', ''),
(5859, '1117040023', '1117040', 'BLANG KUCAK', ''),
(5860, '1117040024', '1117040', 'SIMPANG ANTARA', ''),
(5861, '1117040025', '1117040', 'BLANG BENARA', ''),
(5862, '1117040026', '1117040', 'SUKA MAKMUR TIMUR', ''),
(5863, '1117040027', '1117040', 'BURNI TELONG', ''),
(5864, '1117040028', '1117040', 'MEKAR JADI AYU', ''),
(5865, '1117050001', '1117050', 'WONOSARI', ''),
(5866, '1117050002', '1117050', 'PAYA BANING', ''),
(5867, '1117050003', '1117050', 'BLANG PULO', ''),
(5868, '1117050011', '1117050', 'PETUKEL BLANG JORONG', ''),
(5869, '1117050012', '1117050', 'TANJUNG PURA', ''),
(5870, '1117050013', '1117050', 'HAKIM WIH ILANG', ''),
(5871, '1117050014', '1117050', 'LEWA JADI', ''),
(5872, '1117050015', '1117050', 'BUKIT WIH ILANG', ''),
(5873, '1117050016', '1117050', 'SUKU WIH ILANG', ''),
(5874, '1117050017', '1117050', 'PONDOK GAJAH', ''),
(5875, '1117050018', '1117050', 'PURWOSARI', ''),
(5876, '1117050019', '1117050', 'SIDODADI', ''),
(5877, '1117050020', '1117050', 'SELAMAT REJO', ''),
(5878, '1117050021', '1117050', 'PONDOK ULUNG', ''),
(5879, '1117050022', '1117050', 'JANARATA', ''),
(5880, '1117050023', '1117050', 'BATIN BARU', ''),
(5881, '1117050033', '1117050', 'MUYANG KUTE MANGKU', ''),
(5882, '1117050034', '1117050', 'KERAMAT JAYA', ''),
(5883, '1117050035', '1117050', 'SIMPANG UTAMA', ''),
(5884, '1117050038', '1117050', 'PAKAT JEROH', ''),
(5885, '1117050039', '1117050', 'PUJA MULIA', ''),
(5886, '1117050040', '1117050', 'PONDOK BARU', ''),
(5887, '1117050041', '1117050', 'BAHGIE BERTONA', ''),
(5888, '1117050044', '1117050', 'TANSARAN BIDIN', ''),
(5889, '1117050045', '1117050', 'SINAR JAYA PAYA RINGKEL', ''),
(5890, '1117050046', '1117050', 'REMANG KETIKE JAYA', ''),
(5891, '1117050047', '1117050', 'GUNUNG ANTARA', ''),
(5892, '1117050048', '1117050', 'GELE SEMAYANG', ''),
(5893, '1117050049', '1117050', 'MAKMUR SENTOSA', ''),
(5894, '1117050050', '1117050', 'TAWAR SEDENGE', ''),
(5895, '1117050051', '1117050', 'JADI SEPAKAT', ''),
(5896, '1117050052', '1117050', 'SELISIH MARA', ''),
(5897, '1117050053', '1117050', 'KALA NEMPAN', ''),
(5898, '1117050054', '1117050', 'MUTIARA', ''),
(5899, '1117050060', '1117050', 'BERANUN TELEDEN', ''),
(5900, '1117051001', '1117051', 'BENER LUKUP II', ''),
(5901, '1117051002', '1117051', 'BENER KELIPAH UTARA', ''),
(5902, '1117051003', '1117051', 'BENER KELIPAH SELATAN', ''),
(5903, '1117051004', '1117051', 'BINTANG MUSARA', ''),
(5904, '1117051005', '1117051', 'BANDAR JAYA', ''),
(5905, '1117051006', '1117051', 'NOSAR TAWAR JAYA', ''),
(5906, '1117051007', '1117051', 'JONGOK MELUEM', ''),
(5907, '1117051008', '1117051', 'SUKU BENER', ''),
(5908, '1117051009', '1117051', 'LOT BENER KELIPAH', ''),
(5909, '1117051010', '1117051', 'KALA TENANG', ''),
(5910, '1117051011', '1117051', 'GUNUNG MUSARA', ''),
(5911, '1117051012', '1117051', 'NOSAR BARU', ''),
(5912, '1117060001', '1117060', 'TEMBOLON', ''),
(5913, '1117060002', '1117060', 'WIH NIDURIN', ''),
(5914, '1117060003', '1117060', 'KUTE LAH LANE', ''),
(5915, '1117060004', '1117060', 'PAYUNG', ''),
(5916, '1117060007', '1117060', 'KERLANG', ''),
(5917, '1117060008', '1117060', 'GERPA', ''),
(5918, '1117060009', '1117060', 'GONENG', ''),
(5919, '1117060010', '1117060', 'BLANG PANU', ''),
(5920, '1117060011', '1117060', 'RUSIP', ''),
(5921, '1117060015', '1117060', 'UNING', ''),
(5922, '1117060016', '1117060', 'PASIR PUTIH', ''),
(5923, '1117060027', '1117060', 'RATA MULIE', ''),
(5924, '1117060028', '1117060', 'TEMPEN BARU', ''),
(5925, '1117060029', '1117060', 'GERUTI JAYA', ''),
(5926, '1117061001', '1117061', 'CEMPARAM JAYA', ''),
(5927, '1117061002', '1117061', 'JAMUR ATU', ''),
(5928, '1117061003', '1117061', 'GUNUNG SAYANG', ''),
(5929, '1117061004', '1117061', 'WIH RESAP', ''),
(5930, '1117061005', '1117061', 'SIMPUR', ''),
(5931, '1117061006', '1117061', 'AMOR', ''),
(5932, '1117061007', '1117061', 'BUNTUL GAYO', ''),
(5933, '1117061008', '1117061', 'WER TINGKEM', ''),
(5934, '1117061009', '1117061', 'HAKIM PETERI PINTU', ''),
(5935, '1117061010', '1117061', 'PERUMPAKAN BENJADI', ''),
(5936, '1117061011', '1117061', 'CEMPARAM LAMA', ''),
(5937, '1117061012', '1117061', 'CEMPARAM PAKAT JEROH', ''),
(5938, '1117061013', '1117061', 'SIMPANG RENGGALI', ''),
(5939, '1117061014', '1117061', 'SOSIAL', ''),
(5940, '1117061015', '1117061', 'PANTAN KULI', ''),
(5941, '1117070001', '1117070', 'PANTAN TENGAH JAYA', ''),
(5942, '1117070002', '1117070', 'BENER PEPANYI', ''),
(5943, '1117070003', '1117070', 'BINTANG BENER', ''),
(5944, '1117070004', '1117070', 'BINTANG PERMATA', ''),
(5945, '1117070005', '1117070', 'BUNTUL PETERI', ''),
(5946, '1117070006', '1117070', 'GELAMPANG', ''),
(5947, '1117070007', '1117070', 'SENI ANTARA', ''),
(5948, '1117070008', '1117070', 'WEH TENANG UKEN', ''),
(5949, '1117070009', '1117070', 'DARUL AMAN', ''),
(5950, '1117070010', '1117070', 'PENOSAN JAYA', ''),
(5951, '1117070011', '1117070', 'RAMUNG JAYA', ''),
(5952, '1117070012', '1117070', 'TEMAS MUMANANG', ''),
(5953, '1117070013', '1117070', 'WEH TENANG TUA', ''),
(5954, '1117070014', '1117070', 'AYU ARA', ''),
(5955, '1117070015', '1117070', 'BALE MUSARA', ''),
(5956, '1117070016', '1117070', 'BALE PURNAMA', ''),
(5957, '1117070017', '1117070', 'BURNI PASE', ''),
(5958, '1117070018', '1117070', 'KEPIES', ''),
(5959, '1117070019', '1117070', 'RIKIT MUSARA', ''),
(5960, '1117070020', '1117070', 'CEDING AYU', ''),
(5961, '1117070021', '1117070', 'JUNGKE GAJAH', ''),
(5962, '1117070022', '1117070', 'JELOBOK', ''),
(5963, '1117070023', '1117070', 'PEMANGO', ''),
(5964, '1117070024', '1117070', 'SUKU SARA TANGKE', ''),
(5965, '1117070025', '1117070', 'TAWAR BENGI', ''),
(5966, '1117070026', '1117070', 'UNING SEJUK', ''),
(5967, '1117070027', '1117070', 'TIMUR JAYA', ''),
(5968, '1118010001', '1118010', 'MNS MULIENG', ''),
(5969, '1118010002', '1118010', 'LAMPOIH LADA', ''),
(5970, '1118010003', '1118010', 'GLUMPANG TUTONG', ''),
(5971, '1118010004', '1118010', 'RUNGKOM', ''),
(5972, '1118010005', '1118010', 'BLANG AWE', ''),
(5973, '1118010006', '1118010', 'MANYANG LANCOK', ''),
(5974, '1118010007', '1118010', 'POHROH', ''),
(5975, '1118010008', '1118010', 'KUDRANG', ''),
(5976, '1118010009', '1118010', 'MEUNASAH HAGU', ''),
(5977, '1118010010', '1118010', 'DAYAH TUHA', ''),
(5978, '1118010011', '1118010', 'RUMPUEN', ''),
(5979, '1118010012', '1118010', 'MEUNASAH KULAM', ''),
(5980, '1118010013', '1118010', 'RAMBONG', ''),
(5981, '1118010014', '1118010', 'GRONG GRONG', ''),
(5982, '1118010015', '1118010', 'KUTA TRIENG', ''),
(5983, '1118010016', '1118010', 'PULO U', ''),
(5984, '1118010017', '1118010', 'MANYANG CUT', ''),
(5985, '1118010018', '1118010', 'BEURAWANG', ''),
(5986, '1118010019', '1118010', 'DAYAH TIMU', ''),
(5987, '1118010020', '1118010', 'BUNOT', ''),
(5988, '1118010021', '1118010', 'TEUPIN PEURAHO', ''),
(5989, '1118010022', '1118010', 'GEULEUDAH', ''),
(5990, '1118010023', '1118010', 'MEUNASAH LHOK', ''),
(5991, '1118010024', '1118010', 'MESJID TUHA', ''),
(5992, '1118010025', '1118010', 'RHIENG MANCANG', ''),
(5993, '1118010026', '1118010', 'RHIENG KRUENG', ''),
(5994, '1118010027', '1118010', 'RHIENG BLANG', ''),
(5995, '1118010028', '1118010', 'MEURAKSA', ''),
(5996, '1118010029', '1118010', 'MEUNASAH BALEK', ''),
(5997, '1118010030', '1118010', 'KOTA MEUREUDU', '');
INSERT INTO `Village` (`idVillage`, `VillageCode`, `DistrictCode`, `VillageNameID`, `VillageNameEN`) VALUES
(5998, '1118020001', '1118020', 'SEUNONG', ''),
(5999, '1118020002', '1118020', 'LHOK SANDENG', ''),
(6000, '1118020003', '1118020', 'SARAH MANE', ''),
(6001, '1118020004', '1118020', 'LANCOK', ''),
(6002, '1118020005', '1118020', 'MEUNASAH KULAM', ''),
(6003, '1118020006', '1118020', 'MEUNASAH TEUNGOH', ''),
(6004, '1118020007', '1118020', 'GEUNTENG', ''),
(6005, '1118020008', '1118020', 'MEUNASAH BIE', ''),
(6006, '1118020009', '1118020', 'MEUNASAH RAYA', ''),
(6007, '1118020010', '1118020', 'GAMPONG BLANG', ''),
(6008, '1118020011', '1118020', 'BLANG CUT', ''),
(6009, '1118020012', '1118020', 'MEUNASAH DAYAH USEN', ''),
(6010, '1118020013', '1118020', 'MEUNASAH MANCANG', ''),
(6011, '1118020014', '1118020', 'DAYAH KRUET', ''),
(6012, '1118020015', '1118020', 'BEURINGEN', ''),
(6013, '1118020016', '1118020', 'PANTE BEUREUNE', ''),
(6014, '1118020017', '1118020', 'MEUNASAH JURONG', ''),
(6015, '1118020018', '1118020', 'BUANGAN', ''),
(6016, '1118020019', '1118020', 'LUENG BIMBA', ''),
(6017, '1118030001', '1118030', 'GAHRU', ''),
(6018, '1118030002', '1118030', 'KUMBA', ''),
(6019, '1118030003', '1118030', 'BLANG MIROE', ''),
(6020, '1118030004', '1118030', 'BEURASAN', ''),
(6021, '1118030005', '1118030', 'COT KENG', ''),
(6022, '1118030006', '1118030', 'KRUENG KIRAN', ''),
(6023, '1118030007', '1118030', 'ASAN KUMBANG', ''),
(6024, '1118030008', '1118030', 'PULO GAPU', ''),
(6025, '1118030009', '1118030', 'COT GURUFAI', ''),
(6026, '1118030010', '1118030', 'ALUE SANE', ''),
(6027, '1118030011', '1118030', 'LHOK PUSONG', ''),
(6028, '1118030012', '1118030', 'ALUE KEUTAPANG', ''),
(6029, '1118030013', '1118030', 'JEULANGA BARAT', ''),
(6030, '1118030014', '1118030', 'JEULANGA MATA IE', ''),
(6031, '1118030015', '1118030', 'JEULANGA MESJID', ''),
(6032, '1118030016', '1118030', 'MEUNASAH PAKU', ''),
(6033, '1118030017', '1118030', 'MEURANDEH ALUE', ''),
(6034, '1118030018', '1118030', 'REUDEUP MELAYU', ''),
(6035, '1118030019', '1118030', 'PAYA PISANG KLAT', ''),
(6036, '1118030020', '1118030', 'ALUE MEE', ''),
(6037, '1118030021', '1118030', 'DRIEN TUJOH', ''),
(6038, '1118030022', '1118030', 'BLANG KUTA', ''),
(6039, '1118030023', '1118030', 'SEUNONG', ''),
(6040, '1118030024', '1118030', 'POHROH', ''),
(6041, '1118030025', '1118030', 'BABAH KRUENG', ''),
(6042, '1118030026', '1118030', 'UTEUN BAYU', ''),
(6043, '1118030027', '1118030', 'MUKO BULOH', ''),
(6044, '1118030028', '1118030', 'DRIEN BUNGONG', ''),
(6045, '1118030029', '1118030', 'MEUGIT SAGOE', ''),
(6046, '1118030030', '1118030', 'MEUGIT KAYEE PANYANG', ''),
(6047, '1118030031', '1118030', 'ADAN', ''),
(6048, '1118030032', '1118030', 'MUKO DAYAH', ''),
(6049, '1118030033', '1118030', 'KEUDE ULEE GLE', ''),
(6050, '1118030034', '1118030', 'PULO', ''),
(6051, '1118030035', '1118030', 'GAMPONG BARO', ''),
(6052, '1118030036', '1118030', 'GAMPONG ULEE GLE', ''),
(6053, '1118030037', '1118030', 'MUKO KUTHANG', ''),
(6054, '1118030038', '1118030', 'PEULAKAN TUNONG', ''),
(6055, '1118030039', '1118030', 'PEULAKAN TAMBO', ''),
(6056, '1118030040', '1118030', 'KUTA KRUENG', ''),
(6057, '1118030041', '1118030', 'PAYA TUNONG', ''),
(6058, '1118030042', '1118030', 'PAYA BAROH', ''),
(6059, '1118030043', '1118030', 'BLANG DALAM', ''),
(6060, '1118030044', '1118030', 'MUKOE BAROH', ''),
(6061, '1118030045', '1118030', 'PEULAKAN CIBREK', ''),
(6062, '1118040001', '1118040', 'MEUKO JURONG', ''),
(6063, '1118040002', '1118040', 'BUKET TEUNGOH', ''),
(6064, '1118040003', '1118040', 'JURONG ARA', ''),
(6065, '1118040004', '1118040', 'JURONG TEUNGOH', ''),
(6066, '1118040005', '1118040', 'JURONG BINJE', ''),
(6067, '1118040006', '1118040', 'REULUI MANGAT', ''),
(6068, '1118040007', '1118040', 'MEUNASAH MEE', ''),
(6069, '1118040008', '1118040', 'MEUNASAH KUMBANG', ''),
(6070, '1118040009', '1118040', 'KUTA BAROH', ''),
(6071, '1118040010', '1118040', 'MEUKO MEUGIT', ''),
(6072, '1118040011', '1118040', 'KEURISI MEUNASAH RAYA', ''),
(6073, '1118040012', '1118040', 'KIRAN DAYAH', ''),
(6074, '1118040013', '1118040', 'KIRAN BAROH', ''),
(6075, '1118040014', '1118040', 'KIRAN KRUENG', ''),
(6076, '1118040015', '1118040', 'KEURISI MEUNASAH LUENG', ''),
(6077, '1118040016', '1118040', 'KEUDE JANGKA BUYA', ''),
(6078, '1118040017', '1118040', 'GAMPONG COT', ''),
(6079, '1118040018', '1118040', 'KEURISI MEUNASAH BEUREMBANG', ''),
(6080, '1118050001', '1118050', 'ALUE KEUMIKI', ''),
(6081, '1118050002', '1118050', 'LHOK GAJAH', ''),
(6082, '1118050003', '1118050', 'BLANG RHEUE', ''),
(6083, '1118050004', '1118050', 'COT SEUTUI', ''),
(6084, '1118050005', '1118050', 'MEUNASAH MESJID', ''),
(6085, '1118050006', '1118050', 'BLANG CARI', ''),
(6086, '1118050007', '1118050', 'BIDOK', ''),
(6087, '1118050008', '1118050', 'BALEE ULIM', ''),
(6088, '1118050009', '1118050', 'PANTANG COT BALOI', ''),
(6089, '1118050010', '1118050', 'NANGRHOE BARAT', ''),
(6090, '1118050011', '1118050', 'REULEUT', ''),
(6091, '1118050012', '1118050', 'SAMBONGAN BARO', ''),
(6092, '1118050013', '1118050', 'DAYAH BAROH', ''),
(6093, '1118050014', '1118050', 'MEUNASAH PUPU', ''),
(6094, '1118050015', '1118050', 'NANGRHOE TIMU', ''),
(6095, '1118050016', '1118050', 'MEUNASAH KUMBANG', ''),
(6096, '1118050017', '1118050', 'MESJID ULIM TUNONG', ''),
(6097, '1118050018', '1118050', 'SIBLAH COH', ''),
(6098, '1118050019', '1118050', 'PULO ULIM', ''),
(6099, '1118050020', '1118050', 'GRONG GRONG CAPA', ''),
(6100, '1118050021', '1118050', 'TANJONG ULIM', ''),
(6101, '1118050022', '1118050', 'MEUNASAH KRUENG', ''),
(6102, '1118050023', '1118050', 'KEUDE ULIM', ''),
(6103, '1118050024', '1118050', 'DAYAH LUBUE', ''),
(6104, '1118050025', '1118050', 'MESJID ULIM BAROH', ''),
(6105, '1118050026', '1118050', 'MEUNASAH BUENG', ''),
(6106, '1118050027', '1118050', 'GEULANGGANG', ''),
(6107, '1118050028', '1118050', 'TIJIEN HUSEN', ''),
(6108, '1118050029', '1118050', 'PULO LHOK', ''),
(6109, '1118050030', '1118050', 'TIJIEN DABOH', ''),
(6110, '1118060001', '1118060', 'PANTON RAYA', ''),
(6111, '1118060002', '1118060', 'PEULANDOK TUNONG', ''),
(6112, '1118060003', '1118060', 'PEULANDOK TEUNGOH', ''),
(6113, '1118060004', '1118060', 'BULOH', ''),
(6114, '1118060005', '1118060', 'DAYAH UJONG BAROH', ''),
(6115, '1118060006', '1118060', 'MATANG', ''),
(6116, '1118060007', '1118060', 'DEE', ''),
(6117, '1118060008', '1118060', 'DEAH TEUMANAH', ''),
(6118, '1118060009', '1118060', 'TAMPUI', ''),
(6119, '1118060010', '1118060', 'REUSEB', ''),
(6120, '1118060011', '1118060', 'MESJID PEUDEUEK BAROH', ''),
(6121, '1118060012', '1118060', 'TUHA', ''),
(6122, '1118060013', '1118060', 'PAYA', ''),
(6123, '1118060014', '1118060', 'MESJID TRIENGGADENG', ''),
(6124, '1118060015', '1118060', 'TUENG KLUET', ''),
(6125, '1118060016', '1118060', 'MEE PANGWA', ''),
(6126, '1118060017', '1118060', 'RAWASARI', ''),
(6127, '1118060018', '1118060', 'COT MAKASO', ''),
(6128, '1118060019', '1118060', 'KUTA', ''),
(6129, '1118060020', '1118060', 'MEUCAT', ''),
(6130, '1118060021', '1118060', 'DEAH PANGWA', ''),
(6131, '1118060022', '1118060', 'COT LHEUE RHEUNG', ''),
(6132, '1118060023', '1118060', 'MEUE', ''),
(6133, '1118060024', '1118060', 'KEUDE', ''),
(6134, '1118060025', '1118060', 'RAYA', ''),
(6135, '1118060026', '1118060', 'MEE PEUDUEK', ''),
(6136, '1118060027', '1118060', 'SAGOE', ''),
(6137, '1118070001', '1118070', 'LHOK PU''UK', ''),
(6138, '1118070002', '1118070', 'TUNONG', ''),
(6139, '1118070003', '1118070', 'TEUNGOH', ''),
(6140, '1118070004', '1118070', 'PEURADE', ''),
(6141, '1118070005', '1118070', 'REUDEUP', ''),
(6142, '1118070006', '1118070', 'MESJID', ''),
(6143, '1118070007', '1118070', 'MUKA BLANG', ''),
(6144, '1118070008', '1118070', 'HAGU', ''),
(6145, '1118070009', '1118070', 'TU PANTEE RAJA', ''),
(6146, '1118070010', '1118070', 'KEUDE', ''),
(6147, '1118080001', '1118080', 'MNS AKI NEUNGOH', ''),
(6148, '1118080002', '1118080', 'MNS ABAH LUENG', ''),
(6149, '1118080003', '1118080', 'MEUNASAH JIJIEM', ''),
(6150, '1118080004', '1118080', 'MNS SARAH PANYANG', ''),
(6151, '1118080005', '1118080', 'MNS BLANG SUKON', ''),
(6152, '1118080006', '1118080', 'MNS KAYEE JATOE', ''),
(6153, '1118080007', '1118080', 'MNS BLANG BARO', ''),
(6154, '1118080008', '1118080', 'MNS BLANG IBOIH', ''),
(6155, '1118080009', '1118080', 'MNS DAYAH LANGIEN', ''),
(6156, '1118080010', '1118080', 'MNS BLANG KRUENG', ''),
(6157, '1118080011', '1118080', 'MEUNASAH ALUE', ''),
(6158, '1118080012', '1118080', 'MNS TANOH MIRAH', ''),
(6159, '1118080013', '1118080', 'MNS UJONG LEUBAT', ''),
(6160, '1118080014', '1118080', 'MNS TUALADA', ''),
(6161, '1118080015', '1118080', 'MNS CUT LANGIEN', ''),
(6162, '1118080016', '1118080', 'MEUNASAH SAGOE', ''),
(6163, '1118080017', '1118080', 'MNS BAROH COT', ''),
(6164, '1118080018', '1118080', 'MEUNASAH BALEE', ''),
(6165, '1118080019', '1118080', 'MNS TEUNGOH', ''),
(6166, '1118080020', '1118080', 'MNS BAROH MUSA', ''),
(6167, '1118080021', '1118080', 'MNS PARU KEUDE', ''),
(6168, '1118080022', '1118080', 'MNS LANCANG', ''),
(6169, '1118080023', '1118080', 'MNS UDEUNG', ''),
(6170, '1118080024', '1118080', 'MEUNASAH ARA', ''),
(6171, '1118080025', '1118080', 'MNS BLANG GLONG', ''),
(6172, '1118080026', '1118080', 'MEUNASAH KEUDE', ''),
(6173, '1118080027', '1118080', 'MNS PUEB LUENG NIBONG', ''),
(6174, '1118080028', '1118080', 'MNS DABOIH', ''),
(6175, '1118080029', '1118080', 'MNS PULO RHENG', ''),
(6176, '1118080030', '1118080', 'MNS GAMPONG', ''),
(6177, '1118080031', '1118080', 'MNS DAYAH NYONG', ''),
(6178, '1118080032', '1118080', 'MNS BEURANDEH', ''),
(6179, '1118080033', '1118080', 'MNS KAYEE RAYA', ''),
(6180, '1118080034', '1118080', 'MEUNASAH SIREN', ''),
(6181, '1118080035', '1118080', 'MEUNASAH TUTONG', ''),
(6182, '1118080036', '1118080', 'MNS MANYANG', ''),
(6183, '1118080037', '1118080', 'MNS BAROH LANCOK', ''),
(6184, '1118080038', '1118080', 'MEUNASAH MESJID', ''),
(6185, '1118080039', '1118080', 'MNS PULO PUEB', ''),
(6186, '1118080040', '1118080', 'MEUNASAH SAWANG', ''),
(6187, '1118080041', '1118080', 'MEUNASAH BARO', ''),
(6188, '1118080042', '1118080', 'MNS CUT NYONG', ''),
(6189, '1118080043', '1118080', 'MNS PARU COT', ''),
(6190, '1171010019', '1171010', 'SURIEN', ''),
(6191, '1171010020', '1171010', 'ASOI NANGGRO', ''),
(6192, '1171010021', '1171010', 'GAMPONG BLANG', ''),
(6193, '1171010022', '1171010', 'LAMJABAT', ''),
(6194, '1171010023', '1171010', 'GAMPONG BARO', ''),
(6195, '1171010025', '1171010', 'PUNGE JURONG', ''),
(6196, '1171010027', '1171010', 'LAMPASEH ACEH', ''),
(6197, '1171010028', '1171010', 'PUNGE UJONG', ''),
(6198, '1171010029', '1171010', 'COT LAMKUWEUEH', ''),
(6199, '1171010030', '1171010', 'GAMPONG PIE', ''),
(6200, '1171010031', '1171010', 'ULEE LHEUE', ''),
(6201, '1171010032', '1171010', 'DEAH GLUMPANG', ''),
(6202, '1171010033', '1171010', 'LAMBUNG', ''),
(6203, '1171010034', '1171010', 'BLANG OI', ''),
(6204, '1171010035', '1171010', 'ALUE DEAH TEUNGOH', ''),
(6205, '1171010036', '1171010', 'DEAH BARO', ''),
(6206, '1171011001', '1171011', 'ULEE PATA', ''),
(6207, '1171011002', '1171011', 'LAMJAMEE', ''),
(6208, '1171011003', '1171011', 'LAMPOH DAYA', ''),
(6209, '1171011004', '1171011', 'EMPEROM', ''),
(6210, '1171011005', '1171011', 'GEUCEU MEUNARA', ''),
(6211, '1171011006', '1171011', 'LAMTEMEN BARAT', ''),
(6212, '1171011007', '1171011', 'BITAI', ''),
(6213, '1171011008', '1171011', 'LAMTEMEN TIMUR', ''),
(6214, '1171011009', '1171011', 'PUNGE BLANG CUT', ''),
(6215, '1171012001', '1171012', 'LAM ARA', ''),
(6216, '1171012002', '1171012', 'LAMPUOT', ''),
(6217, '1171012003', '1171012', 'MIBO', ''),
(6218, '1171012004', '1171012', 'LHONG CUT', ''),
(6219, '1171012005', '1171012', 'LHONG RAYA', ''),
(6220, '1171012006', '1171012', 'PEUNYEURAT', ''),
(6221, '1171012007', '1171012', 'LAM LAGANG', ''),
(6222, '1171012008', '1171012', 'GEUCEU KOMPLEK', ''),
(6223, '1171012009', '1171012', 'GEUCEU INIEM', ''),
(6224, '1171012010', '1171012', 'GEUCEU KAYEE JATO', ''),
(6225, '1171020001', '1171020', 'ATEUK JAWO', ''),
(6226, '1171020007', '1171020', 'ATEUK DEAH TANOH', ''),
(6227, '1171020008', '1171020', 'ATEUK PAHLAWAN', ''),
(6228, '1171020009', '1171020', 'ATEUK MUNJENG', ''),
(6229, '1171020010', '1171020', 'NEUSU ACEH', ''),
(6230, '1171020011', '1171020', 'SEUTUI', ''),
(6231, '1171020012', '1171020', 'SUKARAMAI', ''),
(6232, '1171020013', '1171020', 'NEUSU JAYA', ''),
(6233, '1171020014', '1171020', 'PEUNITI', ''),
(6234, '1171020019', '1171020', 'KAMPUNG BARU', ''),
(6235, '1171021001', '1171021', 'LANDOM', ''),
(6236, '1171021002', '1171021', 'COT MESJID', ''),
(6237, '1171021003', '1171021', 'BATOH', ''),
(6238, '1171021004', '1171021', 'LUENG BATA', ''),
(6239, '1171021005', '1171021', 'BLANG CUT', ''),
(6240, '1171021006', '1171021', 'LAMPALOH', ''),
(6241, '1171021007', '1171021', 'SUKADAMAI', ''),
(6242, '1171021008', '1171021', 'PANTERIEK', ''),
(6243, '1171021009', '1171021', 'LAMSEUPEUNG', ''),
(6244, '1171030001', '1171030', 'PEUNAYONG', ''),
(6245, '1171030002', '1171030', 'LAKSANA', ''),
(6246, '1171030003', '1171030', 'KEURAMAT', ''),
(6247, '1171030004', '1171030', 'KUTA ALAM', ''),
(6248, '1171030005', '1171030', 'BEURAWE', ''),
(6249, '1171030006', '1171030', 'KOTA BARU', ''),
(6250, '1171030007', '1171030', 'BANDAR BARU', ''),
(6251, '1171030008', '1171030', 'MULIA', ''),
(6252, '1171030013', '1171030', 'LAMPULO', ''),
(6253, '1171030014', '1171030', 'LAMDINGIN', ''),
(6254, '1171030015', '1171030', 'LAMBARO SKEP', ''),
(6255, '1171031001', '1171031', 'LAMPASEH KOTA', ''),
(6256, '1171031002', '1171031', 'MERDUATI', ''),
(6257, '1171031003', '1171031', 'KEUDAH', ''),
(6258, '1171031004', '1171031', 'PEULANGGAHAN', ''),
(6259, '1171031005', '1171031', 'GAMPONG JAWA', ''),
(6260, '1171031006', '1171031', 'GAMPONG PANDE', ''),
(6261, '1171040010', '1171040', 'IEMASEN KAYE ADANG', ''),
(6262, '1171040011', '1171040', 'PINEUNG', ''),
(6263, '1171040012', '1171040', 'LAMGUGOB', ''),
(6264, '1171040013', '1171040', 'KOPELMA DARUSSALAM', ''),
(6265, '1171040014', '1171040', 'RUKOH', ''),
(6266, '1171040015', '1171040', 'JEULINGKE', ''),
(6267, '1171040016', '1171040', 'TIBANG', ''),
(6268, '1171040017', '1171040', 'DEAH RAYA', ''),
(6269, '1171040018', '1171040', 'ALUE NAGA', ''),
(6270, '1171040019', '1171040', 'PEURADA', ''),
(6271, '1171041001', '1171041', 'PANGO RAYA', ''),
(6272, '1171041002', '1171041', 'PANGO DEAH', ''),
(6273, '1171041003', '1171041', 'ILIE', ''),
(6274, '1171041004', '1171041', 'LAMTEH', ''),
(6275, '1171041005', '1171041', 'LAMGLUMPANG', ''),
(6276, '1171041006', '1171041', 'CEURIH', ''),
(6277, '1171041007', '1171041', 'IEMASEN ULEE KARENG', ''),
(6278, '1171041008', '1171041', 'DOI', ''),
(6279, '1171041009', '1171041', 'LAMBHUK', ''),
(6280, '1172010001', '1172010', 'PAYA', ''),
(6281, '1172010002', '1172010', 'KEUNEUKAI', ''),
(6282, '1172010003', '1172010', 'BEURAWANG', ''),
(6283, '1172010004', '1172010', 'JABOI', ''),
(6284, '1172010005', '1172010', 'BALOHAN', ''),
(6285, '1172010006', '1172010', 'COT ABEUK', ''),
(6286, '1172010007', '1172010', 'COT BA''U', ''),
(6287, '1172010008', '1172010', 'ANOE ITAM', ''),
(6288, '1172010009', '1172010', 'UJONG KAREUNG', ''),
(6289, '1172010010', '1172010', 'IE MEULEE', ''),
(6290, '1172020001', '1172020', 'IBOIH', ''),
(6291, '1172020002', '1172020', 'BATEE SHOEK', ''),
(6292, '1172020003', '1172020', 'PAYA SEUNARA', ''),
(6293, '1172020004', '1172020', 'KRUENG RAYA', ''),
(6294, '1172020005', '1172020', 'ANEUK LAOT', ''),
(6295, '1172020006', '1172020', 'KUTA TIMU', ''),
(6296, '1172020007', '1172020', 'KUTA BARAT', ''),
(6297, '1172020008', '1172020', 'KUTA ATEUH', ''),
(6298, '1173010007', '1173010', 'BUKET MEUDANG ARA', ''),
(6299, '1173010009', '1173010', 'MATANG SEUTUI', ''),
(6300, '1173010010', '1173010', 'BUKET PULO', ''),
(6301, '1173010011', '1173010', 'MATANG PANYANG', ''),
(6302, '1173010012', '1173010', 'SIMPANG WIE', ''),
(6303, '1173010013', '1173010', 'BUKET RATA', ''),
(6304, '1173010014', '1173010', 'BUKET MEUTUAH', ''),
(6305, '1173010015', '1173010', 'ALUE MERBAU', ''),
(6306, '1173010016', '1173010', 'MATANG CEUNGAI', ''),
(6307, '1173010017', '1173010', 'SEUNEUBOK ANTARA', ''),
(6308, '1173010018', '1173010', 'ALUE PINEUNG', ''),
(6309, '1173010019', '1173010', 'SUKAREJO', ''),
(6310, '1173010020', '1173010', 'CINTA RAJA', ''),
(6311, '1173010021', '1173010', 'SUNGAI LUENG', ''),
(6312, '1173010022', '1173010', 'ALUE PINEUNG TIMUE', ''),
(6313, '1173010023', '1173010', 'KAPA', ''),
(6314, '1173011001', '1173011', 'PONDOK KEUMUNING', ''),
(6315, '1173011002', '1173011', 'SEULALAH', ''),
(6316, '1173011003', '1173011', 'PONDOK PABRIK', ''),
(6317, '1173011004', '1173011', 'SIDODADI', ''),
(6318, '1173011005', '1173011', 'SIDOREJO', ''),
(6319, '1173011006', '1173011', 'GAMPONG BARO', ''),
(6320, '1173011007', '1173011', 'MEURANDEH', ''),
(6321, '1173011008', '1173011', 'ASAM PEUTEK', ''),
(6322, '1173011009', '1173011', 'BAROH LANGSA LAMA', ''),
(6323, '1173011010', '1173011', 'SEULALAH BARU', ''),
(6324, '1173011011', '1173011', 'SUKA JADI KEBUN IRENG', ''),
(6325, '1173011012', '1173011', 'MEURANDEH TENGAH', ''),
(6326, '1173011013', '1173011', 'MEURANDEH DAYAH', ''),
(6327, '1173011014', '1173011', 'MEURANDEH ACEH', ''),
(6328, '1173011015', '1173011', 'BATE PUTEH', ''),
(6329, '1173020008', '1173020', 'LHOK BANIE', ''),
(6330, '1173020009', '1173020', 'PAYA BUJOK TEUNGOH', ''),
(6331, '1173020010', '1173020', 'PAYA BUJOK. BEURAMOE', ''),
(6332, '1173020011', '1173020', 'SIMPANG LHEE', ''),
(6333, '1173020012', '1173020', 'SEURIGET', ''),
(6334, '1173020019', '1173020', 'MATANG SEULIMENG', ''),
(6335, '1173020020', '1173020', 'SUNGAI PAUH', ''),
(6336, '1173020021', '1173020', 'KUALA LANGSA', ''),
(6337, '1173020022', '1173020', 'TELAGA TUJUH', ''),
(6338, '1173020023', '1173020', 'SERAMBI INDAH', ''),
(6339, '1173020024', '1173020', 'SUNGAI PAUH PUSAKA', ''),
(6340, '1173020025', '1173020', 'SUNGAI PAUH TANJONG', ''),
(6341, '1173020026', '1173020', 'SUNGAI PAUH FIRDAUS', ''),
(6342, '1173021001', '1173021', 'TIMBANG LANGSA', ''),
(6343, '1173021002', '1173021', 'ALUE DUA', ''),
(6344, '1173021003', '1173021', 'BIREM PUNTONG', ''),
(6345, '1173021004', '1173021', 'PAYA BUJOK SEULEUMAK', ''),
(6346, '1173021005', '1173021', 'PONDOK KELAPA', ''),
(6347, '1173021006', '1173021', 'KARANG ANYAR', ''),
(6348, '1173021007', '1173021', 'PAYA BUJOK TUNONG', ''),
(6349, '1173021008', '1173021', 'GEUDUBANG JAWA', ''),
(6350, '1173021009', '1173021', 'GEUDUBANG ACEH', ''),
(6351, '1173021010', '1173021', 'ALUE DUA BAKARAN BATEE', ''),
(6352, '1173021011', '1173021', 'LENGKONG', ''),
(6353, '1173021012', '1173021', 'SUKAJADI MAKMUR', ''),
(6354, '1173030001', '1173030', 'GAMPONG TEUNGOH', ''),
(6355, '1173030002', '1173030', 'PEUKAN LANGSA', ''),
(6356, '1173030004', '1173030', 'GAMPONG JAWA', ''),
(6357, '1173030005', '1173030', 'PAYA BUJOK BLANG PASE', ''),
(6358, '1173030006', '1173030', 'GAMPONG BLANG', ''),
(6359, '1173030007', '1173030', 'ALUE BERAWE', ''),
(6360, '1173030009', '1173030', 'GAMPONG DAULAT', ''),
(6361, '1173030010', '1173030', 'GAMPONG MUTIA', ''),
(6362, '1173030011', '1173030', 'BLANG SINIBONG', ''),
(6363, '1173030013', '1173030', 'TUALANG TEUNGOH', ''),
(6364, '1174010001', '1174010', 'ALUE LIM', ''),
(6365, '1174010002', '1174010', 'BLANG BULOH', ''),
(6366, '1174010003', '1174010', 'MANE KAREUNG', ''),
(6367, '1174010004', '1174010', 'ASAN KAREUNG', ''),
(6368, '1174010005', '1174010', 'RAYEUK KAREUNG', ''),
(6369, '1174010006', '1174010', 'KUMBANG PUNTEUT', ''),
(6370, '1174010007', '1174010', 'BLANG PUNTEUT', ''),
(6371, '1174010008', '1174010', 'ULEE BLANG MANE', ''),
(6372, '1174010009', '1174010', 'KEUDE PUNTEUT', ''),
(6373, '1174010010', '1174010', 'MESJID PUNTEUT', ''),
(6374, '1174010011', '1174010', 'TUNONG', ''),
(6375, '1174010012', '1174010', 'BALOY', ''),
(6376, '1174010013', '1174010', 'TEUNGOH', ''),
(6377, '1174010014', '1174010', 'BLANG TEUE', ''),
(6378, '1174010015', '1174010', 'JAMBO TIMU', ''),
(6379, '1174010016', '1174010', 'MESJID MEURAKSA', ''),
(6380, '1174010017', '1174010', 'BLANG CUT', ''),
(6381, '1174010018', '1174010', 'KUALA MEURAKSA', ''),
(6382, '1174010019', '1174010', 'JEULEUKAT', ''),
(6383, '1174010020', '1174010', 'BLANG WEU PANJOU', ''),
(6384, '1174010021', '1174010', 'BLANG WEU BAROH', ''),
(6385, '1174010022', '1174010', 'SEUNEUBOK', ''),
(6386, '1174020002', '1174020', 'PALOH BATEE', ''),
(6387, '1174020003', '1174020', 'LHOK MON PUTEH', ''),
(6388, '1174020004', '1174020', 'COT GIREK', ''),
(6389, '1174020005', '1174020', 'MANYANG', ''),
(6390, '1174020006', '1174020', 'BLANG CRUM', ''),
(6391, '1174020007', '1174020', 'ALUE AWE', ''),
(6392, '1174020008', '1174020', 'CUT MAMPLAM', ''),
(6393, '1174020009', '1174020', 'MNS MEE', ''),
(6394, '1174020010', '1174020', 'MNS BLANG', ''),
(6395, '1174020011', '1174020', 'UTEUNKOT', ''),
(6396, '1174020012', '1174020', 'BLANG POHROH', ''),
(6397, '1174020013', '1174020', 'PAYA PUNTEUT', ''),
(6398, '1174020014', '1174020', 'KEUDE CUNDA', ''),
(6399, '1174020015', '1174020', 'MNS MESJID', ''),
(6400, '1174020016', '1174020', 'PANGGOI', ''),
(6401, '1174020017', '1174020', 'PAYA BILI', ''),
(6402, '1174020018', '1174020', 'MNS ALUE', ''),
(6403, '1174021001', '1174021', 'COT TRIENG', ''),
(6404, '1174021002', '1174021', 'PALOH PUNTI', ''),
(6405, '1174021003', '1174021', 'MNS DAYAH', ''),
(6406, '1174021004', '1174021', 'BLANG PANYANG', ''),
(6407, '1174021005', '1174021', 'MEURIA', ''),
(6408, '1174021006', '1174021', 'BLANG PULO', ''),
(6409, '1174021007', '1174021', 'BATUPHAT TIMUR', ''),
(6410, '1174021008', '1174021', 'PADANG SAKTI', ''),
(6411, '1174021009', '1174021', 'UJONG PACU', ''),
(6412, '1174021010', '1174021', 'BLANG NALEUNG MAMEH', ''),
(6413, '1174021011', '1174021', 'BATUPHAT BARAT', ''),
(6414, '1174030001', '1174030', 'MON GEUDONG', ''),
(6415, '1174030002', '1174030', 'KEUDE ACEH', ''),
(6416, '1174030003', '1174030', 'PUSONG LAMA', ''),
(6417, '1174030004', '1174030', 'PUSONG BARU', ''),
(6418, '1174030005', '1174030', 'LHOKSEUMAWE', ''),
(6419, '1174030006', '1174030', 'SIMPANG EMPAT', ''),
(6420, '1174030007', '1174030', 'LANCANG GARAM', ''),
(6421, '1174030008', '1174030', 'KAMPUNG JAWA BARU', ''),
(6422, '1174030009', '1174030', 'TUMPOK TEUNGOH', ''),
(6423, '1174030010', '1174030', 'KUTA BLANG', ''),
(6424, '1174030011', '1174030', 'UTEUN BAYI', ''),
(6425, '1174030012', '1174030', 'BANDA MASEN', ''),
(6426, '1174030013', '1174030', 'UJONG BLANG', ''),
(6427, '1174030014', '1174030', 'ULEE JALAN', ''),
(6428, '1174030015', '1174030', 'HAGU BARAT LAUT', ''),
(6429, '1174030016', '1174030', 'HAGU TEUNGOH', ''),
(6430, '1174030017', '1174030', 'HAGU SELATAN', ''),
(6431, '1174030018', '1174030', 'KAMPUNG JAWA LAMA', ''),
(6432, '1175010001', '1175010', 'BULUH DORI', ''),
(6433, '1175010002', '1175010', 'PEGAYO', ''),
(6434, '1175010003', '1175010', 'SUBULUSSALAM', ''),
(6435, '1175010004', '1175010', 'PASAR PANJANG', ''),
(6436, '1175010005', '1175010', 'TANGGA BESI', ''),
(6437, '1175010006', '1175010', 'KUTA CEPU', ''),
(6438, '1175010007', '1175010', 'SUKA MAKMUR', ''),
(6439, '1175010008', '1175010', 'SIKELONDANG', ''),
(6440, '1175010009', '1175010', 'MUKTI MAKMUR', ''),
(6441, '1175010010', '1175010', 'SUBULUSSALAM BARAT', ''),
(6442, '1175010011', '1175010', 'SUBULUSSALAM SELATAN', ''),
(6443, '1175010012', '1175010', 'SUBULUSSALAM UTARA', ''),
(6444, '1175010013', '1175010', 'LAE ORAM', ''),
(6445, '1175010014', '1175010', 'MAKMUR JAYA', ''),
(6446, '1175010015', '1175010', 'BELEGEN MULIA', ''),
(6447, '1175010016', '1175010', 'DANAU TRAS', ''),
(6448, '1175010017', '1175010', 'SUBULUSSALAM TIMUR', ''),
(6449, '1175020001', '1175020', 'LAE MOTONG', ''),
(6450, '1175020002', '1175020', 'KAMPUNG BARU', ''),
(6451, '1175020003', '1175020', 'PENANGGALAN', ''),
(6452, '1175020004', '1175020', 'LAE BERSIH', ''),
(6453, '1175020005', '1175020', 'CEPU', ''),
(6454, '1175020006', '1175020', 'KUTA TENGAH', ''),
(6455, '1175020007', '1175020', 'SIKELANG', ''),
(6456, '1175020008', '1175020', 'JONTOR', ''),
(6457, '1175020009', '1175020', 'LAE IKAN', ''),
(6458, '1175020010', '1175020', 'PENUNTUNGAN', ''),
(6459, '1175020011', '1175020', 'DASAN RAJA', ''),
(6460, '1175020012', '1175020', 'PENANGGALAN BARAT', ''),
(6461, '1175020013', '1175020', 'PENANGGALAN TIMUR', ''),
(6462, '1175030001', '1175030', 'SIPERKAS', ''),
(6463, '1175030002', '1175030', 'KUTA BERINGIN', ''),
(6464, '1175030003', '1175030', 'KAMPONG BADAR', ''),
(6465, '1175030004', '1175030', 'HARAPAN BARU', ''),
(6466, '1175030005', '1175030', 'TELADAN BARU', ''),
(6467, '1175030006', '1175030', 'OBOH', ''),
(6468, '1175030007', '1175030', 'BINANGA', ''),
(6469, '1175030008', '1175030', 'BELUKUR MAKMUR', ''),
(6470, '1175030009', '1175030', 'PASAR RUNDENG', ''),
(6471, '1175030010', '1175030', 'LAE PAMUALAN', ''),
(6472, '1175030011', '1175030', 'MUARA BATU-BATU', ''),
(6473, '1175030012', '1175030', 'SIBUNGKE', ''),
(6474, '1175030013', '1175030', 'PANGLIMA SAHMAN', ''),
(6475, '1175030014', '1175030', 'SIBUASAN', ''),
(6476, '1175030015', '1175030', 'DAH', ''),
(6477, '1175030016', '1175030', 'SEPADAN', ''),
(6478, '1175030017', '1175030', 'GERUGUH', ''),
(6479, '1175030018', '1175030', 'LAE MATE', ''),
(6480, '1175030019', '1175030', 'MANDILAM', ''),
(6481, '1175030020', '1175030', 'TUALANG', ''),
(6482, '1175030021', '1175030', 'TANAH TUMBUH', ''),
(6483, '1175030022', '1175030', 'KUALA KEUPENG', ''),
(6484, '1175030023', '1175030', 'SUAK JAMPAK', ''),
(6485, '1175040001', '1175040', 'PULO BELEN', ''),
(6486, '1175040002', '1175040', 'PULO KEDEP', ''),
(6487, '1175040003', '1175040', 'SUKA MAJU', ''),
(6488, '1175040004', '1175040', 'GUNUNG BAKTI', ''),
(6489, '1175040005', '1175040', 'JAMBI', ''),
(6490, '1175040006', '1175040', 'SINGGERSING', ''),
(6491, '1175040007', '1175040', 'CIPAR PARI', ''),
(6492, '1175040008', '1175040', 'NAMO BUAYA', ''),
(6493, '1175040009', '1175040', 'CIPAR PARI TIMUR', ''),
(6494, '1175040010', '1175040', 'LAE SIMOLAP', ''),
(6495, '1175040011', '1175040', 'DARUL MAKMUR', ''),
(6496, '1175040012', '1175040', 'PASIR BELO', ''),
(6497, '1175040013', '1175040', 'BAWAN', ''),
(6498, '1175040014', '1175040', 'SIGRUN', ''),
(6499, '1175040015', '1175040', 'LAE LANGGE', ''),
(6500, '1175040016', '1175040', 'JABI-JABI', ''),
(6501, '1175040017', '1175040', 'BUNGA TANJUNG', ''),
(6502, '1175040018', '1175040', 'JABI-JABI BARAT', ''),
(6503, '1175040019', '1175040', 'BATU NAPAL', ''),
(6504, '1175050001', '1175050', 'SEPANG', ''),
(6505, '1175050002', '1175050', 'LONGKIB', ''),
(6506, '1175050003', '1175050', 'PANJI', ''),
(6507, '1175050004', '1175050', 'DARUL AMAN', ''),
(6508, '1175050005', '1175050', 'BUKIT ALIM', ''),
(6509, '1175050006', '1175050', 'RANTAU PANJANG', ''),
(6510, '1175050007', '1175050', 'SIKERABANG', ''),
(6511, '1175050008', '1175050', 'BANGUN SARI', ''),
(6512, '1175050009', '1175050', 'LAE SAGA', ''),
(6513, '1175050010', '1175050', 'DARUSSALAM', ''),
(6514, '1201060015', '1201060', 'TETE GOENAAI', ''),
(6515, '1201060016', '1201060', 'LAOWO HILIMBARUZO', ''),
(6516, '1201060017', '1201060', 'HILILAWAE', ''),
(6517, '1201060018', '1201060', 'TUHEWAEBU', ''),
(6518, '1201060023', '1201060', 'SISOBAHILI IRAONOHURA', ''),
(6519, '1201060024', '1201060', 'HILIMOASIO', ''),
(6520, '1201060025', '1201060', 'OLADANO', ''),
(6521, '1201060026', '1201060', 'AHEDANO', ''),
(6522, '1201060027', '1201060', 'HILINAA TAFUO', ''),
(6523, '1201060028', '1201060', 'HILIONOZEGA', ''),
(6524, '1201060029', '1201060', 'MONDRALI', ''),
(6525, '1201060036', '1201060', 'AWONI LAUSO', ''),
(6526, '1201060037', '1201060', 'BOBOZIOLI LOLOANAA', ''),
(6527, '1201060038', '1201060', 'TETEHOSI', ''),
(6528, '1201060039', '1201060', 'SAIWAHILI HILIADULO', ''),
(6529, '1201060040', '1201060', 'MALIWAA', ''),
(6530, '1201060041', '1201060', 'BIOUTI', ''),
(6531, '1201060042', '1201060', 'BOZIHONA', ''),
(6532, '1201060043', '1201060', 'HILIMOASIO DUA', ''),
(6533, '1201060044', '1201060', 'HILIADULO', ''),
(6534, '1201060045', '1201060', 'ORAHILI ZUZUNDRAO', ''),
(6535, '1201060046', '1201060', 'TIGA SERANGKAI MALIWAA', ''),
(6536, '1201060047', '1201060', 'HILIGOGOWAYA MALIWAA', ''),
(6537, '1201060048', '1201060', 'LAIRA', ''),
(6538, '1201060049', '1201060', 'OTALUA', ''),
(6539, '1201060050', '1201060', 'BARUZO', ''),
(6540, '1201060051', '1201060', 'SANDRUTA', ''),
(6541, '1201060052', '1201060', 'BIOUTI TIMUR', ''),
(6542, '1201061001', '1201061', 'SIOFA BANUA', ''),
(6543, '1201061002', '1201061', 'SIFAOROASI ULUHOU', ''),
(6544, '1201061003', '1201061', 'GAZAMANU', ''),
(6545, '1201061004', '1201061', 'HILIGANOITA', ''),
(6546, '1201061005', '1201061', 'SISARAHILI BAWOLATO', ''),
(6547, '1201061006', '1201061', 'DAHANA', ''),
(6548, '1201061007', '1201061', 'HILIHORU', ''),
(6549, '1201061008', '1201061', 'HILIALAWA', ''),
(6550, '1201061009', '1201061', 'HILIWAROKHA', ''),
(6551, '1201061010', '1201061', 'HILIFAOSI', ''),
(6552, '1201061011', '1201061', 'SITOLUBANUA', ''),
(6553, '1201061012', '1201061', 'ORAHILI', ''),
(6554, '1201061013', '1201061', 'SIOFAEWALI', ''),
(6555, '1201061014', '1201061', 'SOHOYA', ''),
(6556, '1201061015', '1201061', 'TAGAULE', ''),
(6557, '1201061016', '1201061', 'BOTOHAENGA', ''),
(6558, '1201061017', '1201061', 'SINDRONDRO', ''),
(6559, '1201061018', '1201061', 'HILIHAO CUGALA', ''),
(6560, '1201061019', '1201061', 'SIOFAEWALI SELATAN', ''),
(6561, '1201061020', '1201061', 'LAGASIMAHE', ''),
(6562, '1201061021', '1201061', 'ORAHUA', ''),
(6563, '1201061022', '1201061', 'HOU', ''),
(6564, '1201061023', '1201061', 'BANUA SIBOHOU SILIMA EWALI', ''),
(6565, '1201061024', '1201061', 'BALALE TOBAA', ''),
(6566, '1201061025', '1201061', 'ORAHUA FAONDRATO', ''),
(6567, '1201062001', '1201062', 'ORAHILI', ''),
(6568, '1201062002', '1201062', 'HILIMBOWO', ''),
(6569, '1201062003', '1201062', 'FATODANO', ''),
(6570, '1201062004', '1201062', 'FAHANDRONA', ''),
(6571, '1201062005', '1201062', 'HILIBADALU', ''),
(6572, '1201062006', '1201062', 'HOLI', ''),
(6573, '1201062007', '1201062', 'SISOBAHILI ULUGAWO', ''),
(6574, '1201062008', '1201062', 'HILIWETOGELA', ''),
(6575, '1201062009', '1201062', 'LAWA-LAWA LUO', ''),
(6576, '1201062010', '1201062', 'SIFAOROASI ULUGAWO', ''),
(6577, '1201062011', '1201062', 'ONODALINGA', ''),
(6578, '1201062012', '1201062', 'MOHILI', ''),
(6579, '1201062013', '1201062', 'HILIGAFOA', ''),
(6580, '1201062014', '1201062', 'SISARAHILI SOROMAASI', ''),
(6581, '1201070006', '1201070', 'HILIOTALUA', ''),
(6582, '1201070008', '1201070', 'AKHELAUME', ''),
(6583, '1201070012', '1201070', 'TULOMBAHO SALOO', ''),
(6584, '1201070013', '1201070', 'OLINDRAWA SISARAHILI', ''),
(6585, '1201070014', '1201070', 'LASELA', ''),
(6586, '1201070016', '1201070', 'HILISEBUA', ''),
(6587, '1201070017', '1201070', 'SOMI', ''),
(6588, '1201070018', '1201070', 'SIRETE', ''),
(6589, '1201070019', '1201070', 'HILIWETO GIDO', ''),
(6590, '1201070020', '1201070', 'LOLOANAA GIDO', ''),
(6591, '1201070022', '1201070', 'SISOBAHILI', ''),
(6592, '1201070023', '1201070', 'LAHEMO', ''),
(6593, '1201070024', '1201070', 'LADEA', ''),
(6594, '1201070027', '1201070', 'UMBU', ''),
(6595, '1201070028', '1201070', 'SAEWE', ''),
(6596, '1201070029', '1201070', 'LOLOZASAI', ''),
(6597, '1201070030', '1201070', 'LASARA IDANOI', ''),
(6598, '1201070031', '1201070', 'LADEA ORAHUA', ''),
(6599, '1201070032', '1201070', 'NIFOLOO LAURU', ''),
(6600, '1201070033', '1201070', 'SOMI BOTOGOO', ''),
(6601, '1201070034', '1201070', 'HILIZOI', ''),
(6602, '1201071001', '1201071', 'TUHEMBUASI', ''),
(6603, '1201071002', '1201071', 'HILIBADALU', ''),
(6604, '1201071003', '1201071', 'LAURI', ''),
(6605, '1201071004', '1201071', 'HILIMBANA', ''),
(6606, '1201071005', '1201071', 'SAETAGARAMBA', ''),
(6607, '1201071006', '1201071', 'SOGAEADU', ''),
(6608, '1201071007', '1201071', 'BARUZO', ''),
(6609, '1201071008', '1201071', 'TULUMBAHO', ''),
(6610, '1201071009', '1201071', 'SIHAREO SOGAEADU', ''),
(6611, '1201071010', '1201071', 'WEA-WEA', ''),
(6612, '1201071011', '1201071', 'SISARAHILI SOGEADU', ''),
(6613, '1201081001', '1201081', 'BALODANO', ''),
(6614, '1201081002', '1201081', 'LEWUOGURU II', ''),
(6615, '1201081003', '1201081', 'SISARAHILI MA U', ''),
(6616, '1201081004', '1201081', 'SIHAREO III', ''),
(6617, '1201081005', '1201081', 'DEKHA', ''),
(6618, '1201081006', '1201081', 'LASARA SIWALUBANUA', ''),
(6619, '1201081007', '1201081', 'TUHEMBERUA', ''),
(6620, '1201081008', '1201081', 'ATUALUO', ''),
(6621, '1201081009', '1201081', 'LEWA - LEWA', ''),
(6622, '1201081010', '1201081', 'SIHAREO III BAWOSALOO BERUA', ''),
(6623, '1201081011', '1201081', 'SIHAREO III HILIBADALU', ''),
(6624, '1201082001', '1201082', 'SISOBAWINO I', ''),
(6625, '1201082002', '1201082', 'LEWUOMBANUA', ''),
(6626, '1201082003', '1201082', 'IODANO', ''),
(6627, '1201082004', '1201082', 'H U N O', ''),
(6628, '1201082005', '1201082', 'LEWUOGURU I', ''),
(6629, '1201082006', '1201082', 'SISARATANDRAWA', ''),
(6630, '1201082007', '1201082', 'SOMOLO-MOLO', ''),
(6631, '1201082008', '1201082', 'SIFAOROASI', ''),
(6632, '1201082009', '1201082', 'HILIGODU SOMOLO-MOLO', ''),
(6633, '1201082010', '1201082', 'HILIMBORODANO', ''),
(6634, '1201082011', '1201082', 'SOEWALI', ''),
(6635, '1201130020', '1201130', 'ONOZITOLI DULU', ''),
(6636, '1201130021', '1201130', 'SINARIKHI', ''),
(6637, '1201130022', '1201130', 'OMBOLATA SALOO', ''),
(6638, '1201130023', '1201130', 'SISOBALAURU', ''),
(6639, '1201130024', '1201130', 'TUHEGAFOA II', ''),
(6640, '1201130025', '1201130', 'ONONAMOLO I BOTOMUZOI', ''),
(6641, '1201130026', '1201130', 'FADORO LAURU', ''),
(6642, '1201130027', '1201130', 'D I M A', ''),
(6643, '1201130028', '1201130', 'MAZINGO TANOSEO', ''),
(6644, '1201130029', '1201130', 'SISOBAHILI I TANOSEO', ''),
(6645, '1201130030', '1201130', 'HILIGODU TANOSEO', ''),
(6646, '1201130031', '1201130', 'HILIDUHO', ''),
(6647, '1201130032', '1201130', 'LASARA TANOSEO', ''),
(6648, '1201130033', '1201130', 'ONOWAEMBO HILIGARA', ''),
(6649, '1201130034', '1201130', 'SILIMABANUA', ''),
(6650, '1201130035', '1201130', 'OMBOLATA SARAHILI', ''),
(6651, '1201131001', '1201131', 'FADORO HUNOGOA', ''),
(6652, '1201131002', '1201131', 'LOLOFAOSO LALAI', ''),
(6653, '1201131003', '1201131', 'FULOLO LALAI', ''),
(6654, '1201131004', '1201131', 'LALAI I / II', ''),
(6655, '1201131005', '1201131', 'LAWA LAWA', ''),
(6656, '1201131006', '1201131', 'LOLOWUA', ''),
(6657, '1201131007', '1201131', 'DAHADANO BOTOMBAWO', ''),
(6658, '1201131008', '1201131', 'FADORO LALAI', ''),
(6659, '1201131009', '1201131', 'LOLOWUA HILIWARASI', ''),
(6660, '1201131010', '1201131', 'HILIZIA LAURU', ''),
(6661, '1201131011', '1201131', 'LOLO FAOSO', ''),
(6662, '1201131012', '1201131', 'ONOMBONGI', ''),
(6663, '1201131013', '1201131', 'ORAHILI IDANOI', ''),
(6664, '1201131014', '1201131', 'AWELA', ''),
(6665, '1201131015', '1201131', 'EHOSAKHOZI', ''),
(6666, '1201132001', '1201132', 'ONONAMOLO TALAFU', ''),
(6667, '1201132002', '1201132', 'HILIGODU BOTOMUZOI', ''),
(6668, '1201132003', '1201132', 'LASARA BOTOMUZOI', ''),
(6669, '1201132004', '1201132', 'SIMANAERE BOTOMUZOI', ''),
(6670, '1201132005', '1201132', 'HILIWAELE II', ''),
(6671, '1201132006', '1201132', 'HILIHAMBAWA BOTOMUZOI', ''),
(6672, '1201132007', '1201132', 'HILIWAELE I', ''),
(6673, '1201132008', '1201132', 'HILIMBOWO BOTOMUZOI', ''),
(6674, '1201132009', '1201132', 'TUHEGAFOA I', ''),
(6675, '1201132010', '1201132', 'BALOHILI BOTOMUZOI', ''),
(6676, '1201132011', '1201132', 'LOLOANAA', ''),
(6677, '1201132012', '1201132', 'FULOLO BOTOMUZOI', ''),
(6678, '1201132013', '1201132', 'TETEHOSI BOTOMUZOI', ''),
(6679, '1201132014', '1201132', 'MOHILI BERUA BOTOMUZOI', ''),
(6680, '1201132015', '1201132', 'SISOBAHILI DOLA', ''),
(6681, '1201132016', '1201132', 'TALAFU', ''),
(6682, '1201132017', '1201132', 'BANUA SIBOHOU BOTOMUZOI', ''),
(6683, '1201132018', '1201132', 'OLANORI', ''),
(6684, '1202010001', '1202010', 'PULAU TAMANG', ''),
(6685, '1202010002', '1202010', 'PASAR BATAHAN', ''),
(6686, '1202010003', '1202010', 'BATAHAN I', ''),
(6687, '1202010004', '1202010', 'BANJAR AUR', ''),
(6688, '1202010005', '1202010', 'KAMPUNG KAPAS', ''),
(6689, '1202010006', '1202010', 'BATUSONDAT', ''),
(6690, '1202010007', '1202010', 'BINTUNGAN BEJANGKAR', ''),
(6691, '1202010010', '1202010', 'KUBANGAN TOMPEK', ''),
(6692, '1202010013', '1202010', 'PASAR BARU BATAHAN', ''),
(6693, '1202010014', '1202010', 'KUALA BATAHAN', ''),
(6694, '1202010015', '1202010', 'SARI KENANGA', ''),
(6695, '1202010016', '1202010', 'MUARA PERTEMUAN', ''),
(6696, '1202010019', '1202010', 'BATAHAN II', ''),
(6697, '1202010020', '1202010', 'BATAHAN III', ''),
(6698, '1202010021', '1202010', 'BATAHAN IV', ''),
(6699, '1202010022', '1202010', 'KAMPUNG KAPAS I', ''),
(6700, '1202010024', '1202010', 'SINUNUKAN VI', ''),
(6701, '1202010027', '1202010', 'KUBANGAN PANDAN SARI', ''),
(6702, '1202011001', '1202011', 'SINUNUKAN IV', ''),
(6703, '1202011002', '1202011', 'SINUNUKAN II', ''),
(6704, '1202011003', '1202011', 'SINUNUKAN I', ''),
(6705, '1202011004', '1202011', 'SINUNUKAN III', ''),
(6706, '1202011005', '1202011', 'BANJAR AUR UTARA', ''),
(6707, '1202011006', '1202011', 'BINTUNGAN BEJANGKAR BARU', ''),
(6708, '1202011007', '1202011', 'KAMPUNG KAPAS II', ''),
(6709, '1202011008', '1202011', 'PASIR PUTIH', ''),
(6710, '1202011009', '1202011', 'SUKA DAMAI', ''),
(6711, '1202011010', '1202011', 'WIDO DAREN', ''),
(6712, '1202011011', '1202011', 'WONO SARI', ''),
(6713, '1202011012', '1202011', 'SINUNUKAN I CENTRAL', ''),
(6714, '1202011013', '1202011', 'SIDOMAKMUR', ''),
(6715, '1202011014', '1202011', 'AIRAPA', ''),
(6716, '1202020010', '1202020', 'AEK NABARA', ''),
(6717, '1202020027', '1202020', 'AMPUNG SIALA', ''),
(6718, '1202020028', '1202020', 'MUARA PARLAMPUNGAN', ''),
(6719, '1202020029', '1202020', 'BANJAR MALAYU', ''),
(6720, '1202020030', '1202020', 'MUARA SOMA', ''),
(6721, '1202020031', '1202020', 'AMPUNG PADANG', ''),
(6722, '1202020032', '1202020', 'SIPOGU', ''),
(6723, '1202020033', '1202020', 'TOMBANG KALUANG', ''),
(6724, '1202020034', '1202020', 'BANGKELANG', ''),
(6725, '1202020035', '1202020', 'AEK NANGALI', ''),
(6726, '1202020036', '1202020', 'RAO-RAO', ''),
(6727, '1202020037', '1202020', 'AEK GUO', ''),
(6728, '1202020038', '1202020', 'TARLOLA', ''),
(6729, '1202020039', '1202020', 'AMPUNG JULU', ''),
(6730, '1202020040', '1202020', 'SOPO TINJAK', ''),
(6731, '1202020041', '1202020', 'BATU MADINDING', ''),
(6732, '1202020042', '1202020', 'RANTOBI', ''),
(6733, '1202020043', '1202020', 'HADANGKAHAN', ''),
(6734, '1202020044', '1202020', 'AEK MANGGIS', ''),
(6735, '1202020045', '1202020', 'GUO BATU', ''),
(6736, '1202020046', '1202020', 'SIMANGUNTONG', ''),
(6737, '1202020047', '1202020', 'AEK HOLBUNG', ''),
(6738, '1202020048', '1202020', 'HATUPANGAN', ''),
(6739, '1202020049', '1202020', 'BULU SOMA', ''),
(6740, '1202020050', '1202020', 'JAMBUR BARU', ''),
(6741, '1202020051', '1202020', 'LUBUK BONDAR PANJANG', ''),
(6742, '1202020052', '1202020', 'TOR NAINCAT', ''),
(6743, '1202020053', '1202020', 'AEK BARU JAE', ''),
(6744, '1202020054', '1202020', 'AEK BARU JULU', ''),
(6745, '1202020055', '1202020', 'HUTA LOBU', ''),
(6746, '1202020056', '1202020', 'LUBUK SAMBOA', ''),
(6747, '1202021001', '1202021', 'TAPUS', ''),
(6748, '1202021002', '1202021', 'SIMPANG DURIAN', ''),
(6749, '1202021014', '1202021', 'SIMPANG BAJOLE', ''),
(6750, '1202021015', '1202021', 'BANDAR LIMABUNG', ''),
(6751, '1202021016', '1202021', 'AEK MANYURUK', ''),
(6752, '1202021017', '1202021', 'SIMPANG DUKU', ''),
(6753, '1202021018', '1202021', 'SIMPANG KOJE', ''),
(6754, '1202021019', '1202021', 'PANGKALAN', ''),
(6755, '1202021020', '1202021', 'LANCAT', ''),
(6756, '1202021021', '1202021', 'SIKUMBU', ''),
(6757, '1202021022', '1202021', 'AEK GARINGGING', ''),
(6758, '1202021023', '1202021', 'PERK. SIMPANG GAMBIR', ''),
(6759, '1202021024', '1202021', 'SIMPANG GAMBIR', ''),
(6760, '1202021025', '1202021', 'LOBUNG', ''),
(6761, '1202021027', '1202021', 'KAMPUNG BARU', ''),
(6762, '1202021029', '1202021', 'BONCA BAYUON', ''),
(6763, '1202021030', '1202021', 'DALAN LIDANG', ''),
(6764, '1202021031', '1202021', 'PARBATASAN', ''),
(6765, '1202021032', '1202021', 'TANGSI ATAS', ''),
(6766, '1202022001', '1202022', 'SAMPURAN', ''),
(6767, '1202022002', '1202022', 'TANDIKEK', ''),
(6768, '1202022003', '1202022', 'GONTING', ''),
(6769, '1202022004', '1202022', 'BANGUN SAROHA', ''),
(6770, '1202022005', '1202022', 'SIMANINGGIR', ''),
(6771, '1202022006', '1202022', 'BANJAR MAGA', ''),
(6772, '1202022007', '1202022', 'RANTO NALINJANG', ''),
(6773, '1202022008', '1202022', 'SIMPANG TALAP', ''),
(6774, '1202022009', '1202022', 'MANISAK', ''),
(6775, '1202022010', '1202022', 'HUTA RAJA', ''),
(6776, '1202022011', '1202022', 'MUARA BANGKO', ''),
(6777, '1202022012', '1202022', 'HUTA BARINGIN', ''),
(6778, '1202022013', '1202022', 'RANTO PANJANG', ''),
(6779, '1202022014', '1202022', 'DUA SEPAKAT', ''),
(6780, '1202022015', '1202022', 'HUTA NAULI', ''),
(6781, '1202022016', '1202022', 'PADANGSILOJONGAN', ''),
(6782, '1202022017', '1202022', 'LUBUK KANCAH', ''),
(6783, '1202022018', '1202022', 'GUNUNG GODANG', ''),
(6784, '1202030004', '1202030', 'TOBANG', ''),
(6785, '1202030005', '1202030', 'BOTUNG', ''),
(6786, '1202030010', '1202030', 'MUARA BOTUNG', ''),
(6787, '1202030014', '1202030', 'HUTARIMBARU SM', ''),
(6788, '1202030015', '1202030', 'HUTA PUNGKUT JULU', ''),
(6789, '1202030016', '1202030', 'HUTA PUNGKUT TONGA', ''),
(6790, '1202030017', '1202030', 'USOR TOLANG', ''),
(6791, '1202030018', '1202030', 'HUTA PUNGKUT JAE', ''),
(6792, '1202030019', '1202030', 'TAMIANG', ''),
(6793, '1202030020', '1202030', 'PATIALO', ''),
(6794, '1202030021', '1202030', 'HUTA DANGKA', ''),
(6795, '1202030022', '1202030', 'MUARA PUNGKUT', ''),
(6796, '1202030023', '1202030', 'MANAMBIN', ''),
(6797, '1202030025', '1202030', 'PAGAR GUNUNG', ''),
(6798, '1202030026', '1202030', 'BATAHAN', ''),
(6799, '1202030027', '1202030', 'SIBIO-BIO', ''),
(6800, '1202030028', '1202030', 'UJUNG MARISI', ''),
(6801, '1202030029', '1202030', 'GUNUNG TUA MS', ''),
(6802, '1202030030', '1202030', 'PADANG BULAN', ''),
(6803, '1202030031', '1202030', 'MUARA SIAMBAK', ''),
(6804, '1202030032', '1202030', 'SIMANDOLAM', ''),
(6805, '1202030033', '1202030', 'MUARAPOTAN', ''),
(6806, '1202030035', '1202030', 'TOMBANG BUSTAK', ''),
(6807, '1202030036', '1202030', 'HUTA BARINGIN TB', ''),
(6808, '1202030037', '1202030', 'GADING BAIN', ''),
(6809, '1202030038', '1202030', 'SIMPANG TOLANG JULU', ''),
(6810, '1202030039', '1202030', 'HUTA PULI', ''),
(6811, '1202030040', '1202030', 'SOPO SORIK', ''),
(6812, '1202030045', '1202030', 'SIMPANG TOLANG JAE', ''),
(6813, '1202030046', '1202030', 'SAYUR MAINCAT', ''),
(6814, '1202030047', '1202030', 'PASAR KOTANOPAN', ''),
(6815, '1202030048', '1202030', 'SINGENGU JULU', ''),
(6816, '1202030049', '1202030', 'SINGENGU JAE', ''),
(6817, '1202030050', '1202030', 'HUTA PADANG SM', ''),
(6818, '1202030051', '1202030', 'GUNUNG TUA SM', ''),
(6819, '1202030052', '1202030', 'SABA DOLOK', ''),
(6820, '1202031001', '1202031', 'SIMPANG BANYAK JULU', ''),
(6821, '1202031002', '1202031', 'SIMPANG BANYAK JAE', ''),
(6822, '1202031003', '1202031', 'HABINCARAN', ''),
(6823, '1202031004', '1202031', 'HUTA PADANG UP', ''),
(6824, '1202031005', '1202031', 'HUTA GODANG', ''),
(6825, '1202031006', '1202031', 'ALAHAN KAE', ''),
(6826, '1202031007', '1202031', 'PATAHAJANG', ''),
(6827, '1202031008', '1202031', 'TOLANG', ''),
(6828, '1202031009', '1202031', 'HUTARIMBARU UP', ''),
(6829, '1202031010', '1202031', 'SIMPANG DUHU LOMBANG', ''),
(6830, '1202031011', '1202031', 'SIMPANG DUHU DOLOK', ''),
(6831, '1202031012', '1202031', 'SIMPANG PINING', ''),
(6832, '1202031013', '1202031', 'MUARA SALADI', ''),
(6833, '1202032001', '1202032', 'PASTAP JULU', ''),
(6834, '1202032002', '1202032', 'PASTAP', ''),
(6835, '1202032011', '1202032', 'LARU DOLOK', ''),
(6836, '1202032012', '1202032', 'HUTA TONGA AB', ''),
(6837, '1202032013', '1202032', 'MUARA MAIS', ''),
(6838, '1202032014', '1202032', 'PADANG SANGGAR', ''),
(6839, '1202032015', '1202032', 'ANGIN BARAT', ''),
(6840, '1202032016', '1202032', 'MUARA MAIS JAMBUR', ''),
(6841, '1202032017', '1202032', 'LARU BARINGIN', ''),
(6842, '1202032018', '1202032', 'LARU BOLAK', ''),
(6843, '1202032019', '1202032', 'PASAR LARU', ''),
(6844, '1202032020', '1202032', 'LARU LOMBANG', ''),
(6845, '1202032021', '1202032', 'TAMBANGAN JAE', ''),
(6846, '1202032022', '1202032', 'LUMBAN PASIR', ''),
(6847, '1202032023', '1202032', 'TAMBANGAN TONGA', ''),
(6848, '1202032024', '1202032', 'TAMBANGAN PASOMAN', ''),
(6849, '1202032025', '1202032', 'RAO-RAO DOLOK', ''),
(6850, '1202032026', '1202032', 'RAO-RAO LOMBANG', ''),
(6851, '1202032027', '1202032', 'PANJARINGAN', ''),
(6852, '1202032028', '1202032', 'SIMANGAMBAT TB', ''),
(6853, '1202033001', '1202033', 'PURBA BARU', ''),
(6854, '1202033002', '1202033', 'SIANTONA', ''),
(6855, '1202033003', '1202033', 'PURBA LAMO', ''),
(6856, '1202033004', '1202033', 'BANGUN PURBA', ''),
(6857, '1202033005', '1202033', 'AEK MARIAN MG', ''),
(6858, '1202033006', '1202033', 'PASAR MAGA', ''),
(6859, '1202033007', '1202033', 'MAGA DOLOK', ''),
(6860, '1202033008', '1202033', 'MAGA LOMBANG', ''),
(6861, '1202033009', '1202033', 'PANGKAT', ''),
(6862, '1202034001', '1202034', 'HUTA TINGGI', ''),
(6863, '1202034002', '1202034', 'HUTANAMALE', ''),
(6864, '1202034003', '1202034', 'HUTA BARINGIN', ''),
(6865, '1202034004', '1202034', 'SIBANGGOR JULU', ''),
(6866, '1202034005', '1202034', 'SIBANGGOR JAE', ''),
(6867, '1202034006', '1202034', 'PURBA JULU', ''),
(6868, '1202034007', '1202034', 'SIBANGGOR TONGA', ''),
(6869, '1202034008', '1202034', 'HUTA LOMBANG', ''),
(6870, '1202034009', '1202034', 'HUTA BARU', ''),
(6871, '1202034010', '1202034', 'HANDEL', ''),
(6872, '1202034011', '1202034', 'HUTA BARINGIN JULU', ''),
(6873, '1202040008', '1202040', 'RANJO BATU', ''),
(6874, '1202040009', '1202040', 'KAMPUNG PINANG', ''),
(6875, '1202040011', '1202040', 'SIMPANG MANDEPO', ''),
(6876, '1202040012', '1202040', 'BANDAR PANJANG', ''),
(6877, '1202040013', '1202040', 'PASAR MUARA SIPONGI', ''),
(6878, '1202040014', '1202040', 'SIBINAIL', ''),
(6879, '1202040015', '1202040', 'KOTO BARINGIN', ''),
(6880, '1202040016', '1202040', 'TANJUNG ALAI', ''),
(6881, '1202040017', '1202040', 'LIMAU MANIS', ''),
(6882, '1202040018', '1202040', 'BANDAR PANJANG TUO', ''),
(6883, '1202040019', '1202040', 'TAMIANG MUDO', ''),
(6884, '1202040020', '1202040', 'TANJUNG MEDAN', ''),
(6885, '1202040021', '1202040', 'AEK BOTUNG', ''),
(6886, '1202040022', '1202040', 'KOTO BORU', ''),
(6887, '1202040023', '1202040', 'MUARA KUMPULAN', ''),
(6888, '1202040024', '1202040', 'TANJUNG LARANGAN', ''),
(6889, '1202041001', '1202041', 'HUTA JULU', ''),
(6890, '1202041002', '1202041', 'HUTA PADANG', ''),
(6891, '1202041003', '1202041', 'HUTA TORAS', ''),
(6892, '1202041004', '1202041', 'PAKANTAN LOMBANG', ''),
(6893, '1202041005', '1202041', 'HUTA LANCAT', ''),
(6894, '1202041006', '1202041', 'PAKANTAN DOLOK', ''),
(6895, '1202041007', '1202041', 'SILOGUN', ''),
(6896, '1202041008', '1202041', 'HUTA GAMBIR', ''),
(6897, '1202050007', '1202050', 'AEK BANIR', ''),
(6898, '1202050018', '1202050', 'SIPAGA - PAGA', ''),
(6899, '1202050019', '1202050', 'PARBANGUNAN', ''),
(6900, '1202050028', '1202050', 'PIDOLI LOMBANG', ''),
(6901, '1202050029', '1202050', 'PIDOLI DOLOK', ''),
(6902, '1202050030', '1202050', 'DARUSSALAM', ''),
(6903, '1202050031', '1202050', 'SIOBON JULU', ''),
(6904, '1202050032', '1202050', 'KOTA SIANTAR', ''),
(6905, '1202050033', '1202050', 'PANYABUNGAN II', ''),
(6906, '1202050034', '1202050', 'PANYABUNGAN III', ''),
(6907, '1202050035', '1202050', 'PANYABUNGAN I', ''),
(6908, '1202050036', '1202050', 'PASAR HILIR', ''),
(6909, '1202050037', '1202050', 'PANYABUNGAN JULU', ''),
(6910, '1202050038', '1202050', 'PANYABUNGAN TONGA', ''),
(6911, '1202050039', '1202050', 'PANYABUNGAN JAE', ''),
(6912, '1202050040', '1202050', 'ADIAN JIOR', ''),
(6913, '1202050044', '1202050', 'GUNUNG MANAON', ''),
(6914, '1202050045', '1202050', 'KAYU JATI', ''),
(6915, '1202050046', '1202050', 'SIGALAPANG JULU', ''),
(6916, '1202050047', '1202050', 'KAMPUNG PADANG', ''),
(6917, '1202050048', '1202050', 'IPAR BONDAR', ''),
(6918, '1202050049', '1202050', 'GUNUNG TUA JAE', ''),
(6919, '1202050050', '1202050', 'MANYABAR', ''),
(6920, '1202050051', '1202050', 'SARAK MATUA', ''),
(6921, '1202050052', '1202050', 'GUNUNG BARANI', ''),
(6922, '1202050062', '1202050', 'SALAMBUE', ''),
(6923, '1202050063', '1202050', 'AEK MATA', ''),
(6924, '1202050064', '1202050', 'HUTA LOMBANG LUBIS', ''),
(6925, '1202050065', '1202050', 'PAGARAN TONGA', ''),
(6926, '1202050066', '1202050', 'SOPO BATU', ''),
(6927, '1202050067', '1202050', 'GUNUNG TUA JULU', ''),
(6928, '1202050068', '1202050', 'GUNUNG TUA TONGA', ''),
(6929, '1202050069', '1202050', 'LUMBAN PASIR', ''),
(6930, '1202050070', '1202050', 'DALAN LIDANG', ''),
(6931, '1202050071', '1202050', 'SIOBON JAE', ''),
(6932, '1202050072', '1202050', 'SIPOLU POLU', ''),
(6933, '1202050073', '1202050', 'SABA JAMBU', ''),
(6934, '1202050074', '1202050', 'PANGGORENGAN', ''),
(6935, '1202050075', '1202050', 'MANYABAR JAE', ''),
(6936, '1202051001', '1202051', 'HAYU RAJA', ''),
(6937, '1202051002', '1202051', 'KAYU LAUT', ''),
(6938, '1202051003', '1202051', 'TANO BATO', ''),
(6939, '1202051004', '1202051', 'ROBURAN LOMBANG', ''),
(6940, '1202051005', '1202051', 'ROBURAN DOLOK', ''),
(6941, '1202051006', '1202051', 'LUMBAN DOLOK', ''),
(6942, '1202051007', '1202051', 'HUTA RAJA', ''),
(6943, '1202051008', '1202051', 'HUTAIMBARU', ''),
(6944, '1202051009', '1202051', 'AEK NGALI', ''),
(6945, '1202051010', '1202051', 'HUTA JULU', ''),
(6946, '1202051011', '1202051', 'PAGARAN GALA-GALA', ''),
(6947, '1202052001', '1202052', 'LONGAT', ''),
(6948, '1202052002', '1202052', 'SIRAMBAS', ''),
(6949, '1202052003', '1202052', 'SABAJIOR', ''),
(6950, '1202052004', '1202052', 'HUTABARINGIN', ''),
(6951, '1202052005', '1202052', 'BATANG GADIS', ''),
(6952, '1202052006', '1202052', 'BARBARAN', ''),
(6953, '1202052007', '1202052', 'HUTA TONGA BARBARAN', ''),
(6954, '1202052008', '1202052', 'RUNDING', ''),
(6955, '1202052009', '1202052', 'BARBARAN JAE', ''),
(6956, '1202052010', '1202052', 'BATANG GADIS JAE', ''),
(6957, '1202053005', '1202053', 'BARINGIN JAYA', ''),
(6958, '1202053006', '1202053', 'SIMANONDONG', ''),
(6959, '1202053007', '1202053', 'RUMBIO', ''),
(6960, '1202053008', '1202053', 'MOMPANG JULU', ''),
(6961, '1202053009', '1202053', 'MOMPANG JAE', ''),
(6962, '1202053010', '1202053', 'HUTA DAMAI', ''),
(6963, '1202053011', '1202053', 'SUKA RAMAI', ''),
(6964, '1202053012', '1202053', 'JAMBUR PADANG MATINGGI', ''),
(6965, '1202053017', '1202053', 'SOPO SORIK', ''),
(6966, '1202053018', '1202053', 'TANJUNG MOMPANG', ''),
(6967, '1202053019', '1202053', 'TOR BANUA RAJA', ''),
(6968, '1202053020', '1202053', 'KAMPUNG BARU', ''),
(6969, '1202054001', '1202054', 'TEBING TINGGI', ''),
(6970, '1202054002', '1202054', 'HUTA RIMBARU', ''),
(6971, '1202054003', '1202054', 'GUNUNG BARINGIN', ''),
(6972, '1202054004', '1202054', 'TANJUNG', ''),
(6973, '1202054005', '1202054', 'AEK NABARA', ''),
(6974, '1202054006', '1202054', 'PAGUR', ''),
(6975, '1202054007', '1202054', 'RANTO NATAS', ''),
(6976, '1202054008', '1202054', 'PARDOMUAN', ''),
(6977, '1202054009', '1202054', 'SIRANGKAP', ''),
(6978, '1202054010', '1202054', 'HUTA TINGGI', ''),
(6979, '1202054011', '1202054', 'HUTA BANGUN', ''),
(6980, '1202054012', '1202054', 'PARMOMPANG', ''),
(6981, '1202054013', '1202054', 'TANJUNG JULU', ''),
(6982, '1202054014', '1202054', 'BANJAR LANCAT', ''),
(6983, '1202054015', '1202054', 'PADANG LARU', '');
INSERT INTO `Village` (`idVillage`, `VillageCode`, `DistrictCode`, `VillageNameID`, `VillageNameEN`) VALUES
(6984, '1202055001', '1202055', 'HUTA BARGOT DOLOK', ''),
(6985, '1202055002', '1202055', 'HUTA BARGOT NAULI', ''),
(6986, '1202055003', '1202055', 'PASAR HUTA BARGOT', ''),
(6987, '1202055004', '1202055', 'BANGUN SEJATI', ''),
(6988, '1202055005', '1202055', 'HUTA BARGOT LOMBANG', ''),
(6989, '1202055006', '1202055', 'HUTA BARGOT SETIA', ''),
(6990, '1202055007', '1202055', 'MONDAN', ''),
(6991, '1202055008', '1202055', 'SAYUR MAINCAT', ''),
(6992, '1202055009', '1202055', 'SIMALAGI', ''),
(6993, '1202055010', '1202055', 'HUTARIMBARU', ''),
(6994, '1202055011', '1202055', 'KUMPULAN SETIA', ''),
(6995, '1202055012', '1202055', 'HUTANAINGKAN', ''),
(6996, '1202055013', '1202055', 'BINANGA', ''),
(6997, '1202055014', '1202055', 'SABA PADANG', ''),
(6998, '1202060001', '1202060', 'PARDAMEAN BARU', ''),
(6999, '1202060002', '1202060', 'PATILUBAN MUDIK', ''),
(7000, '1202060003', '1202060', 'KAMPUNG SAWAH', ''),
(7001, '1202060004', '1202060', 'PASAR V NATAL', ''),
(7002, '1202060005', '1202060', 'PASAR II NATAL', ''),
(7003, '1202060006', '1202060', 'PASAR I NATAL', ''),
(7004, '1202060007', '1202060', 'SETIA KARYA', ''),
(7005, '1202060008', '1202060', 'PATILUBAN HILIR', ''),
(7006, '1202060009', '1202060', 'TEGAL SARI', ''),
(7007, '1202060010', '1202060', 'PERKEBUNAN PATILUBAN', ''),
(7008, '1202060011', '1202060', 'SIKARA KARA I', ''),
(7009, '1202060012', '1202060', 'SIKARA KARA II', ''),
(7010, '1202060013', '1202060', 'PANGGAUTAN', ''),
(7011, '1202060014', '1202060', 'TALUK', ''),
(7012, '1202060015', '1202060', 'SIKARA KARA', ''),
(7013, '1202060016', '1202060', 'BUBURAN', ''),
(7014, '1202060017', '1202060', 'SIKARA KARA III', ''),
(7015, '1202060018', '1202060', 'BINTUAS', ''),
(7016, '1202060019', '1202060', 'SUNDUTAN TIGO', ''),
(7017, '1202060020', '1202060', 'SIKARA KARA IV', ''),
(7018, '1202060021', '1202060', 'BALIMBING', ''),
(7019, '1202060022', '1202060', 'PASAR III NATAL', ''),
(7020, '1202060023', '1202060', 'BONDAKASE', ''),
(7021, '1202060024', '1202060', 'TUNAS KARYA', ''),
(7022, '1202060025', '1202060', 'RUKUN JAYA', ''),
(7023, '1202060026', '1202060', 'SINUNUKAN V', ''),
(7024, '1202060027', '1202060', 'SUKA MAJU', ''),
(7025, '1202060028', '1202060', 'SASARAN', ''),
(7026, '1202060029', '1202060', 'PASAR VI NATAL', ''),
(7027, '1202060030', '1202060', 'KUN-KUN', ''),
(7028, '1202070001', '1202070', 'RANTAU PANJANG', ''),
(7029, '1202070002', '1202070', 'MANUNCANG', ''),
(7030, '1202070003', '1202070', 'LUBUK KAPUNDUNG', ''),
(7031, '1202070004', '1202070', 'HUTAIMBARU', ''),
(7032, '1202070005', '1202070', 'PANUNGGULAN', ''),
(7033, '1202070006', '1202070', 'TABUYUNG', ''),
(7034, '1202070007', '1202070', 'PASAR II SINGKUANG', ''),
(7035, '1202070008', '1202070', 'PASAR I SINGKUANG', ''),
(7036, '1202070009', '1202070', 'SIKAPAS', ''),
(7037, '1202070010', '1202070', 'BATU MUNDOM', ''),
(7038, '1202070011', '1202070', 'TAGILANG JULU', ''),
(7039, '1202070012', '1202070', 'SALI BARU', ''),
(7040, '1202070013', '1202070', 'SUKA MAJU', ''),
(7041, '1202070014', '1202070', 'LUBUK KAPUNDUNG II', ''),
(7042, '1202070015', '1202070', 'UPT TABUYUNG', ''),
(7043, '1202070016', '1202070', 'UPT SINGKUANG II', ''),
(7044, '1202070017', '1202070', 'UPT SINGKUANG I', ''),
(7045, '1202080010', '1202080', 'PINTU PADANG JULU', ''),
(7046, '1202080011', '1202080', 'HUTA BARINGIN', ''),
(7047, '1202080012', '1202080', 'PINTU PADANG JAE', ''),
(7048, '1202080013', '1202080', 'SINONOAN', ''),
(7049, '1202080014', '1202080', 'AEK MUAL', ''),
(7050, '1202080015', '1202080', 'LUMBAN DOLOK', ''),
(7051, '1202080016', '1202080', 'TANGGA BOSI I', ''),
(7052, '1202080017', '1202080', 'HUTA GODANG MUDA', ''),
(7053, '1202080020', '1202080', 'MUARA BATANG ANGKOLA', ''),
(7054, '1202080021', '1202080', 'HURABA I', ''),
(7055, '1202080022', '1202080', 'SIMANINGGIR', ''),
(7056, '1202080023', '1202080', 'SIABU', ''),
(7057, '1202080024', '1202080', 'BONAN DOLOK', ''),
(7058, '1202080025', '1202080', 'LUMBAN PINASA', ''),
(7059, '1202080026', '1202080', 'SIMANGAMBAT', ''),
(7060, '1202080027', '1202080', 'HUTA PULI', ''),
(7061, '1202080028', '1202080', 'HUTA RAJA', ''),
(7062, '1202080029', '1202080', 'SIBARUANG', ''),
(7063, '1202080030', '1202080', 'SIHEPENG', ''),
(7064, '1202080031', '1202080', 'TANJUNG SIALANG', ''),
(7065, '1202080032', '1202080', 'TANGGA BOSI II', ''),
(7066, '1202080033', '1202080', 'TANGGA BOSI III', ''),
(7067, '1202080034', '1202080', 'HURABA II', ''),
(7068, '1202080036', '1202080', 'SIHEPENG SADA', ''),
(7069, '1202080037', '1202080', 'SIHEPENG DUA', ''),
(7070, '1202080038', '1202080', 'SIHEPENG TOLU', ''),
(7071, '1202080039', '1202080', 'SIHEPENG OPAT', ''),
(7072, '1202080040', '1202080', 'SIHEPENG LIMA', ''),
(7073, '1202081006', '1202081', 'JANJI MATOGU', ''),
(7074, '1202081007', '1202081', 'MALINTANG JULU', ''),
(7075, '1202081008', '1202081', 'MALINTANG JAE', ''),
(7076, '1202081009', '1202081', 'SIDOJADI', ''),
(7077, '1202081010', '1202081', 'BANGE', ''),
(7078, '1202081011', '1202081', 'HUTA BANGUN', ''),
(7079, '1202081012', '1202081', 'PASAR BARU MALINTANG', ''),
(7080, '1202081013', '1202081', 'MALINTANG', ''),
(7081, '1202081014', '1202081', 'LAMBOU DARUL IHSAN', ''),
(7082, '1202081015', '1202081', 'BANGE NAULI', ''),
(7083, '1202081016', '1202081', 'HUTA BANGUN JAE', ''),
(7084, '1202082001', '1202082', 'BANUA RAKYAT', ''),
(7085, '1202082002', '1202082', 'HUMBANG I', ''),
(7086, '1202082003', '1202082', 'SAYUR MATUA', ''),
(7087, '1202082004', '1202082', 'TARUTUNG PANJANG', ''),
(7088, '1202082005', '1202082', 'TAMBISKI', ''),
(7089, '1202082006', '1202082', 'SIMANOSOR', ''),
(7090, '1202082007', '1202082', 'TAMBISKI NAULI', ''),
(7091, '1203010056', '1203010', 'SORIK', ''),
(7092, '1203010057', '1203010', 'PADANG KAHOMBU', ''),
(7093, '1203010058', '1203010', 'HUTA PADANG', ''),
(7094, '1203010059', '1203010', 'SORI MADINGIN PP', ''),
(7095, '1203010061', '1203010', 'HURASE', ''),
(7096, '1203010069', '1203010', 'SIGULANG LOSUNG', ''),
(7097, '1203010075', '1203010', 'PASAR LAMA', ''),
(7098, '1203010076', '1203010', 'SIGALANGAN', ''),
(7099, '1203010079', '1203010', 'JANJI MANAON', ''),
(7100, '1203010081', '1203010', 'BARGOT TOPONG', ''),
(7101, '1203010083', '1203010', 'SIDADI II', ''),
(7102, '1203010084', '1203010', 'SIDADI I', ''),
(7103, '1203010087', '1203010', 'JANJI MAULI MT', ''),
(7104, '1203010088', '1203010', 'MUARA TAIS III', ''),
(7105, '1203010090', '1203010', 'PARGUMBANGAN', ''),
(7106, '1203010094', '1203010', 'PANGARIBUAN', ''),
(7107, '1203010099', '1203010', 'AEK NAULI', ''),
(7108, '1203010106', '1203010', 'MUARA TAIS I', ''),
(7109, '1203010107', '1203010', 'BINTUJU', ''),
(7110, '1203010108', '1203010', 'HUTA HOLBUNG', ''),
(7111, '1203010109', '1203010', 'MUARA TAIS II', ''),
(7112, '1203010110', '1203010', 'BASILAM BARU', ''),
(7113, '1203010111', '1203010', 'SIPANGKO', ''),
(7114, '1203010114', '1203010', 'BENTENG HURABA', ''),
(7115, '1203010115', '1203010', 'KELURAHAN PINTU PADANG I', ''),
(7116, '1203010116', '1203010', 'KELURAHAN PINTU PADANG II', ''),
(7117, '1203010117', '1203010', 'BANGUN PURBA', ''),
(7118, '1203010118', '1203010', 'SITAMPA', ''),
(7119, '1203010119', '1203010', 'PASIR MATOGU', ''),
(7120, '1203010120', '1203010', 'SIBULELE MUARA', ''),
(7121, '1203010121', '1203010', 'AEK GUNUNG', ''),
(7122, '1203010122', '1203010', 'SORIMANAON', ''),
(7123, '1203010123', '1203010', 'TATENGGER', ''),
(7124, '1203010124', '1203010', 'MUARA PURBA NAULI', ''),
(7125, '1203010125', '1203010', 'HUTA TONGA', ''),
(7126, '1203010126', '1203010', 'TAHALAK UJUNG GADING', ''),
(7127, '1203011031', '1203011', 'HUTA PARDOMUAN', ''),
(7128, '1203011032', '1203011', 'AEK BADAK JULU', ''),
(7129, '1203011033', '1203011', 'AEK BADAK JAE', ''),
(7130, '1203011038', '1203011', 'AEK LIBUNG', ''),
(7131, '1203011043', '1203011', 'BULU GADING', ''),
(7132, '1203011044', '1203011', 'BANGE', ''),
(7133, '1203011047', '1203011', 'TOLANG JAE', ''),
(7134, '1203011048', '1203011', 'MONDANG', ''),
(7135, '1203011049', '1203011', 'JANJI MAULI BARINGIN', ''),
(7136, '1203011050', '1203011', 'TOLANG JULU', ''),
(7137, '1203011051', '1203011', 'SIPANGE GODANG', ''),
(7138, '1203011052', '1203011', 'SIPANGE JULU', ''),
(7139, '1203011053', '1203011', 'SIALANG', ''),
(7140, '1203011058', '1203011', 'SOMANGGAL PARMONANGAN', ''),
(7141, '1203011059', '1203011', 'LUMBAN HUAYAN', ''),
(7142, '1203011060', '1203011', 'SAYUR MATINGGI', ''),
(7143, '1203011061', '1203011', 'SILAIYA', ''),
(7144, '1203011062', '1203011', 'SILAIYA TANJUNG LEUK', ''),
(7145, '1203011063', '1203011', 'SIPANGE SIUNJAM', ''),
(7146, '1203012001', '1203012', 'SIMANINGGIR', ''),
(7147, '1203012002', '1203012', 'KOTA TUA', ''),
(7148, '1203012003', '1203012', 'HAREAN', ''),
(7149, '1203012004', '1203012', 'LUMBAN RATUS', ''),
(7150, '1203012005', '1203012', 'SISOMA', ''),
(7151, '1203012006', '1203012', 'INGUL JAE', ''),
(7152, '1203012007', '1203012', 'LUMBAN JABI-JABI', ''),
(7153, '1203012008', '1203012', 'PURBATUA', ''),
(7154, '1203012009', '1203012', 'HUTARAJA', ''),
(7155, '1203012010', '1203012', 'PANABARI HUTA TONGA', ''),
(7156, '1203012011', '1203012', 'SITUMBA', ''),
(7157, '1203012012', '1203012', 'BATU HORPAK', ''),
(7158, '1203012013', '1203012', 'AEK KAHOMBU', ''),
(7159, '1203012014', '1203012', 'TANJUNG MEDAN', ''),
(7160, '1203012015', '1203012', 'AEK PARUPUK', ''),
(7161, '1203012016', '1203012', 'PANINDOAN', ''),
(7162, '1203012017', '1203012', 'AEK UNCIM', ''),
(7163, '1203070051', '1203070', 'PARGARUTAN JAE', ''),
(7164, '1203070054', '1203070', 'SIJUNGKANG', ''),
(7165, '1203070058', '1203070', 'HURABA', ''),
(7166, '1203070060', '1203070', 'HUTA GINJANG', ''),
(7167, '1203070067', '1203070', 'PARGARUTAN JULU', ''),
(7168, '1203070070', '1203070', 'PARGARUTAN TONGA', ''),
(7169, '1203070076', '1203070', 'PANOMPUAN JAE', ''),
(7170, '1203070080', '1203070', 'LANTOSAN ROGAS', ''),
(7171, '1203070094', '1203070', 'PASAR PARGARUTAN', ''),
(7172, '1203070095', '1203070', 'PARGARUTAN DOLOK', ''),
(7173, '1203070096', '1203070', 'PAL XI', ''),
(7174, '1203070097', '1203070', 'MARISI', ''),
(7175, '1203070098', '1203070', 'PANOMPUAN', ''),
(7176, '1203070099', '1203070', 'BATANG TURA SIRUMAMBE', ''),
(7177, '1203070100', '1203070', 'SANGGAPATI', ''),
(7178, '1203080001', '1203080', 'KELURAHAN PARDOMUAN', ''),
(7179, '1203080002', '1203080', 'SIHUIK KUIK', ''),
(7180, '1203080003', '1203080', 'AEK NATAS', ''),
(7181, '1203080004', '1203080', 'GUNUNG BARINGIN', ''),
(7182, '1203080005', '1203080', 'DOLOK GODANG', ''),
(7183, '1203080006', '1203080', 'KELURAHAN SIMARPINGGAN', ''),
(7184, '1203080007', '1203080', 'KELURAHAN TAPIAN NAULI', ''),
(7185, '1203080008', '1203080', 'TANDIHAT', ''),
(7186, '1203080009', '1203080', 'SIHOPUR', ''),
(7187, '1203080010', '1203080', 'PERK. SIMARPINGGAN', ''),
(7188, '1203080011', '1203080', 'SIAMPORIK DOLOK', ''),
(7189, '1203080012', '1203080', 'SIBONG BONG', ''),
(7190, '1203080013', '1203080', 'SIAMPORIK LOMBANG', ''),
(7191, '1203080014', '1203080', 'KELURAHAN NAPA', ''),
(7192, '1203080015', '1203080', 'PINTU PADANG', ''),
(7193, '1203080016', '1203080', 'SINYIOR', ''),
(7194, '1203080017', '1203080', 'SITUMBAGA', ''),
(7195, '1203090004', '1203090', 'SIUHOM', ''),
(7196, '1203090005', '1203090', 'SISUNDUNG', ''),
(7197, '1203090006', '1203090', 'PARSALAKAN', ''),
(7198, '1203090012', '1203090', 'SIALOGO', ''),
(7199, '1203090018', '1203090', 'LEMBAH LUBUK RAYA', ''),
(7200, '1203090019', '1203090', 'SITARA TOIT', ''),
(7201, '1203090020', '1203090', 'LOBU LAYAN SIGORDANG', ''),
(7202, '1203090021', '1203090', 'AEK NABARA', ''),
(7203, '1203090022', '1203090', 'SIBANGKUA', ''),
(7204, '1203090023', '1203090', 'SIGUMURU', ''),
(7205, '1203090024', '1203090', 'SITINJAK', ''),
(7206, '1203090025', '1203090', 'SIMATORKIS SISOMA', ''),
(7207, '1203090026', '1203090', 'PANOBASAN', ''),
(7208, '1203090027', '1203090', 'PANOBASAN LOMBANG', ''),
(7209, '1203091001', '1203091', 'MALOMBU', ''),
(7210, '1203091002', '1203091', 'RIANIATE', ''),
(7211, '1203091003', '1203091', 'SANGKUNUR', ''),
(7212, '1203091004', '1203091', 'TINDOAN LAUT', ''),
(7213, '1203091005', '1203091', 'SIMATANIARI', ''),
(7214, '1203091006', '1203091', 'BATU GODANG', ''),
(7215, '1203091007', '1203091', 'AEK PARDOMUAN', ''),
(7216, '1203091008', '1203091', 'BANDAR TARUTUNG', ''),
(7217, '1203091009', '1203091', 'PERKEBUNAN', ''),
(7218, '1203091010', '1203091', 'SIMATOHIR', ''),
(7219, '1203100001', '1203100', 'HAPESONG LAMA', ''),
(7220, '1203100002', '1203100', 'PERK HAPESONG', ''),
(7221, '1203100003', '1203100', 'PADANG LANCAT', ''),
(7222, '1203100009', '1203100', 'SIANGGUNAN', ''),
(7223, '1203100010', '1203100', 'HUTABARU', ''),
(7224, '1203100017', '1203100', 'SIPENGGENG', ''),
(7225, '1203100018', '1203100', 'HAPESONG BARU', ''),
(7226, '1203100019', '1203100', 'PERKEBUNAN SIGALA-GALA', ''),
(7227, '1203100025', '1203100', 'PERK BATANG TORU', ''),
(7228, '1203100026', '1203100', 'TELO', ''),
(7229, '1203100027', '1203100', 'WEK III BATANG TORU', ''),
(7230, '1203100028', '1203100', 'WEK II', ''),
(7231, '1203100029', '1203100', 'WEK I', ''),
(7232, '1203100035', '1203100', 'WEK IV BATANG TORU', ''),
(7233, '1203100036', '1203100', 'NAPA', ''),
(7234, '1203100037', '1203100', 'AEK PINING', ''),
(7235, '1203100038', '1203100', 'SUMURAN', ''),
(7236, '1203100058', '1203100', 'BATU HULA', ''),
(7237, '1203100061', '1203100', 'HUTA GODANG', ''),
(7238, '1203100062', '1203100', 'GAROGA', ''),
(7239, '1203100063', '1203100', 'BATU HORING', ''),
(7240, '1203100064', '1203100', 'AEK NGADOL NAULI', ''),
(7241, '1203100065', '1203100', 'SISIPA', ''),
(7242, '1203101031', '1203101', 'HURABA', ''),
(7243, '1203101041', '1203101', 'GUNUNG BINANGA', ''),
(7244, '1203101043', '1203101', 'MARANCAR GODANG', ''),
(7245, '1203101050', '1203101', 'SIMANINGGIR', ''),
(7246, '1203101051', '1203101', 'MARANCAR JULU', ''),
(7247, '1203101057', '1203101', 'HAU NATAS', ''),
(7248, '1203101066', '1203101', 'AEK NABARA', ''),
(7249, '1203101067', '1203101', 'GAPUK TUA', ''),
(7250, '1203101068', '1203101', 'PASAR SEMPURNA', ''),
(7251, '1203101069', '1203101', 'AEK SABAON', ''),
(7252, '1203101070', '1203101', 'SUGI', ''),
(7253, '1203101071', '1203101', 'TANJUNG DOLOK', ''),
(7254, '1203102001', '1203102', 'MUARA UPU', ''),
(7255, '1203102002', '1203102', 'BANDAR HAPINIS', ''),
(7256, '1203102003', '1203102', 'HUTA RAJA', ''),
(7257, '1203102004', '1203102', 'MUARA MANOMPAS', ''),
(7258, '1203102006', '1203102', 'PARDAMEAN', ''),
(7259, '1203102007', '1203102', 'TERAPUNG RAYA', ''),
(7260, '1203102008', '1203102', 'MUARA HUTA RAJA', ''),
(7261, '1203102009', '1203102', 'MUARA AMPOLU', ''),
(7262, '1203102010', '1203102', 'SIMARLELAN', ''),
(7263, '1203110005', '1203110', 'TOLANG', ''),
(7264, '1203110008', '1203110', 'JANJI MAULI', ''),
(7265, '1203110028', '1203110', 'BARINGIN', ''),
(7266, '1203110032', '1203110', 'PARAU SORAT', ''),
(7267, '1203110034', '1203110', 'SIALA GUNDI', ''),
(7268, '1203110036', '1203110', 'BARNANG KOLING', ''),
(7269, '1203110039', '1203110', 'PARGARUTAN', ''),
(7270, '1203110040', '1203110', 'PANAUNGAN', ''),
(7271, '1203110046', '1203110', 'PANGARIBUAN', ''),
(7272, '1203110055', '1203110', 'PADANG BUJUR', ''),
(7273, '1203110056', '1203110', 'SIMANINGGIR', ''),
(7274, '1203110057', '1203110', 'PARAN PADANG', ''),
(7275, '1203110059', '1203110', 'PASAR SIPIROK', ''),
(7276, '1203110062', '1203110', 'PANGURABAAN', ''),
(7277, '1203110066', '1203110', 'BAGAS LOMBANG', ''),
(7278, '1203110070', '1203110', 'PARAN JULU', ''),
(7279, '1203110071', '1203110', 'BULU MARIO', ''),
(7280, '1203110072', '1203110', 'BATU SATAIL', ''),
(7281, '1203110086', '1203110', 'RAMBA SIHASUR', ''),
(7282, '1203110093', '1203110', 'SIBADOAR', ''),
(7283, '1203110095', '1203110', 'HASANG MARSADA', ''),
(7284, '1203110097', '1203110', 'BUNGA BONDAR', ''),
(7285, '1203110099', '1203110', 'SAMPEAN', ''),
(7286, '1203110101', '1203110', 'SIALAMAN', ''),
(7287, '1203110102', '1203110', 'KILANG PAPAN', ''),
(7288, '1203110103', '1203110', 'SABA BATANG MIHA', ''),
(7289, '1203110104', '1203110', 'SITUMBA', ''),
(7290, '1203110105', '1203110', 'SITUMBA JULU', ''),
(7291, '1203110106', '1203110', 'BATANG TURA JULU', ''),
(7292, '1203110107', '1203110', 'BATANG TURA', ''),
(7293, '1203110108', '1203110', 'PARAN DOLOK MARDOMU', ''),
(7294, '1203110109', '1203110', 'SAROGODUNG', ''),
(7295, '1203110110', '1203110', 'DOLOK SORDANG', ''),
(7296, '1203110111', '1203110', 'DOLOK SORDANG JULU', ''),
(7297, '1203110112', '1203110', 'HUTA SUHUT', ''),
(7298, '1203110113', '1203110', 'SIPIROK GODANG', ''),
(7299, '1203110114', '1203110', 'AEK BATANG PAYA', ''),
(7300, '1203110115', '1203110', 'MARSADA', ''),
(7301, '1203110116', '1203110', 'LUAT LOMBANG', ''),
(7302, '1203110117', '1203110', 'PAHAE AEK SAGALA', ''),
(7303, '1203120031', '1203120', 'SIPOGU', ''),
(7304, '1203120032', '1203120', 'DALIHAN NATOLU', ''),
(7305, '1203120033', '1203120', 'PARDOMUAN', ''),
(7306, '1203120034', '1203120', 'ARSE NAULI', ''),
(7307, '1203120035', '1203120', 'PINAGAR', ''),
(7308, '1203120036', '1203120', 'NANGGAR JATI', ''),
(7309, '1203120037', '1203120', 'AEK HAMINJON', ''),
(7310, '1203120038', '1203120', 'NANGGAR JATI HUTA PADANG', ''),
(7311, '1203120039', '1203120', 'NATAMBANG RONCITAN', ''),
(7312, '1203120040', '1203120', 'LANCAT', ''),
(7313, '1203160115', '1203160', 'PINTU PADANG MANDALASENA', ''),
(7314, '1203160116', '1203160', 'SILANGKITANG TAMBISKI', ''),
(7315, '1203160117', '1203160', 'PARAU SORAT SITABO TABO', ''),
(7316, '1203160118', '1203160', 'SUNGE SIGIRING GIRING', ''),
(7317, '1203160119', '1203160', 'ULU MAMIS SITUNGGALING', ''),
(7318, '1203160120', '1203160', 'SIPAGIMBAR', ''),
(7319, '1203160121', '1203160', 'SIDAPDAP SIMANOSOR', ''),
(7320, '1203160122', '1203160', 'AEK SIMOTUNG', ''),
(7321, '1203160123', '1203160', 'SAUT BANUA SIMANOSOR', ''),
(7322, '1203160124', '1203160', 'BATANG PARSULUMAN', ''),
(7323, '1203160125', '1203160', 'DAMPARAN HAUNATAS', ''),
(7324, '1203160126', '1203160', 'SIMANGAMBAT', ''),
(7325, '1203160127', '1203160', 'SOMBA DEBATA PURBA', ''),
(7326, '1203160128', '1203160', 'PADANG MANDAILING GARUGUR', ''),
(7327, '1203161037', '1203161', 'TAPUS GODANG', ''),
(7328, '1203161045', '1203161', 'LOBUTAYAS', ''),
(7329, '1203161070', '1203161', 'SIGOLANG', ''),
(7330, '1203161071', '1203161', 'BIRU', ''),
(7331, '1203161080', '1203161', 'SIHULAMBU', ''),
(7332, '1203161091', '1203161', 'AEK URAT', ''),
(7333, '1203161092', '1203161', 'HUTA BARU', ''),
(7334, '1203161093', '1203161', 'AEK LATONG', ''),
(7335, '1203161094', '1203161', 'TAPUS SIPAGABU', ''),
(7336, '1203161095', '1203161', 'TOLANG', ''),
(7337, '1203161096', '1203161', 'SILANGKITANG', ''),
(7338, '1203161097', '1203161', 'GORAHUT', ''),
(7339, '1204010002', '1204010', 'PINANG SORI', ''),
(7340, '1204010003', '1204010', 'GUNUNG MARIJO', ''),
(7341, '1204010004', '1204010', 'SIHAPORAS', ''),
(7342, '1204010005', '1204010', 'SITONONG BANGUN', ''),
(7343, '1204010006', '1204010', 'TOGA BASIR', ''),
(7344, '1204010007', '1204010', 'PINANG BARU', ''),
(7345, '1204010008', '1204010', 'PARJALIHOTAN BARU', ''),
(7346, '1204010009', '1204010', 'DANAU PANDAN', ''),
(7347, '1204010010', '1204010', 'SORI NAULI', ''),
(7348, '1204010011', '1204010', 'ALBION PRANCIS', ''),
(7349, '1204011001', '1204011', 'SITARDAS', ''),
(7350, '1204011002', '1204011', 'JAGO-JAGO', ''),
(7351, '1204011003', '1204011', 'HUTABALANG', ''),
(7352, '1204011004', '1204011', 'LOPIAN', ''),
(7353, '1204011005', '1204011', 'AEK HORSIK', ''),
(7354, '1204011006', '1204011', 'KEBUN PISANG', ''),
(7355, '1204011007', '1204011', 'GUNUNG KELAMBU', ''),
(7356, '1204011008', '1204011', 'LUBUK AMPOLU', ''),
(7357, '1204011009', '1204011', 'PAGARAN HONAS', ''),
(7358, '1204020004', '1204020', 'MOMBANG BORU', ''),
(7359, '1204020005', '1204020', 'ANGGOLI', ''),
(7360, '1204020006', '1204020', 'SIBABANGUN', ''),
(7361, '1204020009', '1204020', 'SIMANOSOR', ''),
(7362, '1204020010', '1204020', 'MUARA SIBUNTUON', ''),
(7363, '1204020011', '1204020', 'SIBIO BIO', ''),
(7364, '1204020012', '1204020', 'HUTAGURGUR', ''),
(7365, '1204021001', '1204021', 'LUMUT', ''),
(7366, '1204021002', '1204021', 'LUMUT NAULI', ''),
(7367, '1204021003', '1204021', 'LUMUT MAJU', ''),
(7368, '1204021004', '1204021', 'AEK GAMBIR', ''),
(7369, '1204021005', '1204021', 'MASUNDUNG', ''),
(7370, '1204021006', '1204021', 'SIALOGO', ''),
(7371, '1204022001', '1204022', 'TEBING TINGGI', ''),
(7372, '1204022002', '1204022', 'PULO PAKAT II', ''),
(7373, '1204022003', '1204022', 'SIHAPAS', ''),
(7374, '1204022004', '1204022', 'PULO PAKAT', ''),
(7375, '1204022005', '1204022', 'JANJI MARIA', ''),
(7376, '1204022006', '1204022', 'SIHADATUON', ''),
(7377, '1204030001', '1204030', 'HAJORAN', ''),
(7378, '1204030010', '1204030', 'AEK TOLANG', ''),
(7379, '1204030011', '1204030', 'PANDAN', ''),
(7380, '1204030012', '1204030', 'SIBULUAN INDAH', ''),
(7381, '1204030013', '1204030', 'LUBUK TUKKO', ''),
(7382, '1204030015', '1204030', 'SIBULUAN NAULI', ''),
(7383, '1204030016', '1204030', 'AEK SITIO-TIO', ''),
(7384, '1204030017', '1204030', 'SIBULUAN RAYA', ''),
(7385, '1204030018', '1204030', 'KALANGAN', ''),
(7386, '1204030019', '1204030', 'PANDAN WANGI', ''),
(7387, '1204030020', '1204030', 'SIBULUAN TERPADU', ''),
(7388, '1204030021', '1204030', 'SITIO-TIO HILIR', ''),
(7389, '1204030022', '1204030', 'SIBULUAN BARU', ''),
(7390, '1204030023', '1204030', 'LUBUK TUKKO BARU', ''),
(7391, '1204030024', '1204030', 'SIHAPORAS NAULI', ''),
(7392, '1204030025', '1204030', 'PASAR BARU', ''),
(7393, '1204030026', '1204030', 'HAJORAN INDAH', ''),
(7394, '1204030027', '1204030', 'MUARA NIBUNG', ''),
(7395, '1204030028', '1204030', 'AEK GARUT', ''),
(7396, '1204030029', '1204030', 'BUDI LUHUR', ''),
(7397, '1204030030', '1204030', 'KALANGAN INDAH', ''),
(7398, '1204030031', '1204030', 'MANGGA DUA', ''),
(7399, '1204031001', '1204031', 'SIPANGE', ''),
(7400, '1204031002', '1204031', 'HUTANABOLON', ''),
(7401, '1204031003', '1204031', 'SIGIRING GIRING', ''),
(7402, '1204031004', '1204031', 'SAIT KALANGAN II', ''),
(7403, '1204031005', '1204031', 'AEK BONTAR', ''),
(7404, '1204031006', '1204031', 'TAPIAN NAULI/SAURMANGGITA', ''),
(7405, '1204031007', '1204031', 'BONALUMBAN', ''),
(7406, '1204031008', '1204031', 'TUKKA', ''),
(7407, '1204031009', '1204031', 'AEK TOLANG INDUK', ''),
(7408, '1204032001', '1204032', 'SIBULUAN NALAMBOK', ''),
(7409, '1204032002', '1204032', 'SIPAN', ''),
(7410, '1204032003', '1204032', 'SARUDIK', ''),
(7411, '1204032004', '1204032', 'PONDOK BATU', ''),
(7412, '1204032005', '1204032', 'PASIR BIDANG', ''),
(7413, '1204040001', '1204040', 'TAPIAN NAULI I', ''),
(7414, '1204040005', '1204040', 'MELA DOLOK', ''),
(7415, '1204040006', '1204040', 'ALOBAN', ''),
(7416, '1204040007', '1204040', 'TAPIAN NAULI III', ''),
(7417, '1204040008', '1204040', 'TAPIAN NAULI II', ''),
(7418, '1204040009', '1204040', 'TAPIAN NAULI IV', ''),
(7419, '1204040011', '1204040', 'MELA I', ''),
(7420, '1204040012', '1204040', 'MELA II', ''),
(7421, '1204040013', '1204040', 'BAIR', ''),
(7422, '1204041001', '1204041', 'BONAN DOLOK', ''),
(7423, '1204041002', '1204041', 'RAMPA', ''),
(7424, '1204041003', '1204041', 'MARDAME', ''),
(7425, '1204041004', '1204041', 'NAULI', ''),
(7426, '1204041005', '1204041', 'NAGA TIMBUL', ''),
(7427, '1204041006', '1204041', 'SIMANINGGIR', ''),
(7428, '1204050001', '1204050', 'UNTE MUNGKUR IV', ''),
(7429, '1204050003', '1204050', 'UNTE MUNGKUR III', ''),
(7430, '1204050004', '1204050', 'UNTE MUNGKUR II', ''),
(7431, '1204050006', '1204050', 'UNTE MUNGKUR I', ''),
(7432, '1204050007', '1204050', 'SATAHI NAULI', ''),
(7433, '1204050008', '1204050', 'HURLANG MUARA NAULI', ''),
(7434, '1204050009', '1204050', 'KOLANG NAULI', ''),
(7435, '1204050010', '1204050', 'PASAR ONAN HURLANG', ''),
(7436, '1204050011', '1204050', 'SIPAKPAHI AEK LOBU', ''),
(7437, '1204050012', '1204050', 'HUDOPA NAULI', ''),
(7438, '1204050013', '1204050', 'RAWA MAKMUR', ''),
(7439, '1204050014', '1204050', 'MAKARTI NAULI', ''),
(7440, '1204050015', '1204050', 'PARGARINGAN', ''),
(7441, '1204050016', '1204050', 'SIMARPINGGAN', ''),
(7442, '1204060002', '1204060', 'BOTOT', ''),
(7443, '1204060003', '1204060', 'SORKAM', ''),
(7444, '1204060004', '1204060', 'PARGARUTAN', ''),
(7445, '1204060005', '1204060', 'TARUTUNG BOLAK', ''),
(7446, '1204060006', '1204060', 'GONTING MAHE', ''),
(7447, '1204060009', '1204060', 'PARDAMEAN', ''),
(7448, '1204060010', '1204060', 'PELITA', ''),
(7449, '1204060011', '1204060', 'FAJAR', ''),
(7450, '1204060012', '1204060', 'PEARAJA', ''),
(7451, '1204060013', '1204060', 'NAI POS POS BARAT', ''),
(7452, '1204060021', '1204060', 'RIANIATE', ''),
(7453, '1204060023', '1204060', 'DOLOK PANTIS', ''),
(7454, '1204060024', '1204060', 'TELUK ROBAN', ''),
(7455, '1204060025', '1204060', 'SORKAM KIRI', ''),
(7456, '1204060026', '1204060', 'SORKAM TENGAH', ''),
(7457, '1204060027', '1204060', 'HITE URAT', ''),
(7458, '1204060028', '1204060', 'PAGARAN JULU', ''),
(7459, '1204060029', '1204060', 'PANANGGAHAN', '');

-- --------------------------------------------------------

--
-- Struktur dari tabel `WilayahKerja`
--

CREATE TABLE IF NOT EXISTS `WilayahKerja` (
  `idWilayahKerja` int(11) NOT NULL,
  `Nama` varchar(255) DEFAULT NULL COMMENT 'Kesmavet, Dinas Provinsi, Kab/Kota, Check Point, Karantina (Wilayah Kerja)'
) ENGINE=InnoDB AUTO_INCREMENT=9 DEFAULT CHARSET=utf8;

--
-- Dumping data untuk tabel `WilayahKerja`
--

INSERT INTO `WilayahKerja` (`idWilayahKerja`, `Nama`) VALUES
(1, 'Sumatera dan Aceh'),
(2, 'Sumbar, Riau, Jambi dan Kepri'),
(3, 'Lampung, Sumsel, Bengkulu, dan Bangka Belitun'),
(4, 'Jateng, DIY, Jatim'),
(5, 'Kalsel, Kalbar, Kalteng, Kaltim, dan Kalut'),
(6, 'Bali, NTB, dan NTT'),
(7, 'Sulsel, Sulawesi Tenggara, Sulteng, Sulut, Sulbar, Gorontalo, Maluku, Maluku Utara, Papua Barat dan Papua'),
(8, 'Jabar, DKI Jakarta, dan Banten');

--
-- Indexes for dumped tables
--

--
-- Indexes for table `accessrole`
--
ALTER TABLE `accessrole`
  ADD PRIMARY KEY (`id`);

--
-- Indexes for table `AlamatOrang`
--
ALTER TABLE `AlamatOrang`
  ADD PRIMARY KEY (`idAlamatOrang`,`idOrang`),
  ADD KEY `fk_AlamatOrang_Orang1_idx` (`idOrang`),
  ADD KEY `fk_AlamatOrang_tblVillage1_idx` (`idVillage`);

--
-- Indexes for table `CheckListSyaratSRTKPH`
--
ALTER TABLE `CheckListSyaratSRTKPH`
  ADD PRIMARY KEY (`idCheckListSyaratSRTKPH`,`PengajuanSRTKPH_idPengajuanSRTKPH`),
  ADD KEY `fk_CheckListSyaratSRTKPH_Syarat SRTKPH1_idx` (`SyaratSRTKPH_idSyaratSRTKPH`),
  ADD KEY `fk_CheckListSyaratSRTKPH_PengajuanSRTKPH1_idx` (`PengajuanSRTKPH_idPengajuanSRTKPH`);

--
-- Indexes for table `CheckListSyaratSRTMPH`
--
ALTER TABLE `CheckListSyaratSRTMPH`
  ADD PRIMARY KEY (`idCheckListSyaratSRTMPH`,`PengajuanSRTMPH_idPengajuanSRTMPH`),
  ADD KEY `fk_CheckListSyaratSRTMPH_SyaratSRTMPH1_idx` (`SyaratSRTMPH_idPersyaratanSRTMPH`),
  ADD KEY `fk_CheckListSyaratSRTMPH_PengajuanSRTMPH1_idx` (`PengajuanSRTMPH_idPengajuanSRTMPH`);

--
-- Indexes for table `CheckListSyaratSV`
--
ALTER TABLE `CheckListSyaratSV`
  ADD PRIMARY KEY (`idChecklistSyaratSV`,`PengajuanSV_idPengajuanSV`),
  ADD KEY `fk_CheckListSyaratSV_SyaratSV1_idx` (`SyaratSV_idSyaratSV`),
  ADD KEY `fk_CheckListSyaratSV_PengajuanSV1_idx` (`PengajuanSV_idPengajuanSV`);

--
-- Indexes for table `cms`
--
ALTER TABLE `cms`
  ADD PRIMARY KEY (`id`);

--
-- Indexes for table `comment`
--
ALTER TABLE `comment`
  ADD PRIMARY KEY (`id`),
  ADD KEY `idx-Comment-entity` (`entity`),
  ADD KEY `idx-Comment-status` (`status`);

--
-- Indexes for table `DaftarProdukSRTKPH`
--
ALTER TABLE `DaftarProdukSRTKPH`
  ADD PRIMARY KEY (`idDaftarProdukSRTKPH`),
  ADD KEY `fk_DaftarProdukSV_JenisKemasan1_idx` (`JenisKemasan`),
  ADD KEY `fk_DaftarProdukSV_JenisProduk1_idx` (`JenisProduk`),
  ADD KEY `fk_DaftarProdukSV_Satuan1_idx` (`Satuan`),
  ADD KEY `fk_DaftarProdukSRTKPH_PengajuanSRTKPH1_idx` (`PengajuanSRTKPH`);

--
-- Indexes for table `DaftarProdukSRTMPH`
--
ALTER TABLE `DaftarProdukSRTMPH`
  ADD PRIMARY KEY (`idDaftarProdukSRTMPH`),
  ADD KEY `fk_DaftarProdukSV_JenisKemasan1_idx` (`JenisKemasan`),
  ADD KEY `fk_DaftarProdukSV_JenisProduk1_idx` (`JenisProduk`),
  ADD KEY `fk_DaftarProdukSV_Satuan1_idx` (`Satuan`),
  ADD KEY `fk_DaftarProdukSRTMPH_PengajuanSRTMPH1_idx` (`PengajuanSRTMPH`);

--
-- Indexes for table `DaftarProdukSV`
--
ALTER TABLE `DaftarProdukSV`
  ADD PRIMARY KEY (`idDaftarProdukSV`),
  ADD KEY `fk_DaftarProdukSV_PengajuanSV1_idx` (`idPengajuanSV`),
  ADD KEY `fk_DaftarProdukSV_JenisKemasan1_idx` (`JenisKemasan`),
  ADD KEY `fk_DaftarProdukSV_JenisProduk1_idx` (`JenisProduk`),
  ADD KEY `fk_DaftarProdukSV_Satuan1_idx` (`Satuan`);

--
-- Indexes for table `HasilUji`
--
ALTER TABLE `HasilUji`
  ADD PRIMARY KEY (`idHasilUji`,`Laboratorium_idLaboratorium`,`KlienLab_idKlienLab`),
  ADD KEY `fk_HasilUji_Laboratorium1_idx` (`Laboratorium_idLaboratorium`),
  ADD KEY `fk_HasilUji_KlienLab1_idx` (`KlienLab_idKlienLab`),
  ADD KEY `fk_HasilUji_KemampuanUji1_idx` (`KemampuanUji_idKemampuanUji`);

--
-- Indexes for table `Instansi`
--
ALTER TABLE `Instansi`
  ADD PRIMARY KEY (`idInstansi`),
  ADD KEY `fk_Instansi_tblRegencyCity1_idx` (`tblRegencyCity_ID`);

--
-- Indexes for table `InstansiSDM`
--
ALTER TABLE `InstansiSDM`
  ADD PRIMARY KEY (`idInstansiSDM`,`SDM_idSDM`),
  ADD KEY `fk_InstansiSDM_SDM1_idx` (`SDM_idSDM`),
  ADD KEY `fk_InstansiSDM_Instansi1_idx` (`Instansi_idInstansi`),
  ADD KEY `fk_InstansiSDM_WilayahKerja1_idx` (`WilayahKerja_idWilayahKerja`);

--
-- Indexes for table `JenisKemasan`
--
ALTER TABLE `JenisKemasan`
  ADD PRIMARY KEY (`idJenisKemasan`);

--
-- Indexes for table `JenisPelatihan`
--
ALTER TABLE `JenisPelatihan`
  ADD PRIMARY KEY (`idJenisPelatihan`);

--
-- Indexes for table `JenisProduk`
--
ALTER TABLE `JenisProduk`
  ADD PRIMARY KEY (`idJenisProduk`);

--
-- Indexes for table `JenisProduk_has_JenisKemasan`
--
ALTER TABLE `JenisProduk_has_JenisKemasan`
  ADD PRIMARY KEY (`JenisProduk_idJenisProduk`,`JenisKemasan_idJenisKemasan`),
  ADD KEY `fk_JenisProduk_has_JenisKemasan_JenisKemasan1_idx` (`JenisKemasan_idJenisKemasan`),
  ADD KEY `fk_JenisProduk_has_JenisKemasan_JenisProduk1_idx` (`JenisProduk_idJenisProduk`);

--
-- Indexes for table `JenisSuratTugas`
--
ALTER TABLE `JenisSuratTugas`
  ADD PRIMARY KEY (`idJenisSuratTugas`);

--
-- Indexes for table `Karantina`
--
ALTER TABLE `Karantina`
  ADD PRIMARY KEY (`idKarantina`);

--
-- Indexes for table `KemampuanUji`
--
ALTER TABLE `KemampuanUji`
  ADD PRIMARY KEY (`idKemampuanUji`);

--
-- Indexes for table `KemampuanUjiLab`
--
ALTER TABLE `KemampuanUjiLab`
  ADD PRIMARY KEY (`idKemampuanUjiLab`,`Laboratorium_idLaboratorium`),
  ADD KEY `fk_KemampuanUjiLab_Laboratorium1_idx` (`Laboratorium_idLaboratorium`),
  ADD KEY `fk_KemampuanUjiLab_MetodeKemampuanUji1_idx` (`MetodeKemampuanUji_idMetodeKemampuanUji`),
  ADD KEY `fk_KemampuanUjiLab_KemampuanUji1_idx` (`KemampuanUji_idKemampuanUji`);

--
-- Indexes for table `KlienLab`
--
ALTER TABLE `KlienLab`
  ADD PRIMARY KEY (`idKlienLab`);

--
-- Indexes for table `Kompetensi`
--
ALTER TABLE `Kompetensi`
  ADD PRIMARY KEY (`idKompetensi`);

--
-- Indexes for table `KompetensiSDM`
--
ALTER TABLE `KompetensiSDM`
  ADD PRIMARY KEY (`idKompetensiSDM`,`SDM_idSDM`,`Kompetensi_idKompetensi`),
  ADD KEY `fk_KompetensiSDM_SDM1_idx` (`SDM_idSDM`),
  ADD KEY `fk_KompetensiSDM_Kompetensi1_idx` (`Kompetensi_idKompetensi`);

--
-- Indexes for table `Laboratorium`
--
ALTER TABLE `Laboratorium`
  ADD PRIMARY KEY (`idLaboratorium`,`PenanggungJawabTeknis_PNS_idPegawai`,`KepalaLab_PNS_idPegawai`),
  ADD KEY `fk_Laboratorium_Lingkup1_idx` (`Lingkup_idLingkup`),
  ADD KEY `fk_Laboratorium_PNS1_idx` (`PenanggungJawabTeknis_PNS_idPegawai`),
  ADD KEY `fk_Laboratorium_PNS2_idx` (`KepalaLab_PNS_idPegawai`),
  ADD KEY `fk_Laboratorium_tblRegencyCity1_idx` (`tblRegencyCity_ID`);

--
-- Indexes for table `LaporanRealisasiSRTKPH`
--
ALTER TABLE `LaporanRealisasiSRTKPH`
  ADD PRIMARY KEY (`id`),
  ADD KEY `fk_LaporanRealisasiSRTKPH_SRTKPH1_idx` (`idSRTKPH`);

--
-- Indexes for table `Lingkup`
--
ALTER TABLE `Lingkup`
  ADD PRIMARY KEY (`idLingkup`);

--
-- Indexes for table `MetodeKemampuanUji`
--
ALTER TABLE `MetodeKemampuanUji`
  ADD PRIMARY KEY (`idMetodeKemampuanUji`);

--
-- Indexes for table `migration`
--
ALTER TABLE `migration`
  ADD PRIMARY KEY (`version`);

--
-- Indexes for table `Orang`
--
ALTER TABLE `Orang`
  ADD PRIMARY KEY (`idOrang`);

--
-- Indexes for table `Otovet`
--
ALTER TABLE `Otovet`
  ADD PRIMARY KEY (`idOtovet`,`PNS_idPegawai`),
  ADD KEY `fk_Otovet_PNS1_idx` (`PNS_idPegawai`);

--
-- Indexes for table `OtovetKabKota`
--
ALTER TABLE `OtovetKabKota`
  ADD PRIMARY KEY (`idOtovetKabKota`,`Otovet_idOtovet`),
  ADD KEY `fk_OtovetKabKota_Otovet1_idx` (`Otovet_idOtovet`),
  ADD KEY `fk_OtovetKabKota_tblRegencyCity1_idx` (`tblRegencyCity_ID`);

--
-- Indexes for table `OtovetProvinsi`
--
ALTER TABLE `OtovetProvinsi`
  ADD PRIMARY KEY (`idOtovetProvinsi`,`Otovet_idOtovet`),
  ADD KEY `fk_OtovetProvinsi_Otovet1_idx` (`Otovet_idOtovet`),
  ADD KEY `fk_OtovetProvinsi_tblProvince1_idx` (`tblProvince_ID`);

--
-- Indexes for table `PanitiaPelatihan`
--
ALTER TABLE `PanitiaPelatihan`
  ADD PRIMARY KEY (`idPanitiaPelatihan`,`Pelatihan_idPelatihan`,`PNS_idPegawai`),
  ADD KEY `fk_PanitiaPelatihan_Pelatihan1_idx` (`Pelatihan_idPelatihan`),
  ADD KEY `fk_PanitiaPelatihan_PNS1_idx` (`PNS_idPegawai`);

--
-- Indexes for table `PelakuUsaha`
--
ALTER TABLE `PelakuUsaha`
  ADD PRIMARY KEY (`idPerusahaan`,`idPemilikUsaha`),
  ADD KEY `fk_Perusahaan_PelakuUsaha1_idx` (`idPemilikUsaha`),
  ADD KEY `fk_PelakuUsaha_WilayahKerja1_idx` (`idWilayahKerja`),
  ADD KEY `fk_PelakuUsaha_tblRegencyCity1_idx` (`idRegencyCity`);

--
-- Indexes for table `Pelatihan`
--
ALTER TABLE `Pelatihan`
  ADD PRIMARY KEY (`idPelatihan`),
  ADD KEY `fk_Pelatihan_JenisPelatihan1_idx` (`JenisPelatihan_idJenisPelatihan`);

--
-- Indexes for table `PemilikUsaha`
--
ALTER TABLE `PemilikUsaha`
  ADD PRIMARY KEY (`idPemilikUsaha`,`idOrang`),
  ADD KEY `fk_PemilikUsaha_Orang1_idx` (`idOrang`);

--
-- Indexes for table `PengajuanSRTKPH`
--
ALTER TABLE `PengajuanSRTKPH`
  ADD PRIMARY KEY (`idPengajuanSRTKPH`,`PelakuUsaha_idPerusahaan`),
  ADD KEY `fk_PengajuanSRTKPH_PelakuUsaha1_idx` (`PelakuUsaha_idPerusahaan`),
  ADD KEY `fk_PengajuanSRTKPH_JenisProduk1_idx` (`JenisProduk_idJenisProduk`),
  ADD KEY `fk_PengajuanSRTKPH_tblRegencyCity1_idx` (`WilayahAsal`),
  ADD KEY `fk_PengajuanSRTKPH_tblRegencyCity2_idx` (`WilayahTujuan`),
  ADD KEY `fk_PengajuanSRTKPH_SRTMPH1_idx` (`idSRTMPH`);

--
-- Indexes for table `PengajuanSRTMPH`
--
ALTER TABLE `PengajuanSRTMPH`
  ADD PRIMARY KEY (`idPengajuanSRTMPH`,`PelakuUsaha_idPerusahaan`),
  ADD KEY `fk_PengajuanSRTMPH_PelakuUsaha1_idx` (`PelakuUsaha_idPerusahaan`),
  ADD KEY `fk_PengajuanSRTMPH_JenisProduk1_idx` (`JenisProduk_idJenisProduk`),
  ADD KEY `fk_PengajuanSRTMPH_tblRegencyCity1_idx` (`WilayahAsal`),
  ADD KEY `fk_PengajuanSRTMPH_tblRegencyCity2_idx` (`WilayahTujuan`);

--
-- Indexes for table `PengajuanSV`
--
ALTER TABLE `PengajuanSV`
  ADD PRIMARY KEY (`idPengajuanSV`,`PelakuUsaha_idPerusahaan`),
  ADD KEY `fk_PengajuanSV_PelakuUsaha1_idx` (`PelakuUsaha_idPerusahaan`),
  ADD KEY `fk_PengajuanSV_tblRegencyCity1_idx` (`WilayahAsal`),
  ADD KEY `fk_PengajuanSV_tblRegencyCity2_idx` (`WilayahTujuan`),
  ADD KEY `fk_PengajuanSV_Spesies1_idx` (`Spesies`);

--
-- Indexes for table `PengawasKesmavet`
--
ALTER TABLE `PengawasKesmavet`
  ADD PRIMARY KEY (`idPengawasKesmavet`,`PNS_idPegawai`),
  ADD KEY `fk_PengawasKesmavet_PNS1_idx` (`PNS_idPegawai`),
  ADD KEY `fk_PengawasKesmavet_WilayahKerja1_idx` (`idWilayahKerja`),
  ADD KEY `fk_PengawasKesmavet_tblRegencyCity1_idx` (`idRegencyCity`);

--
-- Indexes for table `Pintu`
--
ALTER TABLE `Pintu`
  ADD PRIMARY KEY (`idPintu`),
  ADD KEY `fk_Pintu_RegencyCity1_idx` (`RegencyCity`);

--
-- Indexes for table `PNS`
--
ALTER TABLE `PNS`
  ADD PRIMARY KEY (`idPegawai`,`Orang_idOrang`),
  ADD KEY `fk_PNS_Orang1_idx` (`Orang_idOrang`);

--
-- Indexes for table `PNSSuratTugas`
--
ALTER TABLE `PNSSuratTugas`
  ADD PRIMARY KEY (`idPNSSuratTugas`,`SuratTugas_idSuratTugas`,`PNS_idPegawai`),
  ADD KEY `fk_PNSSuratTugas_SuratTugas1_idx` (`SuratTugas_idSuratTugas`),
  ADD KEY `fk_PNSSuratTugas_PNS1_idx` (`PNS_idPegawai`);

--
-- Indexes for table `Province`
--
ALTER TABLE `Province`
  ADD PRIMARY KEY (`idProvince`),
  ADD KEY `ProvinceCode` (`ProvinceCode`);

--
-- Indexes for table `RegencyCity`
--
ALTER TABLE `RegencyCity`
  ADD PRIMARY KEY (`idRegencyCity`),
  ADD UNIQUE KEY `RegencyCityCode_UNIQUE` (`RegencyCityCode`),
  ADD KEY `regencies_province_id_index` (`ProvinceID`);

--
-- Indexes for table `Satuan`
--
ALTER TABLE `Satuan`
  ADD PRIMARY KEY (`idSatuan`);

--
-- Indexes for table `SDM`
--
ALTER TABLE `SDM`
  ADD PRIMARY KEY (`idSDM`,`Orang_idOrang`),
  ADD KEY `fk_SDM_Orang1_idx` (`Orang_idOrang`);

--
-- Indexes for table `SDMSuratTugas`
--
ALTER TABLE `SDMSuratTugas`
  ADD PRIMARY KEY (`idSDMSuratTugas`,`SDM_idSDM`,`SuratTugas_idSuratTugas`),
  ADD KEY `fk_SDMSuratTugas_SDM1_idx` (`SDM_idSDM`),
  ADD KEY `fk_SDMSuratTugas_SuratTugas1_idx` (`SuratTugas_idSuratTugas`);

--
-- Indexes for table `SertifikatHasilUji`
--
ALTER TABLE `SertifikatHasilUji`
  ADD PRIMARY KEY (`idSertifikatHasilUji`,`Laboratorium_idLaboratorium`,`PelakuUsaha_idPerusahaan`,`PelakuUsaha_PemilikUsaha_idPemilikUsaha`),
  ADD KEY `fk_SertifikatHasilUji_Laboratorium1_idx` (`Laboratorium_idLaboratorium`),
  ADD KEY `fk_SertifikatHasilUji_KemampuanUji1_idx` (`KemampuanUji_idKemampuanUji`),
  ADD KEY `fk_SertifikatHasilUji_PelakuUsaha1_idx` (`PelakuUsaha_idPerusahaan`,`PelakuUsaha_PemilikUsaha_idPemilikUsaha`);

--
-- Indexes for table `SertifikatPelatihan`
--
ALTER TABLE `SertifikatPelatihan`
  ADD PRIMARY KEY (`idSertifikatPelatihan`,`SDM_idSDM`,`Pelatihan_idPelatihan`),
  ADD KEY `fk_SertifikatPelatihan_SDM1_idx` (`SDM_idSDM`),
  ADD KEY `fk_SertifikatPelatihan_Pelatihan1_idx` (`Pelatihan_idPelatihan`);

--
-- Indexes for table `Spesies`
--
ALTER TABLE `Spesies`
  ADD PRIMARY KEY (`idSpesies`);

--
-- Indexes for table `SRTKPH`
--
ALTER TABLE `SRTKPH`
  ADD PRIMARY KEY (`idSRTKPH`,`PengajuanSRTKPH_idPengajuanSRTKPH`),
  ADD KEY `fk_SRTKPH_PengajuanSRTKPH1_idx` (`PengajuanSRTKPH_idPengajuanSRTKPH`),
  ADD KEY `fk_SRTKPH_Otovet1_idx` (`Otovet_idOtovet`),
  ADD KEY `fk_SRTKPH_Pintu1_idx` (`PintuKeluar`),
  ADD KEY `fk_SRTKPH_Pintu2_idx` (`PintuMasuk`),
  ADD KEY `fk_SRTKPH_SRTMPH1_idx` (`SRTMPH`);

--
-- Indexes for table `SRTMPH`
--
ALTER TABLE `SRTMPH`
  ADD PRIMARY KEY (`idSRTMPH`,`PengajuanSRTMPH_idPengajuanSRTMPH`),
  ADD KEY `fk_SRTMPH_PengajuanSRTMPH1_idx` (`PengajuanSRTMPH_idPengajuanSRTMPH`),
  ADD KEY `fk_SRTMPH_Otovet1_idx` (`Otovet_idOtovet`),
  ADD KEY `fk_SRTMPH_Pintu1_idx` (`PintuMasuk`);

--
-- Indexes for table `SubDistrict`
--
ALTER TABLE `SubDistrict`
  ADD PRIMARY KEY (`idSubDistrict`),
  ADD UNIQUE KEY `SubDistrictCode_UNIQUE` (`SubDistrictCode`),
  ADD KEY `districts_regency_id_index` (`RegencyCityCode`);

--
-- Indexes for table `SuratTugas`
--
ALTER TABLE `SuratTugas`
  ADD PRIMARY KEY (`idSuratTugas`),
  ADD KEY `fk_SuratTugas_JenisSuratTugas1_idx` (`JenisSuratTugas_idJenisSuratTugas`);

--
-- Indexes for table `SV`
--
ALTER TABLE `SV`
  ADD PRIMARY KEY (`idSV`),
  ADD KEY `fk_SV_PengajuanSV1_idx` (`PengajuanSV_idPengajuanSV`),
  ADD KEY `fk_SV_Otovet1_idx` (`Otovet_idOtovet`);

--
-- Indexes for table `SyaratSRTKPH`
--
ALTER TABLE `SyaratSRTKPH`
  ADD PRIMARY KEY (`idSyaratSRTKPH`);

--
-- Indexes for table `SyaratSRTMPH`
--
ALTER TABLE `SyaratSRTMPH`
  ADD PRIMARY KEY (`idPersyaratanSRTMPH`);

--
-- Indexes for table `SyaratSV`
--
ALTER TABLE `SyaratSV`
  ADD PRIMARY KEY (`idSyaratSV`);

--
-- Indexes for table `user`
--
ALTER TABLE `user`
  ADD PRIMARY KEY (`id`),
  ADD UNIQUE KEY `username_UNIQUE` (`username`),
  ADD UNIQUE KEY `authKey_UNIQUE` (`authKey`),
  ADD KEY `fk_user_accessRole_idx` (`accessRoleId`),
  ADD KEY `fk_user_Orang1_idx` (`Orang_idOrang`);

--
-- Indexes for table `userloginlog`
--
ALTER TABLE `userloginlog`
  ADD PRIMARY KEY (`id`),
  ADD KEY `fk_userLoginLog_user1_idx` (`userId`);

--
-- Indexes for table `verifikasiUser`
--
ALTER TABLE `verifikasiUser`
  ADD PRIMARY KEY (`id`),
  ADD KEY `fk_verifikasiUser_PelakuUsaha1_idx` (`PelakuUsaha`),
  ADD KEY `fk_verifikasiUser_user1_idx` (`user_id`);

--
-- Indexes for table `Village`
--
ALTER TABLE `Village`
  ADD PRIMARY KEY (`idVillage`),
  ADD UNIQUE KEY `VillageCode_UNIQUE` (`VillageCode`),
  ADD KEY `villages_district_id_index` (`DistrictCode`);

--
-- Indexes for table `WilayahKerja`
--
ALTER TABLE `WilayahKerja`
  ADD PRIMARY KEY (`idWilayahKerja`);

--
-- AUTO_INCREMENT for dumped tables
--

--
-- AUTO_INCREMENT for table `accessrole`
--
ALTER TABLE `accessrole`
  MODIFY `id` int(11) NOT NULL AUTO_INCREMENT,AUTO_INCREMENT=7;
--
-- AUTO_INCREMENT for table `AlamatOrang`
--
ALTER TABLE `AlamatOrang`
  MODIFY `idAlamatOrang` int(11) NOT NULL AUTO_INCREMENT;
--
-- AUTO_INCREMENT for table `CheckListSyaratSRTKPH`
--
ALTER TABLE `CheckListSyaratSRTKPH`
  MODIFY `idCheckListSyaratSRTKPH` int(11) NOT NULL AUTO_INCREMENT,AUTO_INCREMENT=158;
--
-- AUTO_INCREMENT for table `CheckListSyaratSRTMPH`
--
ALTER TABLE `CheckListSyaratSRTMPH`
  MODIFY `idCheckListSyaratSRTMPH` int(11) NOT NULL AUTO_INCREMENT,AUTO_INCREMENT=314;
--
-- AUTO_INCREMENT for table `CheckListSyaratSV`
--
ALTER TABLE `CheckListSyaratSV`
  MODIFY `idChecklistSyaratSV` int(11) NOT NULL AUTO_INCREMENT,AUTO_INCREMENT=5;
--
-- AUTO_INCREMENT for table `cms`
--
ALTER TABLE `cms`
  MODIFY `id` int(11) NOT NULL AUTO_INCREMENT;
--
-- AUTO_INCREMENT for table `comment`
--
ALTER TABLE `comment`
  MODIFY `id` int(11) NOT NULL AUTO_INCREMENT;
--
-- AUTO_INCREMENT for table `DaftarProdukSRTKPH`
--
ALTER TABLE `DaftarProdukSRTKPH`
  MODIFY `idDaftarProdukSRTKPH` int(11) NOT NULL AUTO_INCREMENT,AUTO_INCREMENT=44;
--
-- AUTO_INCREMENT for table `DaftarProdukSRTMPH`
--
ALTER TABLE `DaftarProdukSRTMPH`
  MODIFY `idDaftarProdukSRTMPH` int(11) NOT NULL AUTO_INCREMENT,AUTO_INCREMENT=87;
--
-- AUTO_INCREMENT for table `DaftarProdukSV`
--
ALTER TABLE `DaftarProdukSV`
  MODIFY `idDaftarProdukSV` int(11) NOT NULL AUTO_INCREMENT,AUTO_INCREMENT=12;
--
-- AUTO_INCREMENT for table `HasilUji`
--
ALTER TABLE `HasilUji`
  MODIFY `idHasilUji` int(11) NOT NULL AUTO_INCREMENT;
--
-- AUTO_INCREMENT for table `Instansi`
--
ALTER TABLE `Instansi`
  MODIFY `idInstansi` int(11) NOT NULL AUTO_INCREMENT,AUTO_INCREMENT=2;
--
-- AUTO_INCREMENT for table `InstansiSDM`
--
ALTER TABLE `InstansiSDM`
  MODIFY `idInstansiSDM` int(11) NOT NULL AUTO_INCREMENT,AUTO_INCREMENT=2;
--
-- AUTO_INCREMENT for table `JenisKemasan`
--
ALTER TABLE `JenisKemasan`
  MODIFY `idJenisKemasan` int(11) NOT NULL AUTO_INCREMENT,AUTO_INCREMENT=12;
--
-- AUTO_INCREMENT for table `JenisPelatihan`
--
ALTER TABLE `JenisPelatihan`
  MODIFY `idJenisPelatihan` int(11) NOT NULL AUTO_INCREMENT,AUTO_INCREMENT=2;
--
-- AUTO_INCREMENT for table `JenisProduk`
--
ALTER TABLE `JenisProduk`
  MODIFY `idJenisProduk` int(11) NOT NULL AUTO_INCREMENT,AUTO_INCREMENT=20;
--
-- AUTO_INCREMENT for table `JenisSuratTugas`
--
ALTER TABLE `JenisSuratTugas`
  MODIFY `idJenisSuratTugas` int(11) NOT NULL AUTO_INCREMENT,AUTO_INCREMENT=2;
--
-- AUTO_INCREMENT for table `Karantina`
--
ALTER TABLE `Karantina`
  MODIFY `idKarantina` int(11) NOT NULL AUTO_INCREMENT;
--
-- AUTO_INCREMENT for table `KemampuanUji`
--
ALTER TABLE `KemampuanUji`
  MODIFY `idKemampuanUji` int(11) NOT NULL AUTO_INCREMENT;
--
-- AUTO_INCREMENT for table `KemampuanUjiLab`
--
ALTER TABLE `KemampuanUjiLab`
  MODIFY `idKemampuanUjiLab` int(11) NOT NULL AUTO_INCREMENT;
--
-- AUTO_INCREMENT for table `KlienLab`
--
ALTER TABLE `KlienLab`
  MODIFY `idKlienLab` int(11) NOT NULL AUTO_INCREMENT;
--
-- AUTO_INCREMENT for table `Kompetensi`
--
ALTER TABLE `Kompetensi`
  MODIFY `idKompetensi` int(11) NOT NULL AUTO_INCREMENT,AUTO_INCREMENT=2;
--
-- AUTO_INCREMENT for table `KompetensiSDM`
--
ALTER TABLE `KompetensiSDM`
  MODIFY `idKompetensiSDM` int(11) NOT NULL AUTO_INCREMENT,AUTO_INCREMENT=2;
--
-- AUTO_INCREMENT for table `Laboratorium`
--
ALTER TABLE `Laboratorium`
  MODIFY `idLaboratorium` int(11) NOT NULL AUTO_INCREMENT;
--
-- AUTO_INCREMENT for table `LaporanRealisasiSRTKPH`
--
ALTER TABLE `LaporanRealisasiSRTKPH`
  MODIFY `id` int(11) NOT NULL AUTO_INCREMENT COMMENT 'ID surrogate untuk Laporan Realisasi SRTKPH pengajuan sebelumnya';
--
-- AUTO_INCREMENT for table `Lingkup`
--
ALTER TABLE `Lingkup`
  MODIFY `idLingkup` int(11) NOT NULL AUTO_INCREMENT;
--
-- AUTO_INCREMENT for table `MetodeKemampuanUji`
--
ALTER TABLE `MetodeKemampuanUji`
  MODIFY `idMetodeKemampuanUji` int(11) NOT NULL AUTO_INCREMENT;
--
-- AUTO_INCREMENT for table `Orang`
--
ALTER TABLE `Orang`
  MODIFY `idOrang` int(11) NOT NULL AUTO_INCREMENT,AUTO_INCREMENT=53;
--
-- AUTO_INCREMENT for table `Otovet`
--
ALTER TABLE `Otovet`
  MODIFY `idOtovet` int(11) NOT NULL AUTO_INCREMENT,AUTO_INCREMENT=10;
--
-- AUTO_INCREMENT for table `OtovetKabKota`
--
ALTER TABLE `OtovetKabKota`
  MODIFY `idOtovetKabKota` int(11) NOT NULL AUTO_INCREMENT,AUTO_INCREMENT=5;
--
-- AUTO_INCREMENT for table `OtovetProvinsi`
--
ALTER TABLE `OtovetProvinsi`
  MODIFY `idOtovetProvinsi` int(11) NOT NULL AUTO_INCREMENT,AUTO_INCREMENT=4;
--
-- AUTO_INCREMENT for table `PanitiaPelatihan`
--
ALTER TABLE `PanitiaPelatihan`
  MODIFY `idPanitiaPelatihan` int(11) NOT NULL AUTO_INCREMENT;
--
-- AUTO_INCREMENT for table `PelakuUsaha`
--
ALTER TABLE `PelakuUsaha`
  MODIFY `idPerusahaan` int(11) NOT NULL AUTO_INCREMENT,AUTO_INCREMENT=50;
--
-- AUTO_INCREMENT for table `Pelatihan`
--
ALTER TABLE `Pelatihan`
  MODIFY `idPelatihan` int(11) NOT NULL AUTO_INCREMENT,AUTO_INCREMENT=2;
--
-- AUTO_INCREMENT for table `PemilikUsaha`
--
ALTER TABLE `PemilikUsaha`
  MODIFY `idPemilikUsaha` int(11) NOT NULL AUTO_INCREMENT,AUTO_INCREMENT=50;
--
-- AUTO_INCREMENT for table `PengajuanSRTKPH`
--
ALTER TABLE `PengajuanSRTKPH`
  MODIFY `idPengajuanSRTKPH` int(11) NOT NULL AUTO_INCREMENT,AUTO_INCREMENT=44;
--
-- AUTO_INCREMENT for table `PengajuanSRTMPH`
--
ALTER TABLE `PengajuanSRTMPH`
  MODIFY `idPengajuanSRTMPH` int(11) NOT NULL AUTO_INCREMENT,AUTO_INCREMENT=89;
--
-- AUTO_INCREMENT for table `PengajuanSV`
--
ALTER TABLE `PengajuanSV`
  MODIFY `idPengajuanSV` int(11) NOT NULL AUTO_INCREMENT,AUTO_INCREMENT=12;
--
-- AUTO_INCREMENT for table `PNS`
--
ALTER TABLE `PNS`
  MODIFY `idPegawai` int(11) NOT NULL AUTO_INCREMENT,AUTO_INCREMENT=6;
--
-- AUTO_INCREMENT for table `PNSSuratTugas`
--
ALTER TABLE `PNSSuratTugas`
  MODIFY `idPNSSuratTugas` int(11) NOT NULL AUTO_INCREMENT;
--
-- AUTO_INCREMENT for table `Province`
--
ALTER TABLE `Province`
  MODIFY `idProvince` tinyint(3) unsigned NOT NULL AUTO_INCREMENT COMMENT 'Surrogate key for Province',AUTO_INCREMENT=35;
--
-- AUTO_INCREMENT for table `RegencyCity`
--
ALTER TABLE `RegencyCity`
  MODIFY `idRegencyCity` int(10) unsigned NOT NULL AUTO_INCREMENT COMMENT 'Surrogate key of Kabupaten/Kota',AUTO_INCREMENT=516;
--
-- AUTO_INCREMENT for table `Satuan`
--
ALTER TABLE `Satuan`
  MODIFY `idSatuan` int(11) NOT NULL AUTO_INCREMENT,AUTO_INCREMENT=5;
--
-- AUTO_INCREMENT for table `SDM`
--
ALTER TABLE `SDM`
  MODIFY `idSDM` int(11) NOT NULL AUTO_INCREMENT,AUTO_INCREMENT=5;
--
-- AUTO_INCREMENT for table `SDMSuratTugas`
--
ALTER TABLE `SDMSuratTugas`
  MODIFY `idSDMSuratTugas` int(11) NOT NULL AUTO_INCREMENT;
--
-- AUTO_INCREMENT for table `SertifikatHasilUji`
--
ALTER TABLE `SertifikatHasilUji`
  MODIFY `idSertifikatHasilUji` int(11) NOT NULL AUTO_INCREMENT;
--
-- AUTO_INCREMENT for table `SertifikatPelatihan`
--
ALTER TABLE `SertifikatPelatihan`
  MODIFY `idSertifikatPelatihan` int(11) NOT NULL AUTO_INCREMENT;
--
-- AUTO_INCREMENT for table `Spesies`
--
ALTER TABLE `Spesies`
  MODIFY `idSpesies` int(11) NOT NULL AUTO_INCREMENT,AUTO_INCREMENT=3;
--
-- AUTO_INCREMENT for table `SRTKPH`
--
ALTER TABLE `SRTKPH`
  MODIFY `idSRTKPH` int(11) NOT NULL AUTO_INCREMENT,AUTO_INCREMENT=40;
--
-- AUTO_INCREMENT for table `SRTMPH`
--
ALTER TABLE `SRTMPH`
  MODIFY `idSRTMPH` int(11) NOT NULL AUTO_INCREMENT,AUTO_INCREMENT=67;
--
-- AUTO_INCREMENT for table `SubDistrict`
--
ALTER TABLE `SubDistrict`
  MODIFY `idSubDistrict` int(11) unsigned NOT NULL AUTO_INCREMENT COMMENT 'Surrogate key of Kecamatan';
--
-- AUTO_INCREMENT for table `SuratTugas`
--
ALTER TABLE `SuratTugas`
  MODIFY `idSuratTugas` int(11) NOT NULL AUTO_INCREMENT,AUTO_INCREMENT=2;
--
-- AUTO_INCREMENT for table `SV`
--
ALTER TABLE `SV`
  MODIFY `idSV` int(11) NOT NULL AUTO_INCREMENT,AUTO_INCREMENT=5;
--
-- AUTO_INCREMENT for table `SyaratSRTKPH`
--
ALTER TABLE `SyaratSRTKPH`
  MODIFY `idSyaratSRTKPH` int(11) NOT NULL AUTO_INCREMENT,AUTO_INCREMENT=5;
--
-- AUTO_INCREMENT for table `SyaratSRTMPH`
--
ALTER TABLE `SyaratSRTMPH`
  MODIFY `idPersyaratanSRTMPH` int(11) NOT NULL AUTO_INCREMENT,AUTO_INCREMENT=6;
--
-- AUTO_INCREMENT for table `SyaratSV`
--
ALTER TABLE `SyaratSV`
  MODIFY `idSyaratSV` int(11) NOT NULL AUTO_INCREMENT COMMENT 'Syarat Sertifikat Veteriner',AUTO_INCREMENT=4;
--
-- AUTO_INCREMENT for table `user`
--
ALTER TABLE `user`
  MODIFY `id` int(11) NOT NULL AUTO_INCREMENT,AUTO_INCREMENT=56;
--
-- AUTO_INCREMENT for table `userloginlog`
--
ALTER TABLE `userloginlog`
  MODIFY `id` int(11) NOT NULL AUTO_INCREMENT,AUTO_INCREMENT=219;
--
-- AUTO_INCREMENT for table `verifikasiUser`
--
ALTER TABLE `verifikasiUser`
  MODIFY `id` int(11) NOT NULL AUTO_INCREMENT,AUTO_INCREMENT=50;
--
-- AUTO_INCREMENT for table `Village`
--
ALTER TABLE `Village`
  MODIFY `idVillage` int(11) unsigned NOT NULL AUTO_INCREMENT COMMENT 'Surrogate key of Kelurahan/Desa',AUTO_INCREMENT=7460;
--
-- AUTO_INCREMENT for table `WilayahKerja`
--
ALTER TABLE `WilayahKerja`
  MODIFY `idWilayahKerja` int(11) NOT NULL AUTO_INCREMENT,AUTO_INCREMENT=9;
--
-- Ketidakleluasaan untuk tabel pelimpahan (Dumped Tables)
--

--
-- Ketidakleluasaan untuk tabel `AlamatOrang`
--
ALTER TABLE `AlamatOrang`
  ADD CONSTRAINT `fk_AlamatOrang_Orang1` FOREIGN KEY (`idOrang`) REFERENCES `Orang` (`idOrang`) ON DELETE NO ACTION ON UPDATE NO ACTION,
  ADD CONSTRAINT `fk_AlamatOrang_tblVillage1` FOREIGN KEY (`idVillage`) REFERENCES `Village` (`idVillage`) ON DELETE NO ACTION ON UPDATE NO ACTION;

--
-- Ketidakleluasaan untuk tabel `CheckListSyaratSRTKPH`
--
ALTER TABLE `CheckListSyaratSRTKPH`
  ADD CONSTRAINT `fk_CheckListSyaratSRTKPH_PengajuanSRTKPH1` FOREIGN KEY (`PengajuanSRTKPH_idPengajuanSRTKPH`) REFERENCES `PengajuanSRTKPH` (`idPengajuanSRTKPH`) ON DELETE NO ACTION ON UPDATE NO ACTION,
  ADD CONSTRAINT `fk_CheckListSyaratSRTKPH_Syarat SRTKPH1` FOREIGN KEY (`SyaratSRTKPH_idSyaratSRTKPH`) REFERENCES `SyaratSRTKPH` (`idSyaratSRTKPH`) ON DELETE NO ACTION ON UPDATE NO ACTION;

--
-- Ketidakleluasaan untuk tabel `CheckListSyaratSRTMPH`
--
ALTER TABLE `CheckListSyaratSRTMPH`
  ADD CONSTRAINT `fk_CheckListSyaratSRTMPH_PengajuanSRTMPH1` FOREIGN KEY (`PengajuanSRTMPH_idPengajuanSRTMPH`) REFERENCES `PengajuanSRTMPH` (`idPengajuanSRTMPH`) ON DELETE NO ACTION ON UPDATE NO ACTION,
  ADD CONSTRAINT `fk_CheckListSyaratSRTMPH_SyaratSRTMPH1` FOREIGN KEY (`SyaratSRTMPH_idPersyaratanSRTMPH`) REFERENCES `SyaratSRTMPH` (`idPersyaratanSRTMPH`) ON DELETE NO ACTION ON UPDATE NO ACTION;

--
-- Ketidakleluasaan untuk tabel `CheckListSyaratSV`
--
ALTER TABLE `CheckListSyaratSV`
  ADD CONSTRAINT `fk_CheckListSyaratSV_PengajuanSV1` FOREIGN KEY (`PengajuanSV_idPengajuanSV`) REFERENCES `PengajuanSV` (`idPengajuanSV`) ON DELETE NO ACTION ON UPDATE NO ACTION,
  ADD CONSTRAINT `fk_CheckListSyaratSV_SyaratSV1` FOREIGN KEY (`SyaratSV_idSyaratSV`) REFERENCES `SyaratSV` (`idSyaratSV`) ON DELETE NO ACTION ON UPDATE NO ACTION;

--
-- Ketidakleluasaan untuk tabel `DaftarProdukSRTKPH`
--
ALTER TABLE `DaftarProdukSRTKPH`
  ADD CONSTRAINT `fk_DaftarProdukSRTKPH_PengajuanSRTKPH1` FOREIGN KEY (`PengajuanSRTKPH`) REFERENCES `PengajuanSRTKPH` (`idPengajuanSRTKPH`) ON DELETE NO ACTION ON UPDATE NO ACTION,
  ADD CONSTRAINT `fk_DaftarProdukSV_JenisKemasan100` FOREIGN KEY (`JenisKemasan`) REFERENCES `JenisKemasan` (`idJenisKemasan`) ON DELETE NO ACTION ON UPDATE NO ACTION,
  ADD CONSTRAINT `fk_DaftarProdukSV_JenisProduk100` FOREIGN KEY (`JenisProduk`) REFERENCES `JenisProduk` (`idJenisProduk`) ON DELETE NO ACTION ON UPDATE NO ACTION,
  ADD CONSTRAINT `fk_DaftarProdukSV_Satuan100` FOREIGN KEY (`Satuan`) REFERENCES `Satuan` (`idSatuan`) ON DELETE NO ACTION ON UPDATE NO ACTION;

--
-- Ketidakleluasaan untuk tabel `DaftarProdukSRTMPH`
--
ALTER TABLE `DaftarProdukSRTMPH`
  ADD CONSTRAINT `fk_DaftarProdukSRTMPH_PengajuanSRTMPH1` FOREIGN KEY (`PengajuanSRTMPH`) REFERENCES `PengajuanSRTMPH` (`idPengajuanSRTMPH`) ON DELETE NO ACTION ON UPDATE NO ACTION,
  ADD CONSTRAINT `fk_DaftarProdukSV_JenisKemasan10` FOREIGN KEY (`JenisKemasan`) REFERENCES `JenisKemasan` (`idJenisKemasan`) ON DELETE NO ACTION ON UPDATE NO ACTION,
  ADD CONSTRAINT `fk_DaftarProdukSV_JenisProduk10` FOREIGN KEY (`JenisProduk`) REFERENCES `JenisProduk` (`idJenisProduk`) ON DELETE NO ACTION ON UPDATE NO ACTION,
  ADD CONSTRAINT `fk_DaftarProdukSV_Satuan10` FOREIGN KEY (`Satuan`) REFERENCES `Satuan` (`idSatuan`) ON DELETE NO ACTION ON UPDATE NO ACTION;

--
-- Ketidakleluasaan untuk tabel `DaftarProdukSV`
--
ALTER TABLE `DaftarProdukSV`
  ADD CONSTRAINT `fk_DaftarProdukSV_JenisKemasan1` FOREIGN KEY (`JenisKemasan`) REFERENCES `JenisKemasan` (`idJenisKemasan`) ON DELETE NO ACTION ON UPDATE NO ACTION,
  ADD CONSTRAINT `fk_DaftarProdukSV_JenisProduk1` FOREIGN KEY (`JenisProduk`) REFERENCES `JenisProduk` (`idJenisProduk`) ON DELETE NO ACTION ON UPDATE NO ACTION,
  ADD CONSTRAINT `fk_DaftarProdukSV_PengajuanSV1` FOREIGN KEY (`idPengajuanSV`) REFERENCES `PengajuanSV` (`idPengajuanSV`) ON DELETE NO ACTION ON UPDATE NO ACTION,
  ADD CONSTRAINT `fk_DaftarProdukSV_Satuan1` FOREIGN KEY (`Satuan`) REFERENCES `Satuan` (`idSatuan`) ON DELETE NO ACTION ON UPDATE NO ACTION;

--
-- Ketidakleluasaan untuk tabel `HasilUji`
--
ALTER TABLE `HasilUji`
  ADD CONSTRAINT `fk_HasilUji_KemampuanUji1` FOREIGN KEY (`KemampuanUji_idKemampuanUji`) REFERENCES `KemampuanUji` (`idKemampuanUji`) ON DELETE NO ACTION ON UPDATE NO ACTION,
  ADD CONSTRAINT `fk_HasilUji_KlienLab1` FOREIGN KEY (`KlienLab_idKlienLab`) REFERENCES `KlienLab` (`idKlienLab`) ON DELETE NO ACTION ON UPDATE NO ACTION,
  ADD CONSTRAINT `fk_HasilUji_Laboratorium1` FOREIGN KEY (`Laboratorium_idLaboratorium`) REFERENCES `Laboratorium` (`idLaboratorium`) ON DELETE NO ACTION ON UPDATE NO ACTION;

--
-- Ketidakleluasaan untuk tabel `Instansi`
--
ALTER TABLE `Instansi`
  ADD CONSTRAINT `fk_Instansi_tblRegencyCity1` FOREIGN KEY (`tblRegencyCity_ID`) REFERENCES `RegencyCity` (`idRegencyCity`) ON DELETE NO ACTION ON UPDATE NO ACTION;

--
-- Ketidakleluasaan untuk tabel `InstansiSDM`
--
ALTER TABLE `InstansiSDM`
  ADD CONSTRAINT `fk_InstansiSDM_Instansi1` FOREIGN KEY (`Instansi_idInstansi`) REFERENCES `Instansi` (`idInstansi`) ON DELETE NO ACTION ON UPDATE NO ACTION,
  ADD CONSTRAINT `fk_InstansiSDM_SDM1` FOREIGN KEY (`SDM_idSDM`) REFERENCES `SDM` (`idSDM`) ON DELETE NO ACTION ON UPDATE NO ACTION,
  ADD CONSTRAINT `fk_InstansiSDM_WilayahKerja1` FOREIGN KEY (`WilayahKerja_idWilayahKerja`) REFERENCES `WilayahKerja` (`idWilayahKerja`) ON DELETE NO ACTION ON UPDATE NO ACTION;

--
-- Ketidakleluasaan untuk tabel `JenisProduk_has_JenisKemasan`
--
ALTER TABLE `JenisProduk_has_JenisKemasan`
  ADD CONSTRAINT `fk_JenisProduk_has_JenisKemasan_JenisKemasan1` FOREIGN KEY (`JenisKemasan_idJenisKemasan`) REFERENCES `JenisKemasan` (`idJenisKemasan`) ON DELETE NO ACTION ON UPDATE NO ACTION,
  ADD CONSTRAINT `fk_JenisProduk_has_JenisKemasan_JenisProduk1` FOREIGN KEY (`JenisProduk_idJenisProduk`) REFERENCES `JenisProduk` (`idJenisProduk`) ON DELETE NO ACTION ON UPDATE NO ACTION;

--
-- Ketidakleluasaan untuk tabel `KemampuanUjiLab`
--
ALTER TABLE `KemampuanUjiLab`
  ADD CONSTRAINT `fk_KemampuanUjiLab_KemampuanUji1` FOREIGN KEY (`KemampuanUji_idKemampuanUji`) REFERENCES `KemampuanUji` (`idKemampuanUji`) ON DELETE NO ACTION ON UPDATE NO ACTION,
  ADD CONSTRAINT `fk_KemampuanUjiLab_Laboratorium1` FOREIGN KEY (`Laboratorium_idLaboratorium`) REFERENCES `Laboratorium` (`idLaboratorium`) ON DELETE NO ACTION ON UPDATE NO ACTION,
  ADD CONSTRAINT `fk_KemampuanUjiLab_MetodeKemampuanUji1` FOREIGN KEY (`MetodeKemampuanUji_idMetodeKemampuanUji`) REFERENCES `MetodeKemampuanUji` (`idMetodeKemampuanUji`) ON DELETE NO ACTION ON UPDATE NO ACTION;

--
-- Ketidakleluasaan untuk tabel `KompetensiSDM`
--
ALTER TABLE `KompetensiSDM`
  ADD CONSTRAINT `fk_KompetensiSDM_Kompetensi1` FOREIGN KEY (`Kompetensi_idKompetensi`) REFERENCES `Kompetensi` (`idKompetensi`) ON DELETE NO ACTION ON UPDATE NO ACTION,
  ADD CONSTRAINT `fk_KompetensiSDM_SDM1` FOREIGN KEY (`SDM_idSDM`) REFERENCES `SDM` (`idSDM`) ON DELETE NO ACTION ON UPDATE NO ACTION;

--
-- Ketidakleluasaan untuk tabel `Laboratorium`
--
ALTER TABLE `Laboratorium`
  ADD CONSTRAINT `fk_Laboratorium_Lingkup1` FOREIGN KEY (`Lingkup_idLingkup`) REFERENCES `Lingkup` (`idLingkup`) ON DELETE NO ACTION ON UPDATE NO ACTION,
  ADD CONSTRAINT `fk_Laboratorium_PNS1` FOREIGN KEY (`PenanggungJawabTeknis_PNS_idPegawai`) REFERENCES `PNS` (`idPegawai`) ON DELETE NO ACTION ON UPDATE NO ACTION,
  ADD CONSTRAINT `fk_Laboratorium_PNS2` FOREIGN KEY (`KepalaLab_PNS_idPegawai`) REFERENCES `PNS` (`idPegawai`) ON DELETE NO ACTION ON UPDATE NO ACTION,
  ADD CONSTRAINT `fk_Laboratorium_tblRegencyCity1` FOREIGN KEY (`tblRegencyCity_ID`) REFERENCES `RegencyCity` (`idRegencyCity`) ON DELETE NO ACTION ON UPDATE NO ACTION;

--
-- Ketidakleluasaan untuk tabel `LaporanRealisasiSRTKPH`
--
ALTER TABLE `LaporanRealisasiSRTKPH`
  ADD CONSTRAINT `fk_LaporanRealisasiSRTKPH_SRTKPH1` FOREIGN KEY (`idSRTKPH`) REFERENCES `SRTKPH` (`idSRTKPH`) ON DELETE NO ACTION ON UPDATE NO ACTION;

--
-- Ketidakleluasaan untuk tabel `Otovet`
--
ALTER TABLE `Otovet`
  ADD CONSTRAINT `fk_Otovet_PNS1` FOREIGN KEY (`PNS_idPegawai`) REFERENCES `PNS` (`idPegawai`) ON DELETE NO ACTION ON UPDATE NO ACTION;

--
-- Ketidakleluasaan untuk tabel `OtovetKabKota`
--
ALTER TABLE `OtovetKabKota`
  ADD CONSTRAINT `fk_OtovetKabKota_Otovet1` FOREIGN KEY (`Otovet_idOtovet`) REFERENCES `Otovet` (`idOtovet`) ON DELETE NO ACTION ON UPDATE NO ACTION,
  ADD CONSTRAINT `fk_OtovetKabKota_tblRegencyCity1` FOREIGN KEY (`tblRegencyCity_ID`) REFERENCES `RegencyCity` (`idRegencyCity`) ON DELETE NO ACTION ON UPDATE NO ACTION;

--
-- Ketidakleluasaan untuk tabel `OtovetProvinsi`
--
ALTER TABLE `OtovetProvinsi`
  ADD CONSTRAINT `fk_OtovetProvinsi_Otovet1` FOREIGN KEY (`Otovet_idOtovet`) REFERENCES `Otovet` (`idOtovet`) ON DELETE NO ACTION ON UPDATE NO ACTION,
  ADD CONSTRAINT `fk_OtovetProvinsi_tblProvince1` FOREIGN KEY (`tblProvince_ID`) REFERENCES `Province` (`idProvince`) ON DELETE NO ACTION ON UPDATE NO ACTION;

--
-- Ketidakleluasaan untuk tabel `PanitiaPelatihan`
--
ALTER TABLE `PanitiaPelatihan`
  ADD CONSTRAINT `fk_PanitiaPelatihan_PNS1` FOREIGN KEY (`PNS_idPegawai`) REFERENCES `PNS` (`idPegawai`) ON DELETE NO ACTION ON UPDATE NO ACTION,
  ADD CONSTRAINT `fk_PanitiaPelatihan_Pelatihan1` FOREIGN KEY (`Pelatihan_idPelatihan`) REFERENCES `Pelatihan` (`idPelatihan`) ON DELETE NO ACTION ON UPDATE NO ACTION;

--
-- Ketidakleluasaan untuk tabel `PelakuUsaha`
--
ALTER TABLE `PelakuUsaha`
  ADD CONSTRAINT `fk_PelakuUsaha_WilayahKerja1` FOREIGN KEY (`idWilayahKerja`) REFERENCES `WilayahKerja` (`idWilayahKerja`) ON DELETE NO ACTION ON UPDATE NO ACTION,
  ADD CONSTRAINT `fk_PelakuUsaha_tblRegencyCity1` FOREIGN KEY (`idRegencyCity`) REFERENCES `RegencyCity` (`idRegencyCity`) ON DELETE NO ACTION ON UPDATE NO ACTION,
  ADD CONSTRAINT `fk_Perusahaan_PelakuUsaha1` FOREIGN KEY (`idPemilikUsaha`) REFERENCES `PemilikUsaha` (`idPemilikUsaha`) ON DELETE NO ACTION ON UPDATE NO ACTION;

--
-- Ketidakleluasaan untuk tabel `Pelatihan`
--
ALTER TABLE `Pelatihan`
  ADD CONSTRAINT `fk_Pelatihan_JenisPelatihan1` FOREIGN KEY (`JenisPelatihan_idJenisPelatihan`) REFERENCES `JenisPelatihan` (`idJenisPelatihan`) ON DELETE NO ACTION ON UPDATE NO ACTION;

--
-- Ketidakleluasaan untuk tabel `PemilikUsaha`
--
ALTER TABLE `PemilikUsaha`
  ADD CONSTRAINT `fk_PemilikUsaha_Orang1` FOREIGN KEY (`idOrang`) REFERENCES `Orang` (`idOrang`) ON DELETE NO ACTION ON UPDATE NO ACTION;

--
-- Ketidakleluasaan untuk tabel `PengajuanSRTKPH`
--
ALTER TABLE `PengajuanSRTKPH`
  ADD CONSTRAINT `fk_PengajuanSRTKPH_JenisProduk1` FOREIGN KEY (`JenisProduk_idJenisProduk`) REFERENCES `JenisProduk` (`idJenisProduk`) ON DELETE NO ACTION ON UPDATE NO ACTION,
  ADD CONSTRAINT `fk_PengajuanSRTKPH_PelakuUsaha1` FOREIGN KEY (`PelakuUsaha_idPerusahaan`) REFERENCES `PelakuUsaha` (`idPerusahaan`) ON DELETE NO ACTION ON UPDATE NO ACTION,
  ADD CONSTRAINT `fk_PengajuanSRTKPH_SRTMPH1` FOREIGN KEY (`idSRTMPH`) REFERENCES `SRTMPH` (`idSRTMPH`) ON DELETE NO ACTION ON UPDATE NO ACTION,
  ADD CONSTRAINT `fk_PengajuanSRTKPH_tblRegencyCity1` FOREIGN KEY (`WilayahAsal`) REFERENCES `RegencyCity` (`idRegencyCity`) ON DELETE NO ACTION ON UPDATE NO ACTION,
  ADD CONSTRAINT `fk_PengajuanSRTKPH_tblRegencyCity2` FOREIGN KEY (`WilayahTujuan`) REFERENCES `RegencyCity` (`idRegencyCity`) ON DELETE NO ACTION ON UPDATE NO ACTION;

--
-- Ketidakleluasaan untuk tabel `PengajuanSRTMPH`
--
ALTER TABLE `PengajuanSRTMPH`
  ADD CONSTRAINT `fk_PengajuanSRTMPH_JenisProduk1` FOREIGN KEY (`JenisProduk_idJenisProduk`) REFERENCES `JenisProduk` (`idJenisProduk`) ON DELETE NO ACTION ON UPDATE NO ACTION,
  ADD CONSTRAINT `fk_PengajuanSRTMPH_PelakuUsaha1` FOREIGN KEY (`PelakuUsaha_idPerusahaan`) REFERENCES `PelakuUsaha` (`idPerusahaan`) ON DELETE NO ACTION ON UPDATE NO ACTION,
  ADD CONSTRAINT `fk_PengajuanSRTMPH_tblRegencyCity1` FOREIGN KEY (`WilayahAsal`) REFERENCES `RegencyCity` (`idRegencyCity`) ON DELETE NO ACTION ON UPDATE NO ACTION,
  ADD CONSTRAINT `fk_PengajuanSRTMPH_tblRegencyCity2` FOREIGN KEY (`WilayahTujuan`) REFERENCES `RegencyCity` (`idRegencyCity`) ON DELETE NO ACTION ON UPDATE NO ACTION;

--
-- Ketidakleluasaan untuk tabel `PengajuanSV`
--
ALTER TABLE `PengajuanSV`
  ADD CONSTRAINT `fk_PengajuanSV_PelakuUsaha1` FOREIGN KEY (`PelakuUsaha_idPerusahaan`) REFERENCES `PelakuUsaha` (`idPerusahaan`) ON DELETE NO ACTION ON UPDATE NO ACTION,
  ADD CONSTRAINT `fk_PengajuanSV_Spesies1` FOREIGN KEY (`Spesies`) REFERENCES `Spesies` (`idSpesies`) ON DELETE NO ACTION ON UPDATE NO ACTION,
  ADD CONSTRAINT `fk_PengajuanSV_tblRegencyCity1` FOREIGN KEY (`WilayahAsal`) REFERENCES `RegencyCity` (`idRegencyCity`) ON DELETE NO ACTION ON UPDATE NO ACTION,
  ADD CONSTRAINT `fk_PengajuanSV_tblRegencyCity2` FOREIGN KEY (`WilayahTujuan`) REFERENCES `RegencyCity` (`idRegencyCity`) ON DELETE NO ACTION ON UPDATE NO ACTION;

--
-- Ketidakleluasaan untuk tabel `PengawasKesmavet`
--
ALTER TABLE `PengawasKesmavet`
  ADD CONSTRAINT `fk_PengawasKesmavet_PNS1` FOREIGN KEY (`PNS_idPegawai`) REFERENCES `PNS` (`idPegawai`) ON DELETE NO ACTION ON UPDATE NO ACTION,
  ADD CONSTRAINT `fk_PengawasKesmavet_WilayahKerja1` FOREIGN KEY (`idWilayahKerja`) REFERENCES `WilayahKerja` (`idWilayahKerja`) ON DELETE NO ACTION ON UPDATE NO ACTION,
  ADD CONSTRAINT `fk_PengawasKesmavet_tblRegencyCity1` FOREIGN KEY (`idRegencyCity`) REFERENCES `RegencyCity` (`idRegencyCity`) ON DELETE NO ACTION ON UPDATE NO ACTION;

--
-- Ketidakleluasaan untuk tabel `Pintu`
--
ALTER TABLE `Pintu`
  ADD CONSTRAINT `fk_Pintu_RegencyCity1` FOREIGN KEY (`RegencyCity`) REFERENCES `RegencyCity` (`idRegencyCity`) ON DELETE NO ACTION ON UPDATE NO ACTION;

--
-- Ketidakleluasaan untuk tabel `PNS`
--
ALTER TABLE `PNS`
  ADD CONSTRAINT `fk_PNS_Orang1` FOREIGN KEY (`Orang_idOrang`) REFERENCES `Orang` (`idOrang`) ON DELETE NO ACTION ON UPDATE NO ACTION;

--
-- Ketidakleluasaan untuk tabel `PNSSuratTugas`
--
ALTER TABLE `PNSSuratTugas`
  ADD CONSTRAINT `fk_PNSSuratTugas_PNS1` FOREIGN KEY (`PNS_idPegawai`) REFERENCES `PNS` (`idPegawai`) ON DELETE NO ACTION ON UPDATE NO ACTION,
  ADD CONSTRAINT `fk_PNSSuratTugas_SuratTugas1` FOREIGN KEY (`SuratTugas_idSuratTugas`) REFERENCES `SuratTugas` (`idSuratTugas`) ON DELETE NO ACTION ON UPDATE NO ACTION;

--
-- Ketidakleluasaan untuk tabel `SDM`
--
ALTER TABLE `SDM`
  ADD CONSTRAINT `fk_SDM_Orang1` FOREIGN KEY (`Orang_idOrang`) REFERENCES `Orang` (`idOrang`) ON DELETE NO ACTION ON UPDATE NO ACTION;

--
-- Ketidakleluasaan untuk tabel `SDMSuratTugas`
--
ALTER TABLE `SDMSuratTugas`
  ADD CONSTRAINT `fk_SDMSuratTugas_SDM1` FOREIGN KEY (`SDM_idSDM`) REFERENCES `SDM` (`idSDM`) ON DELETE NO ACTION ON UPDATE NO ACTION,
  ADD CONSTRAINT `fk_SDMSuratTugas_SuratTugas1` FOREIGN KEY (`SuratTugas_idSuratTugas`) REFERENCES `SuratTugas` (`idSuratTugas`) ON DELETE NO ACTION ON UPDATE NO ACTION;

--
-- Ketidakleluasaan untuk tabel `SertifikatHasilUji`
--
ALTER TABLE `SertifikatHasilUji`
  ADD CONSTRAINT `fk_SertifikatHasilUji_KemampuanUji1` FOREIGN KEY (`KemampuanUji_idKemampuanUji`) REFERENCES `KemampuanUji` (`idKemampuanUji`) ON DELETE NO ACTION ON UPDATE NO ACTION,
  ADD CONSTRAINT `fk_SertifikatHasilUji_Laboratorium1` FOREIGN KEY (`Laboratorium_idLaboratorium`) REFERENCES `Laboratorium` (`idLaboratorium`) ON DELETE NO ACTION ON UPDATE NO ACTION,
  ADD CONSTRAINT `fk_SertifikatHasilUji_PelakuUsaha1` FOREIGN KEY (`PelakuUsaha_idPerusahaan`, `PelakuUsaha_PemilikUsaha_idPemilikUsaha`) REFERENCES `PelakuUsaha` (`idPerusahaan`, `idPemilikUsaha`) ON DELETE NO ACTION ON UPDATE NO ACTION;

--
-- Ketidakleluasaan untuk tabel `SertifikatPelatihan`
--
ALTER TABLE `SertifikatPelatihan`
  ADD CONSTRAINT `fk_SertifikatPelatihan_Pelatihan1` FOREIGN KEY (`Pelatihan_idPelatihan`) REFERENCES `Pelatihan` (`idPelatihan`) ON DELETE NO ACTION ON UPDATE NO ACTION,
  ADD CONSTRAINT `fk_SertifikatPelatihan_SDM1` FOREIGN KEY (`SDM_idSDM`) REFERENCES `SDM` (`idSDM`) ON DELETE NO ACTION ON UPDATE NO ACTION;

--
-- Ketidakleluasaan untuk tabel `SRTKPH`
--
ALTER TABLE `SRTKPH`
  ADD CONSTRAINT `fk_SRTKPH_Otovet1` FOREIGN KEY (`Otovet_idOtovet`) REFERENCES `Otovet` (`idOtovet`) ON DELETE NO ACTION ON UPDATE NO ACTION,
  ADD CONSTRAINT `fk_SRTKPH_PengajuanSRTKPH1` FOREIGN KEY (`PengajuanSRTKPH_idPengajuanSRTKPH`) REFERENCES `PengajuanSRTKPH` (`idPengajuanSRTKPH`) ON DELETE NO ACTION ON UPDATE NO ACTION,
  ADD CONSTRAINT `fk_SRTKPH_Pintu1` FOREIGN KEY (`PintuKeluar`) REFERENCES `Pintu` (`idPintu`) ON DELETE NO ACTION ON UPDATE NO ACTION,
  ADD CONSTRAINT `fk_SRTKPH_Pintu2` FOREIGN KEY (`PintuMasuk`) REFERENCES `Pintu` (`idPintu`) ON DELETE NO ACTION ON UPDATE NO ACTION,
  ADD CONSTRAINT `fk_SRTKPH_SRTMPH1` FOREIGN KEY (`SRTMPH`) REFERENCES `SRTMPH` (`idSRTMPH`) ON DELETE NO ACTION ON UPDATE NO ACTION;

--
-- Ketidakleluasaan untuk tabel `SRTMPH`
--
ALTER TABLE `SRTMPH`
  ADD CONSTRAINT `fk_SRTMPH_Otovet1` FOREIGN KEY (`Otovet_idOtovet`) REFERENCES `Otovet` (`idOtovet`) ON DELETE NO ACTION ON UPDATE NO ACTION,
  ADD CONSTRAINT `fk_SRTMPH_PengajuanSRTMPH1` FOREIGN KEY (`PengajuanSRTMPH_idPengajuanSRTMPH`) REFERENCES `PengajuanSRTMPH` (`idPengajuanSRTMPH`) ON DELETE NO ACTION ON UPDATE NO ACTION,
  ADD CONSTRAINT `fk_SRTMPH_Pintu1` FOREIGN KEY (`PintuMasuk`) REFERENCES `Pintu` (`idPintu`) ON DELETE NO ACTION ON UPDATE NO ACTION;

--
-- Ketidakleluasaan untuk tabel `SuratTugas`
--
ALTER TABLE `SuratTugas`
  ADD CONSTRAINT `fk_SuratTugas_JenisSuratTugas1` FOREIGN KEY (`JenisSuratTugas_idJenisSuratTugas`) REFERENCES `JenisSuratTugas` (`idJenisSuratTugas`) ON DELETE NO ACTION ON UPDATE NO ACTION;

--
-- Ketidakleluasaan untuk tabel `SV`
--
ALTER TABLE `SV`
  ADD CONSTRAINT `fk_SV_Otovet1` FOREIGN KEY (`Otovet_idOtovet`) REFERENCES `Otovet` (`idOtovet`) ON DELETE NO ACTION ON UPDATE NO ACTION,
  ADD CONSTRAINT `fk_SV_PengajuanSV1` FOREIGN KEY (`PengajuanSV_idPengajuanSV`) REFERENCES `PengajuanSV` (`idPengajuanSV`) ON DELETE NO ACTION ON UPDATE NO ACTION;

--
-- Ketidakleluasaan untuk tabel `user`
--
ALTER TABLE `user`
  ADD CONSTRAINT `fk_user_Orang1` FOREIGN KEY (`Orang_idOrang`) REFERENCES `Orang` (`idOrang`) ON DELETE NO ACTION ON UPDATE NO ACTION,
  ADD CONSTRAINT `fk_user_accessRole` FOREIGN KEY (`accessRoleId`) REFERENCES `accessrole` (`id`) ON DELETE NO ACTION ON UPDATE NO ACTION;

--
-- Ketidakleluasaan untuk tabel `userloginlog`
--
ALTER TABLE `userloginlog`
  ADD CONSTRAINT `fk_userLoginLog_user1` FOREIGN KEY (`userId`) REFERENCES `user` (`id`) ON DELETE NO ACTION ON UPDATE NO ACTION;

--
-- Ketidakleluasaan untuk tabel `verifikasiUser`
--
ALTER TABLE `verifikasiUser`
  ADD CONSTRAINT `fk_verifikasiUser_PelakuUsaha1` FOREIGN KEY (`PelakuUsaha`) REFERENCES `PelakuUsaha` (`idPerusahaan`) ON DELETE NO ACTION ON UPDATE NO ACTION,
  ADD CONSTRAINT `fk_verifikasiUser_user1` FOREIGN KEY (`user_id`) REFERENCES `user` (`id`) ON DELETE NO ACTION ON UPDATE NO ACTION;

/*!40101 SET CHARACTER_SET_CLIENT=@OLD_CHARACTER_SET_CLIENT */;
/*!40101 SET CHARACTER_SET_RESULTS=@OLD_CHARACTER_SET_RESULTS */;
/*!40101 SET COLLATION_CONNECTION=@OLD_COLLATION_CONNECTION */;
